ISO-10303-21;
HEADER;
/* Generated by software containing ST-Developer
 * from STEP Tools, Inc. (www.steptools.com) 
 */

FILE_DESCRIPTION(
/* description */ (''),
/* implementation_level */ '2;1');

FILE_NAME(
/* name */ 'Levita Top Shell.f3d.step',
/* time_stamp */ '2026-05-13T14:43:56+05:30',
/* author */ (''),
/* organization */ (''),
/* preprocessor_version */ 'ST-DEVELOPER v20.1',
/* originating_system */ 'Autodesk Translation Framework v15.8.0.0',
/* authorisation */ '');

FILE_SCHEMA (('AUTOMOTIVE_DESIGN { 1 0 10303 214 3 1 1 }'));
ENDSEC;

DATA;
#10=MECHANICAL_DESIGN_GEOMETRIC_PRESENTATION_REPRESENTATION('',(#88,#89,
#90,#91,#92,#93,#94,#95),#7324);
#11=SHAPE_REPRESENTATION_RELATIONSHIP('SRR','None',#7331,#12);
#12=ADVANCED_BREP_SHAPE_REPRESENTATION('',(#96,#97,#98,#99,#100,#101,#102,
#103),#7323);
#13=(
BOUNDED_CURVE()
B_SPLINE_CURVE(3,(#4358,#4359,#4360,#4361,#4362,#4363,#4364,#4365,#4366,
#4367,#4368,#4369,#4370,#4371,#4372,#4373,#4374,#4375,#4376,#4377,#4378,
#4379,#4380,#4381,#4382,#4383,#4384,#4385),.UNSPECIFIED.,.F.,.F.)
B_SPLINE_CURVE_WITH_KNOTS((4,3,3,3,3,3,3,3,3,4),(0.,1.,2.01692986064111,
2.98404933098818,3.90084091175353,6.93771302303877,10.0059772856279,13.1362073944244,
16.1782442584558,27.9407867993773),.UNSPECIFIED.)
CURVE()
GEOMETRIC_REPRESENTATION_ITEM()
RATIONAL_B_SPLINE_CURVE((1.,1.,1.,1.,1.,1.,1.,1.,1.,1.,1.,1.,1.,1.,1.,1.,
1.,1.,1.,1.,1.,1.,1.,1.,1.,1.,1.,1.))
REPRESENTATION_ITEM('')
);
#14=(
BOUNDED_CURVE()
B_SPLINE_CURVE(3,(#4387,#4388,#4389,#4390,#4391,#4392,#4393,#4394,#4395,
#4396,#4397,#4398,#4399,#4400,#4401,#4402,#4403,#4404,#4405,#4406,#4407,
#4408,#4409,#4410,#4411,#4412,#4413,#4414),.UNSPECIFIED.,.F.,.F.)
B_SPLINE_CURVE_WITH_KNOTS((4,3,3,3,3,3,3,3,3,4),(-27.9407867993773,-16.1782442584558,
-13.1362073944244,-10.0059772856279,-6.93771302303877,-3.90084091175353,
-2.98404933098818,-2.01692986064111,-1.,0.),.UNSPECIFIED.)
CURVE()
GEOMETRIC_REPRESENTATION_ITEM()
RATIONAL_B_SPLINE_CURVE((1.,1.,1.,1.,1.,1.,1.,1.,1.,1.,1.,1.,1.,1.,1.,1.,
1.,1.,1.,1.,1.,1.,1.,1.,1.,1.,1.,1.))
REPRESENTATION_ITEM('')
);
#15=(
BOUNDED_CURVE()
B_SPLINE_CURVE(3,(#4469,#4470,#4471,#4472,#4473,#4474,#4475,#4476,#4477,
#4478,#4479,#4480,#4481),.UNSPECIFIED.,.F.,.F.)
B_SPLINE_CURVE_WITH_KNOTS((4,3,3,3,4),(0.,1.,2.00000000000002,3.06443960571194,
4.14418518810737),.UNSPECIFIED.)
CURVE()
GEOMETRIC_REPRESENTATION_ITEM()
RATIONAL_B_SPLINE_CURVE((1.,1.,1.,1.,1.,1.,1.,1.,1.,1.,1.,1.,1.))
REPRESENTATION_ITEM('')
);
#16=(
BOUNDED_CURVE()
B_SPLINE_CURVE(3,(#4483,#4484,#4485,#4486,#4487,#4488,#4489,#4490,#4491,
#4492,#4493,#4494,#4495),.UNSPECIFIED.,.F.,.F.)
B_SPLINE_CURVE_WITH_KNOTS((4,3,3,3,4),(-4.14418518810737,-3.06443960571194,
-2.00000000000002,-1.,0.),.UNSPECIFIED.)
CURVE()
GEOMETRIC_REPRESENTATION_ITEM()
RATIONAL_B_SPLINE_CURVE((1.,1.,1.,1.,1.,1.,1.,1.,1.,1.,1.,1.,1.))
REPRESENTATION_ITEM('')
);
#17=(
BOUNDED_CURVE()
B_SPLINE_CURVE(3,(#4573,#4574,#4575,#4576,#4577,#4578,#4579,#4580,#4581,
#4582,#4583,#4584,#4585),.UNSPECIFIED.,.F.,.F.)
B_SPLINE_CURVE_WITH_KNOTS((4,3,3,3,4),(0.,1.,1.98308172321113,2.49510345405025,
3.00999367641401),.UNSPECIFIED.)
CURVE()
GEOMETRIC_REPRESENTATION_ITEM()
RATIONAL_B_SPLINE_CURVE((1.,1.,1.,1.,1.,1.,1.,1.,1.,1.,1.,1.,1.))
REPRESENTATION_ITEM('')
);
#18=(
BOUNDED_CURVE()
B_SPLINE_CURVE(3,(#4586,#4587,#4588,#4589,#4590,#4591,#4592,#4593,#4594,
#4595,#4596,#4597,#4598),.UNSPECIFIED.,.F.,.F.)
B_SPLINE_CURVE_WITH_KNOTS((4,3,3,3,4),(-3.00999367641401,-2.49510345405025,
-1.98308172321113,-1.,0.),.UNSPECIFIED.)
CURVE()
GEOMETRIC_REPRESENTATION_ITEM()
RATIONAL_B_SPLINE_CURVE((1.,1.,1.,1.,1.,1.,1.,1.,1.,1.,1.,1.,1.))
REPRESENTATION_ITEM('')
);
#19=(
BOUNDED_CURVE()
B_SPLINE_CURVE(3,(#4666,#4667,#4668,#4669,#4670,#4671,#4672,#4673,#4674,
#4675,#4676,#4677,#4678,#4679,#4680,#4681,#4682,#4683,#4684),
 .UNSPECIFIED.,.F.,.F.)
B_SPLINE_CURVE_WITH_KNOTS((4,3,3,3,3,3,4),(0.,1.,1.97450891034114,2.94901782068229,
3.92352673102344,5.69124056838645,7.45895440574946),.UNSPECIFIED.)
CURVE()
GEOMETRIC_REPRESENTATION_ITEM()
RATIONAL_B_SPLINE_CURVE((1.,1.,1.,1.,1.,1.,1.,1.,1.,1.,1.,1.,1.,1.,1.,1.,
1.,1.,1.))
REPRESENTATION_ITEM('')
);
#20=(
BOUNDED_CURVE()
B_SPLINE_CURVE(3,(#4685,#4686,#4687,#4688,#4689,#4690,#4691,#4692,#4693,
#4694,#4695,#4696,#4697,#4698,#4699,#4700,#4701,#4702,#4703),
 .UNSPECIFIED.,.F.,.F.)
B_SPLINE_CURVE_WITH_KNOTS((4,3,3,3,3,3,4),(-7.45895440574946,-5.69124056838645,
-3.92352673102344,-2.94901782068229,-1.97450891034114,-1.,0.),
 .UNSPECIFIED.)
CURVE()
GEOMETRIC_REPRESENTATION_ITEM()
RATIONAL_B_SPLINE_CURVE((1.,1.,1.,1.,1.,1.,1.,1.,1.,1.,1.,1.,1.,1.,1.,1.,
1.,1.,1.))
REPRESENTATION_ITEM('')
);
#21=(
BOUNDED_CURVE()
B_SPLINE_CURVE(3,(#4786,#4787,#4788,#4789,#4790,#4791,#4792,#4793,#4794,
#4795,#4796,#4797,#4798,#4799,#4800,#4801,#4802,#4803,#4804,#4805,#4806,
#4807,#4808,#4809,#4810),.UNSPECIFIED.,.F.,.F.)
B_SPLINE_CURVE_WITH_KNOTS((4,3,3,3,3,3,3,3,4),(0.,1.,2.,3.03313981512516,
4.0762589673839,4.8426322221046,5.6090054768253,6.36267163179022,7.11633778675514),
 .UNSPECIFIED.)
CURVE()
GEOMETRIC_REPRESENTATION_ITEM()
RATIONAL_B_SPLINE_CURVE((1.,1.,1.,1.,1.,1.,1.,1.,1.,1.,1.,1.,1.,1.,1.,1.,
1.,1.,1.,1.,1.,1.,1.,1.,1.))
REPRESENTATION_ITEM('')
);
#22=(
BOUNDED_CURVE()
B_SPLINE_CURVE(3,(#4812,#4813,#4814,#4815,#4816,#4817,#4818,#4819,#4820,
#4821,#4822,#4823,#4824,#4825,#4826,#4827,#4828,#4829,#4830,#4831,#4832,
#4833,#4834,#4835,#4836),.UNSPECIFIED.,.F.,.F.)
B_SPLINE_CURVE_WITH_KNOTS((4,3,3,3,3,3,3,3,4),(-7.11633778675514,-6.36267163179022,
-5.6090054768253,-4.8426322221046,-4.0762589673839,-3.03313981512516,-2.,
-1.,0.),.UNSPECIFIED.)
CURVE()
GEOMETRIC_REPRESENTATION_ITEM()
RATIONAL_B_SPLINE_CURVE((1.,1.,1.,1.,1.,1.,1.,1.,1.,1.,1.,1.,1.,1.,1.,1.,
1.,1.,1.,1.,1.,1.,1.,1.,1.))
REPRESENTATION_ITEM('')
);
#23=(
BOUNDED_CURVE()
B_SPLINE_CURVE(3,(#4982,#4983,#4984,#4985,#4986,#4987,#4988,#4989,#4990,
#4991,#4992,#4993,#4994,#4995,#4996,#4997,#4998,#4999,#5000,#5001,#5002,
#5003,#5004,#5005,#5006,#5007,#5008,#5009,#5010,#5011,#5012,#5013,#5014,
#5015,#5016,#5017,#5018,#5019,#5020,#5021,#5022,#5023,#5024,#5025,#5026,
#5027,#5028,#5029,#5030,#5031,#5032,#5033),.UNSPECIFIED.,.F.,.F.)
B_SPLINE_CURVE_WITH_KNOTS((4,3,3,3,3,3,3,3,3,3,3,3,3,3,3,3,3,4),(0.,1.,
2.09632252413379,3.37536546895655,4.65440841377932,5.90445943731143,7.16187419370624,
8.707875943372,10.2538776930378,11.8155179060684,13.3710692779267,16.7414305836198,
20.149443635654,21.692260355156,23.2006604763809,24.7270084027194,26.253356329058,
26.8583112998629),.UNSPECIFIED.)
CURVE()
GEOMETRIC_REPRESENTATION_ITEM()
RATIONAL_B_SPLINE_CURVE((1.,1.,1.,1.,1.,1.,1.,1.,1.,1.,1.,1.,1.,1.,1.,1.,
1.,1.,1.,1.,1.,1.,1.,1.,1.,1.,1.,1.,1.,1.,1.,1.,1.,1.,1.,1.,1.,1.,1.,1.,
1.,1.,1.,1.,1.,1.,1.,1.,1.,1.,1.,1.))
REPRESENTATION_ITEM('')
);
#24=(
BOUNDED_CURVE()
B_SPLINE_CURVE(3,(#5034,#5035,#5036,#5037,#5038,#5039,#5040,#5041,#5042,
#5043,#5044,#5045,#5046,#5047,#5048,#5049,#5050,#5051,#5052,#5053,#5054,
#5055,#5056,#5057,#5058,#5059,#5060,#5061,#5062,#5063,#5064,#5065,#5066,
#5067,#5068,#5069,#5070,#5071,#5072,#5073,#5074,#5075,#5076,#5077,#5078,
#5079,#5080,#5081,#5082,#5083,#5084,#5085),.UNSPECIFIED.,.F.,.F.)
B_SPLINE_CURVE_WITH_KNOTS((4,3,3,3,3,3,3,3,3,3,3,3,3,3,3,3,3,4),(-26.8583112998629,
-26.253356329058,-24.7270084027194,-23.2006604763809,-21.692260355156,-20.149443635654,
-16.7414305836198,-13.3710692779267,-11.8155179060684,-10.2538776930378,
-8.707875943372,-7.16187419370624,-5.90445943731143,-4.65440841377932,-3.37536546895655,
-2.09632252413379,-1.,0.),.UNSPECIFIED.)
CURVE()
GEOMETRIC_REPRESENTATION_ITEM()
RATIONAL_B_SPLINE_CURVE((1.,1.,1.,1.,1.,1.,1.,1.,1.,1.,1.,1.,1.,1.,1.,1.,
1.,1.,1.,1.,1.,1.,1.,1.,1.,1.,1.,1.,1.,1.,1.,1.,1.,1.,1.,1.,1.,1.,1.,1.,
1.,1.,1.,1.,1.,1.,1.,1.,1.,1.,1.,1.))
REPRESENTATION_ITEM('')
);
#25=(
BOUNDED_CURVE()
B_SPLINE_CURVE(3,(#5193,#5194,#5195,#5196,#5197,#5198,#5199,#5200,#5201,
#5202,#5203,#5204,#5205,#5206,#5207,#5208,#5209,#5210,#5211,#5212,#5213,
#5214,#5215,#5216,#5217,#5218,#5219,#5220,#5221,#5222,#5223,#5224,#5225,
#5226,#5227,#5228,#5229),.UNSPECIFIED.,.T.,.F.)
B_SPLINE_CURVE_WITH_KNOTS((4,3,3,3,3,3,3,3,3,3,3,3,4),(0.,1.,2.32621678139021,
3.661266145115,5.02424707763605,6.38722801015711,8.60207202550384,10.7829676972841,
12.3622369768491,13.9977171638933,15.6331973509375,17.2285542758013,19.2590085438097),
 .UNSPECIFIED.)
CURVE()
GEOMETRIC_REPRESENTATION_ITEM()
RATIONAL_B_SPLINE_CURVE((1.,1.,1.,1.,1.,1.,1.,1.,1.,1.,1.,1.,1.,1.,1.,1.,
1.,1.,1.,1.,1.,1.,1.,1.,1.,1.,1.,1.,1.,1.,1.,1.,1.,1.,1.,1.,1.))
REPRESENTATION_ITEM('')
);
#26=(
BOUNDED_CURVE()
B_SPLINE_CURVE(3,(#5232,#5233,#5234,#5235,#5236,#5237,#5238,#5239,#5240,
#5241,#5242,#5243,#5244,#5245,#5246,#5247,#5248,#5249,#5250,#5251,#5252,
#5253,#5254,#5255,#5256,#5257,#5258,#5259,#5260,#5261,#5262,#5263,#5264,
#5265,#5266,#5267,#5268),.UNSPECIFIED.,.T.,.F.)
B_SPLINE_CURVE_WITH_KNOTS((4,3,3,3,3,3,3,3,3,3,3,3,4),(-19.2590085438097,
-17.2285542758013,-15.6331973509375,-13.9977171638933,-12.3622369768491,
-10.7829676972841,-8.60207202550384,-6.38722801015711,-5.02424707763605,
-3.661266145115,-2.32621678139021,-1.,0.),.UNSPECIFIED.)
CURVE()
GEOMETRIC_REPRESENTATION_ITEM()
RATIONAL_B_SPLINE_CURVE((1.,1.,1.,1.,1.,1.,1.,1.,1.,1.,1.,1.,1.,1.,1.,1.,
1.,1.,1.,1.,1.,1.,1.,1.,1.,1.,1.,1.,1.,1.,1.,1.,1.,1.,1.,1.,1.))
REPRESENTATION_ITEM('')
);
#27=(
BOUNDED_CURVE()
B_SPLINE_CURVE(3,(#5407,#5408,#5409,#5410,#5411,#5412,#5413,#5414,#5415,
#5416,#5417,#5418,#5419,#5420,#5421,#5422,#5423,#5424,#5425,#5426,#5427,
#5428,#5429,#5430,#5431,#5432,#5433,#5434,#5435,#5436,#5437,#5438,#5439,
#5440,#5441,#5442,#5443,#5444,#5445,#5446,#5447,#5448,#5449,#5450,#5451,
#5452,#5453,#5454,#5455),.UNSPECIFIED.,.F.,.F.)
B_SPLINE_CURVE_WITH_KNOTS((4,3,3,3,3,3,3,3,3,3,3,3,3,3,3,3,4),(0.,1.,2.01534616513365,
2.77685578898389,3.55327964615256,4.32970350332119,5.09237785426393,6.03105397850112,
6.98829632902609,7.96051086370234,8.95192888565843,11.6633069608566,12.09893003111,
12.5397221782576,13.0028838631546,13.4728294001316,13.5136942294339),
 .UNSPECIFIED.)
CURVE()
GEOMETRIC_REPRESENTATION_ITEM()
RATIONAL_B_SPLINE_CURVE((1.,1.,1.,1.,1.,1.,1.,1.,1.,1.,1.,1.,1.,1.,1.,1.,
1.,1.,1.,1.,1.,1.,1.,1.,1.,1.,1.,1.,1.,1.,1.,1.,1.,1.,1.,1.,1.,1.,1.,1.,
1.,1.,1.,1.,1.,1.,1.,1.,1.))
REPRESENTATION_ITEM('')
);
#28=(
BOUNDED_CURVE()
B_SPLINE_CURVE(3,(#5459,#5460,#5461,#5462,#5463,#5464,#5465,#5466,#5467,
#5468,#5469,#5470,#5471,#5472,#5473,#5474,#5475,#5476,#5477,#5478,#5479,
#5480,#5481,#5482,#5483,#5484,#5485,#5486,#5487,#5488,#5489,#5490,#5491,
#5492,#5493,#5494,#5495,#5496,#5497,#5498,#5499,#5500,#5501,#5502,#5503,
#5504,#5505,#5506,#5507),.UNSPECIFIED.,.F.,.F.)
B_SPLINE_CURVE_WITH_KNOTS((4,3,3,3,3,3,3,3,3,3,3,3,3,3,3,3,4),(-13.5136942294339,
-13.4728294001316,-13.0028838631546,-12.5397221782576,-12.09893003111,-11.6633069608566,
-8.95192888565843,-7.96051086370234,-6.98829632902609,-6.03105397850112,
-5.09237785426393,-4.32970350332119,-3.55327964615256,-2.77685578898389,
-2.01534616513365,-1.,0.),.UNSPECIFIED.)
CURVE()
GEOMETRIC_REPRESENTATION_ITEM()
RATIONAL_B_SPLINE_CURVE((1.,1.,1.,1.,1.,1.,1.,1.,1.,1.,1.,1.,1.,1.,1.,1.,
1.,1.,1.,1.,1.,1.,1.,1.,1.,1.,1.,1.,1.,1.,1.,1.,1.,1.,1.,1.,1.,1.,1.,1.,
1.,1.,1.,1.,1.,1.,1.,1.,1.))
REPRESENTATION_ITEM('')
);
#29=(
BOUNDED_CURVE()
B_SPLINE_CURVE(3,(#5630,#5631,#5632,#5633,#5634,#5635,#5636,#5637,#5638,
#5639,#5640,#5641,#5642,#5643,#5644,#5645,#5646,#5647,#5648,#5649,#5650,
#5651,#5652,#5653,#5654,#5655,#5656,#5657,#5658,#5659,#5660,#5661,#5662,
#5663),.UNSPECIFIED.,.F.,.F.)
B_SPLINE_CURVE_WITH_KNOTS((4,3,3,3,3,3,3,3,3,3,3,4),(0.,1.,2.0450900031835,
3.13974873581512,4.21211930521978,5.33323399141555,6.41268762972557,7.51088614169282,
8.58628600404149,10.6804857359836,12.8055426237362,13.5811949671161),
 .UNSPECIFIED.)
CURVE()
GEOMETRIC_REPRESENTATION_ITEM()
RATIONAL_B_SPLINE_CURVE((1.,1.,1.,1.,1.,1.,1.,1.,1.,1.,1.,1.,1.,1.,1.,1.,
1.,1.,1.,1.,1.,1.,1.,1.,1.,1.,1.,1.,1.,1.,1.,1.,1.,1.))
REPRESENTATION_ITEM('')
);
#30=(
BOUNDED_CURVE()
B_SPLINE_CURVE(3,(#5665,#5666,#5667,#5668,#5669,#5670,#5671,#5672,#5673,
#5674,#5675,#5676,#5677,#5678,#5679,#5680,#5681,#5682,#5683,#5684,#5685,
#5686,#5687,#5688,#5689,#5690,#5691,#5692,#5693,#5694,#5695,#5696,#5697,
#5698),.UNSPECIFIED.,.F.,.F.)
B_SPLINE_CURVE_WITH_KNOTS((4,3,3,3,3,3,3,3,3,3,3,4),(-13.5811949671161,
-12.8055426237362,-10.6804857359836,-8.58628600404149,-7.51088614169282,
-6.41268762972557,-5.33323399141555,-4.21211930521978,-3.13974873581512,
-2.0450900031835,-1.,0.),.UNSPECIFIED.)
CURVE()
GEOMETRIC_REPRESENTATION_ITEM()
RATIONAL_B_SPLINE_CURVE((1.,1.,1.,1.,1.,1.,1.,1.,1.,1.,1.,1.,1.,1.,1.,1.,
1.,1.,1.,1.,1.,1.,1.,1.,1.,1.,1.,1.,1.,1.,1.,1.,1.,1.))
REPRESENTATION_ITEM('')
);
#31=(
BOUNDED_CURVE()
B_SPLINE_CURVE(3,(#5780,#5781,#5782,#5783,#5784,#5785,#5786,#5787,#5788,
#5789,#5790,#5791,#5792,#5793,#5794,#5795,#5796,#5797,#5798,#5799,#5800,
#5801,#5802,#5803,#5804,#5805,#5806,#5807),.UNSPECIFIED.,.F.,.F.)
B_SPLINE_CURVE_WITH_KNOTS((4,3,3,3,3,3,3,3,3,4),(0.,1.,1.89156626506024,
2.78698195861683,3.73047155234158,4.68928427786373,5.62526812896872,6.59359365499069,
7.59467176896692,8.62583468811049),.UNSPECIFIED.)
CURVE()
GEOMETRIC_REPRESENTATION_ITEM()
RATIONAL_B_SPLINE_CURVE((1.,1.,1.,1.,1.,1.,1.,1.,1.,1.,1.,1.,1.,1.,1.,1.,
1.,1.,1.,1.,1.,1.,1.,1.,1.,1.,1.,1.))
REPRESENTATION_ITEM('')
);
#32=(
BOUNDED_CURVE()
B_SPLINE_CURVE(3,(#5808,#5809,#5810,#5811,#5812,#5813,#5814,#5815,#5816,
#5817,#5818,#5819,#5820,#5821,#5822,#5823,#5824,#5825,#5826,#5827,#5828,
#5829,#5830,#5831,#5832,#5833,#5834,#5835),.UNSPECIFIED.,.F.,.F.)
B_SPLINE_CURVE_WITH_KNOTS((4,3,3,3,3,3,3,3,3,4),(-8.62583468811049,-7.59467176896692,
-6.59359365499069,-5.62526812896872,-4.68928427786373,-3.73047155234158,
-2.78698195861683,-1.89156626506024,-1.,0.),.UNSPECIFIED.)
CURVE()
GEOMETRIC_REPRESENTATION_ITEM()
RATIONAL_B_SPLINE_CURVE((1.,1.,1.,1.,1.,1.,1.,1.,1.,1.,1.,1.,1.,1.,1.,1.,
1.,1.,1.,1.,1.,1.,1.,1.,1.,1.,1.,1.))
REPRESENTATION_ITEM('')
);
#33=(
BOUNDED_CURVE()
B_SPLINE_CURVE(3,(#5880,#5881,#5882,#5883,#5884,#5885,#5886,#5887,#5888,
#5889,#5890,#5891,#5892),.UNSPECIFIED.,.F.,.F.)
B_SPLINE_CURVE_WITH_KNOTS((4,3,3,3,4),(0.,1.,1.93790620522126,2.93443154826894,
3.99693154826912),.UNSPECIFIED.)
CURVE()
GEOMETRIC_REPRESENTATION_ITEM()
RATIONAL_B_SPLINE_CURVE((1.,1.,1.,1.,1.,1.,1.,1.,1.,1.,1.,1.,1.))
REPRESENTATION_ITEM('')
);
#34=(
BOUNDED_CURVE()
B_SPLINE_CURVE(3,(#5896,#5897,#5898,#5899,#5900,#5901,#5902,#5903,#5904,
#5905,#5906,#5907,#5908),.UNSPECIFIED.,.F.,.F.)
B_SPLINE_CURVE_WITH_KNOTS((4,3,3,3,4),(-3.99693154826912,-2.93443154826894,
-1.93790620522126,-1.,0.),.UNSPECIFIED.)
CURVE()
GEOMETRIC_REPRESENTATION_ITEM()
RATIONAL_B_SPLINE_CURVE((1.,1.,1.,1.,1.,1.,1.,1.,1.,1.,1.,1.,1.))
REPRESENTATION_ITEM('')
);
#35=(
BOUNDED_CURVE()
B_SPLINE_CURVE(3,(#6014,#6015,#6016,#6017,#6018,#6019,#6020,#6021,#6022,
#6023,#6024,#6025,#6026,#6027,#6028,#6029,#6030,#6031,#6032,#6033,#6034,
#6035,#6036,#6037,#6038,#6039,#6040,#6041,#6042,#6043,#6044,#6045,#6046,
#6047,#6048,#6049,#6050),.UNSPECIFIED.,.F.,.F.)
B_SPLINE_CURVE_WITH_KNOTS((4,3,3,3,3,3,3,3,3,3,3,3,4),(0.,1.,2.00000000000001,
2.96,3.86995722638275,4.73560225507396,5.56455057336346,6.3447372258712,
7.15946195875696,8.01589228946993,8.93731510980836,9.89713054766091,10.8362681657196),
 .UNSPECIFIED.)
CURVE()
GEOMETRIC_REPRESENTATION_ITEM()
RATIONAL_B_SPLINE_CURVE((1.,1.,1.,1.,1.,1.,1.,1.,1.,1.,1.,1.,1.,1.,1.,1.,
1.,1.,1.,1.,1.,1.,1.,1.,1.,1.,1.,1.,1.,1.,1.,1.,1.,1.,1.,1.,1.))
REPRESENTATION_ITEM('')
);
#36=(
BOUNDED_CURVE()
B_SPLINE_CURVE(3,(#6051,#6052,#6053,#6054,#6055,#6056,#6057,#6058,#6059,
#6060,#6061,#6062,#6063,#6064,#6065,#6066,#6067,#6068,#6069,#6070,#6071,
#6072,#6073,#6074,#6075,#6076,#6077,#6078,#6079,#6080,#6081,#6082,#6083,
#6084,#6085,#6086,#6087),.UNSPECIFIED.,.F.,.F.)
B_SPLINE_CURVE_WITH_KNOTS((4,3,3,3,3,3,3,3,3,3,3,3,4),(-10.8362681657196,
-9.89713054766091,-8.93731510980836,-8.01589228946993,-7.15946195875696,
-6.3447372258712,-5.56455057336346,-4.73560225507396,-3.86995722638275,
-2.96,-2.00000000000001,-1.,0.),.UNSPECIFIED.)
CURVE()
GEOMETRIC_REPRESENTATION_ITEM()
RATIONAL_B_SPLINE_CURVE((1.,1.,1.,1.,1.,1.,1.,1.,1.,1.,1.,1.,1.,1.,1.,1.,
1.,1.,1.,1.,1.,1.,1.,1.,1.,1.,1.,1.,1.,1.,1.,1.,1.,1.,1.,1.,1.))
REPRESENTATION_ITEM('')
);
#37=(
BOUNDED_CURVE()
B_SPLINE_CURVE(3,(#6148,#6149,#6150,#6151,#6152,#6153,#6154,#6155,#6156,
#6157,#6158,#6159,#6160,#6161,#6162,#6163),.UNSPECIFIED.,.F.,.F.)
B_SPLINE_CURVE_WITH_KNOTS((4,3,3,3,3,4),(0.,1.,2.0210057934158,3.0895968248459,
4.1005128447865,4.18841858565089),.UNSPECIFIED.)
CURVE()
GEOMETRIC_REPRESENTATION_ITEM()
RATIONAL_B_SPLINE_CURVE((1.,1.,1.,1.,1.,1.,1.,1.,1.,1.,1.,1.,1.,1.,1.,1.))
REPRESENTATION_ITEM('')
);
#38=(
BOUNDED_CURVE()
B_SPLINE_CURVE(3,(#6165,#6166,#6167,#6168,#6169,#6170,#6171,#6172,#6173,
#6174,#6175,#6176,#6177,#6178,#6179,#6180),.UNSPECIFIED.,.F.,.F.)
B_SPLINE_CURVE_WITH_KNOTS((4,3,3,3,3,4),(-4.18841858565089,-4.1005128447865,
-3.0895968248459,-2.0210057934158,-1.,0.),.UNSPECIFIED.)
CURVE()
GEOMETRIC_REPRESENTATION_ITEM()
RATIONAL_B_SPLINE_CURVE((1.,1.,1.,1.,1.,1.,1.,1.,1.,1.,1.,1.,1.,1.,1.,1.))
REPRESENTATION_ITEM('')
);
#39=(
BOUNDED_CURVE()
B_SPLINE_CURVE(3,(#6249,#6250,#6251,#6252,#6253,#6254,#6255,#6256,#6257,
#6258,#6259,#6260,#6261,#6262,#6263,#6264),.UNSPECIFIED.,.F.,.F.)
B_SPLINE_CURVE_WITH_KNOTS((4,3,3,3,3,4),(0.,1.,1.94021274188345,2.85144642256541,
3.75567435872649,4.12915981061911),.UNSPECIFIED.)
CURVE()
GEOMETRIC_REPRESENTATION_ITEM()
RATIONAL_B_SPLINE_CURVE((1.,1.,1.,1.,1.,1.,1.,1.,1.,1.,1.,1.,1.,1.,1.,1.))
REPRESENTATION_ITEM('')
);
#40=(
BOUNDED_CURVE()
B_SPLINE_CURVE(3,(#6266,#6267,#6268,#6269,#6270,#6271,#6272,#6273,#6274,
#6275,#6276,#6277,#6278,#6279,#6280,#6281),.UNSPECIFIED.,.F.,.F.)
B_SPLINE_CURVE_WITH_KNOTS((4,3,3,3,3,4),(-4.12915981061911,-3.75567435872649,
-2.85144642256541,-1.94021274188345,-1.,0.),.UNSPECIFIED.)
CURVE()
GEOMETRIC_REPRESENTATION_ITEM()
RATIONAL_B_SPLINE_CURVE((1.,1.,1.,1.,1.,1.,1.,1.,1.,1.,1.,1.,1.,1.,1.,1.))
REPRESENTATION_ITEM('')
);
#41=(
BOUNDED_CURVE()
B_SPLINE_CURVE(3,(#6349,#6350,#6351,#6352,#6353,#6354,#6355,#6356,#6357,
#6358,#6359,#6360,#6361,#6362,#6363,#6364),.UNSPECIFIED.,.F.,.F.)
B_SPLINE_CURVE_WITH_KNOTS((4,3,3,3,3,4),(0.,1.,3.42105263157894,5.96055623620937,
8.45443630117232,10.8970082053135),.UNSPECIFIED.)
CURVE()
GEOMETRIC_REPRESENTATION_ITEM()
RATIONAL_B_SPLINE_CURVE((1.,1.,1.,1.,1.,1.,1.,1.,1.,1.,1.,1.,1.,1.,1.,1.))
REPRESENTATION_ITEM('')
);
#42=(
BOUNDED_CURVE()
B_SPLINE_CURVE(3,(#6365,#6366,#6367,#6368,#6369,#6370,#6371,#6372,#6373,
#6374,#6375,#6376,#6377,#6378,#6379,#6380),.UNSPECIFIED.,.F.,.F.)
B_SPLINE_CURVE_WITH_KNOTS((4,3,3,3,3,4),(-10.8970082053135,-8.45443630117232,
-5.96055623620937,-3.42105263157894,-1.,0.),.UNSPECIFIED.)
CURVE()
GEOMETRIC_REPRESENTATION_ITEM()
RATIONAL_B_SPLINE_CURVE((1.,1.,1.,1.,1.,1.,1.,1.,1.,1.,1.,1.,1.,1.,1.,1.))
REPRESENTATION_ITEM('')
);
#43=(
BOUNDED_CURVE()
B_SPLINE_CURVE(3,(#6453,#6454,#6455,#6456,#6457,#6458,#6459,#6460,#6461,
#6462,#6463,#6464,#6465,#6466,#6467,#6468),.UNSPECIFIED.,.F.,.F.)
B_SPLINE_CURVE_WITH_KNOTS((4,3,3,3,3,4),(0.,1.,5.66666666666661,10.1939983340114,
11.7462263342439,13.4635265409637),.UNSPECIFIED.)
CURVE()
GEOMETRIC_REPRESENTATION_ITEM()
RATIONAL_B_SPLINE_CURVE((1.,1.,1.,1.,1.,1.,1.,1.,1.,1.,1.,1.,1.,1.,1.,1.))
REPRESENTATION_ITEM('')
);
#44=(
BOUNDED_CURVE()
B_SPLINE_CURVE(3,(#6470,#6471,#6472,#6473,#6474,#6475,#6476,#6477,#6478,
#6479,#6480,#6481,#6482,#6483,#6484,#6485),.UNSPECIFIED.,.F.,.F.)
B_SPLINE_CURVE_WITH_KNOTS((4,3,3,3,3,4),(-13.4635265409637,-11.7462263342439,
-10.1939983340114,-5.66666666666661,-1.,0.),.UNSPECIFIED.)
CURVE()
GEOMETRIC_REPRESENTATION_ITEM()
RATIONAL_B_SPLINE_CURVE((1.,1.,1.,1.,1.,1.,1.,1.,1.,1.,1.,1.,1.,1.,1.,1.))
REPRESENTATION_ITEM('')
);
#45=(
BOUNDED_CURVE()
B_SPLINE_CURVE(3,(#6534,#6535,#6536,#6537,#6538,#6539,#6540,#6541,#6542,
#6543,#6544,#6545,#6546),.UNSPECIFIED.,.F.,.F.)
B_SPLINE_CURVE_WITH_KNOTS((4,3,3,3,4),(0.,1.,2.04144068409177,3.12737129099943,
4.26465900468688),.UNSPECIFIED.)
CURVE()
GEOMETRIC_REPRESENTATION_ITEM()
RATIONAL_B_SPLINE_CURVE((1.,1.,1.,1.,1.,1.,1.,1.,1.,1.,1.,1.,1.))
REPRESENTATION_ITEM('')
);
#46=(
BOUNDED_CURVE()
B_SPLINE_CURVE(3,(#6548,#6549,#6550,#6551,#6552,#6553,#6554,#6555,#6556,
#6557,#6558,#6559,#6560),.UNSPECIFIED.,.F.,.F.)
B_SPLINE_CURVE_WITH_KNOTS((4,3,3,3,4),(-4.26465900468688,-3.12737129099943,
-2.04144068409177,-1.,0.),.UNSPECIFIED.)
CURVE()
GEOMETRIC_REPRESENTATION_ITEM()
RATIONAL_B_SPLINE_CURVE((1.,1.,1.,1.,1.,1.,1.,1.,1.,1.,1.,1.,1.))
REPRESENTATION_ITEM('')
);
#47=(
BOUNDED_CURVE()
B_SPLINE_CURVE(3,(#6609,#6610,#6611,#6612,#6613,#6614,#6615,#6616,#6617,
#6618,#6619,#6620,#6621),.UNSPECIFIED.,.F.,.F.)
B_SPLINE_CURVE_WITH_KNOTS((4,3,3,3,4),(0.,1.,1.96130883235492,2.91077613150382,
3.84844136596837),.UNSPECIFIED.)
CURVE()
GEOMETRIC_REPRESENTATION_ITEM()
RATIONAL_B_SPLINE_CURVE((1.,1.,1.,1.,1.,1.,1.,1.,1.,1.,1.,1.,1.))
REPRESENTATION_ITEM('')
);
#48=(
BOUNDED_CURVE()
B_SPLINE_CURVE(3,(#6623,#6624,#6625,#6626,#6627,#6628,#6629,#6630,#6631,
#6632,#6633,#6634,#6635),.UNSPECIFIED.,.F.,.F.)
B_SPLINE_CURVE_WITH_KNOTS((4,3,3,3,4),(-3.84844136596837,-2.91077613150382,
-1.96130883235492,-1.,0.),.UNSPECIFIED.)
CURVE()
GEOMETRIC_REPRESENTATION_ITEM()
RATIONAL_B_SPLINE_CURVE((1.,1.,1.,1.,1.,1.,1.,1.,1.,1.,1.,1.,1.))
REPRESENTATION_ITEM('')
);
#49=(
BOUNDED_CURVE()
B_SPLINE_CURVE(3,(#6692,#6693,#6694,#6695,#6696,#6697,#6698,#6699,#6700,
#6701,#6702,#6703,#6704,#6705,#6706,#6707),.UNSPECIFIED.,.F.,.F.)
B_SPLINE_CURVE_WITH_KNOTS((4,3,3,3,3,4),(0.,1.,2.07814338675014,5.31257354700057,
8.54700370725109,8.8985722029305),.UNSPECIFIED.)
CURVE()
GEOMETRIC_REPRESENTATION_ITEM()
RATIONAL_B_SPLINE_CURVE((1.,1.,1.,1.,1.,1.,1.,1.,1.,1.,1.,1.,1.,1.,1.,1.))
REPRESENTATION_ITEM('')
);
#50=(
BOUNDED_CURVE()
B_SPLINE_CURVE(3,(#6709,#6710,#6711,#6712,#6713,#6714,#6715,#6716,#6717,
#6718,#6719,#6720,#6721,#6722,#6723,#6724),.UNSPECIFIED.,.F.,.F.)
B_SPLINE_CURVE_WITH_KNOTS((4,3,3,3,3,4),(-8.8985722029305,-8.54700370725109,
-5.31257354700057,-2.07814338675014,-1.,0.),.UNSPECIFIED.)
CURVE()
GEOMETRIC_REPRESENTATION_ITEM()
RATIONAL_B_SPLINE_CURVE((1.,1.,1.,1.,1.,1.,1.,1.,1.,1.,1.,1.,1.,1.,1.,1.))
REPRESENTATION_ITEM('')
);
#51=(
BOUNDED_CURVE()
B_SPLINE_CURVE(3,(#6793,#6794,#6795,#6796,#6797,#6798,#6799,#6800,#6801,
#6802,#6803,#6804,#6805,#6806,#6807,#6808),.UNSPECIFIED.,.F.,.F.)
B_SPLINE_CURVE_WITH_KNOTS((4,3,3,3,3,4),(0.,1.,3.4705882352941,5.9930731366743,
8.41273828122725,10.7867657696097),.UNSPECIFIED.)
CURVE()
GEOMETRIC_REPRESENTATION_ITEM()
RATIONAL_B_SPLINE_CURVE((1.,1.,1.,1.,1.,1.,1.,1.,1.,1.,1.,1.,1.,1.,1.,1.))
REPRESENTATION_ITEM('')
);
#52=(
BOUNDED_CURVE()
B_SPLINE_CURVE(3,(#6810,#6811,#6812,#6813,#6814,#6815,#6816,#6817,#6818,
#6819,#6820,#6821,#6822,#6823,#6824,#6825),.UNSPECIFIED.,.F.,.F.)
B_SPLINE_CURVE_WITH_KNOTS((4,3,3,3,3,4),(-10.7867657696097,-8.41273828122725,
-5.9930731366743,-3.4705882352941,-1.,0.),.UNSPECIFIED.)
CURVE()
GEOMETRIC_REPRESENTATION_ITEM()
RATIONAL_B_SPLINE_CURVE((1.,1.,1.,1.,1.,1.,1.,1.,1.,1.,1.,1.,1.,1.,1.,1.))
REPRESENTATION_ITEM('')
);
#53=(
BOUNDED_CURVE()
B_SPLINE_CURVE(3,(#6893,#6894,#6895,#6896,#6897,#6898,#6899,#6900,#6901,
#6902,#6903,#6904,#6905,#6906,#6907,#6908),.UNSPECIFIED.,.F.,.F.)
B_SPLINE_CURVE_WITH_KNOTS((4,3,3,3,3,4),(0.,1.,2.03217470196893,2.96811428654846,
3.89036122695394,3.98258592099447),.UNSPECIFIED.)
CURVE()
GEOMETRIC_REPRESENTATION_ITEM()
RATIONAL_B_SPLINE_CURVE((1.,1.,1.,1.,1.,1.,1.,1.,1.,1.,1.,1.,1.,1.,1.,1.))
REPRESENTATION_ITEM('')
);
#54=(
BOUNDED_CURVE()
B_SPLINE_CURVE(3,(#6909,#6910,#6911,#6912,#6913,#6914,#6915,#6916,#6917,
#6918,#6919,#6920,#6921,#6922,#6923,#6924),.UNSPECIFIED.,.F.,.F.)
B_SPLINE_CURVE_WITH_KNOTS((4,3,3,3,3,4),(-3.98258592099447,-3.89036122695394,
-2.96811428654846,-2.03217470196893,-1.,0.),.UNSPECIFIED.)
CURVE()
GEOMETRIC_REPRESENTATION_ITEM()
RATIONAL_B_SPLINE_CURVE((1.,1.,1.,1.,1.,1.,1.,1.,1.,1.,1.,1.,1.,1.,1.,1.))
REPRESENTATION_ITEM('')
);
#55=(
BOUNDED_CURVE()
B_SPLINE_CURVE(3,(#6985,#6986,#6987,#6988,#6989,#6990,#6991,#6992,#6993,
#6994,#6995,#6996,#6997,#6998,#6999,#7000),.UNSPECIFIED.,.F.,.F.)
B_SPLINE_CURVE_WITH_KNOTS((4,3,3,3,3,4),(0.,1.,3.55555555555555,6.1309109520749,
8.90465360151487,11.7981807924387),.UNSPECIFIED.)
CURVE()
GEOMETRIC_REPRESENTATION_ITEM()
RATIONAL_B_SPLINE_CURVE((1.,1.,1.,1.,1.,1.,1.,1.,1.,1.,1.,1.,1.,1.,1.,1.))
REPRESENTATION_ITEM('')
);
#56=(
BOUNDED_CURVE()
B_SPLINE_CURVE(3,(#7002,#7003,#7004,#7005,#7006,#7007,#7008,#7009,#7010,
#7011,#7012,#7013,#7014,#7015,#7016,#7017),.UNSPECIFIED.,.F.,.F.)
B_SPLINE_CURVE_WITH_KNOTS((4,3,3,3,3,4),(-11.7981807924387,-8.90465360151487,
-6.1309109520749,-3.55555555555555,-1.,0.),.UNSPECIFIED.)
CURVE()
GEOMETRIC_REPRESENTATION_ITEM()
RATIONAL_B_SPLINE_CURVE((1.,1.,1.,1.,1.,1.,1.,1.,1.,1.,1.,1.,1.,1.,1.,1.))
REPRESENTATION_ITEM('')
);
#57=(
BOUNDED_CURVE()
B_SPLINE_CURVE(3,(#7074,#7075,#7076,#7077,#7078,#7079,#7080,#7081,#7082,
#7083,#7084,#7085,#7086,#7087,#7088,#7089),.UNSPECIFIED.,.F.,.F.)
B_SPLINE_CURVE_WITH_KNOTS((4,3,3,3,3,4),(0.,1.,1.95860258653883,2.84864274396244,
3.73184009685811,4.07743906103468),.UNSPECIFIED.)
CURVE()
GEOMETRIC_REPRESENTATION_ITEM()
RATIONAL_B_SPLINE_CURVE((1.,1.,1.,1.,1.,1.,1.,1.,1.,1.,1.,1.,1.,1.,1.,1.))
REPRESENTATION_ITEM('')
);
#58=(
BOUNDED_CURVE()
B_SPLINE_CURVE(3,(#7091,#7092,#7093,#7094,#7095,#7096,#7097,#7098,#7099,
#7100,#7101,#7102,#7103,#7104,#7105,#7106),.UNSPECIFIED.,.F.,.F.)
B_SPLINE_CURVE_WITH_KNOTS((4,3,3,3,3,4),(-4.07743906103468,-3.73184009685811,
-2.84864274396244,-1.95860258653883,-1.,0.),.UNSPECIFIED.)
CURVE()
GEOMETRIC_REPRESENTATION_ITEM()
RATIONAL_B_SPLINE_CURVE((1.,1.,1.,1.,1.,1.,1.,1.,1.,1.,1.,1.,1.,1.,1.,1.))
REPRESENTATION_ITEM('')
);
#59=(
BOUNDED_CURVE()
B_SPLINE_CURVE(3,(#7175,#7176,#7177,#7178,#7179,#7180,#7181,#7182,#7183,
#7184,#7185,#7186,#7187,#7188,#7189,#7190),.UNSPECIFIED.,.F.,.F.)
B_SPLINE_CURVE_WITH_KNOTS((4,3,3,3,3,4),(0.,1.,3.55555555555556,6.11111111111114,
8.78577149462558,11.46043187814),.UNSPECIFIED.)
CURVE()
GEOMETRIC_REPRESENTATION_ITEM()
RATIONAL_B_SPLINE_CURVE((1.,1.,1.,1.,1.,1.,1.,1.,1.,1.,1.,1.,1.,1.,1.,1.))
REPRESENTATION_ITEM('')
);
#60=(
BOUNDED_CURVE()
B_SPLINE_CURVE(3,(#7192,#7193,#7194,#7195,#7196,#7197,#7198,#7199,#7200,
#7201,#7202,#7203,#7204,#7205,#7206,#7207),.UNSPECIFIED.,.F.,.F.)
B_SPLINE_CURVE_WITH_KNOTS((4,3,3,3,3,4),(-11.46043187814,-8.78577149462558,
-6.11111111111114,-3.55555555555556,-1.,0.),.UNSPECIFIED.)
CURVE()
GEOMETRIC_REPRESENTATION_ITEM()
RATIONAL_B_SPLINE_CURVE((1.,1.,1.,1.,1.,1.,1.,1.,1.,1.,1.,1.,1.,1.,1.,1.))
REPRESENTATION_ITEM('')
);
#61=(
BOUNDED_CURVE()
B_SPLINE_CURVE(3,(#7270,#7271,#7272,#7273,#7274,#7275,#7276,#7277,#7278,
#7279,#7280,#7281,#7282,#7283,#7284,#7285),.UNSPECIFIED.,.F.,.F.)
B_SPLINE_CURVE_WITH_KNOTS((4,3,3,3,3,4),(0.,1.,1.99999999999998,3.02750631665658,
4.02799195864731,6.41455651408803),.UNSPECIFIED.)
CURVE()
GEOMETRIC_REPRESENTATION_ITEM()
RATIONAL_B_SPLINE_CURVE((1.,1.,1.,1.,1.,1.,1.,1.,1.,1.,1.,1.,1.,1.,1.,1.))
REPRESENTATION_ITEM('')
);
#62=(
BOUNDED_CURVE()
B_SPLINE_CURVE(3,(#7287,#7288,#7289,#7290,#7291,#7292,#7293,#7294,#7295,
#7296,#7297,#7298,#7299,#7300,#7301,#7302),.UNSPECIFIED.,.F.,.F.)
B_SPLINE_CURVE_WITH_KNOTS((4,3,3,3,3,4),(-6.41455651408803,-4.02799195864731,
-3.02750631665658,-1.99999999999998,-1.,0.),.UNSPECIFIED.)
CURVE()
GEOMETRIC_REPRESENTATION_ITEM()
RATIONAL_B_SPLINE_CURVE((1.,1.,1.,1.,1.,1.,1.,1.,1.,1.,1.,1.,1.,1.,1.,1.))
REPRESENTATION_ITEM('')
);
#63=B_SPLINE_SURFACE_WITH_KNOTS('',3,3,((#4277,#4278,#4279,#4280),(#4281,
#4282,#4283,#4284),(#4285,#4286,#4287,#4288),(#4289,#4290,#4291,#4292),
(#4293,#4294,#4295,#4296),(#4297,#4298,#4299,#4300),(#4301,#4302,#4303,
#4304),(#4305,#4306,#4307,#4308),(#4309,#4310,#4311,#4312),(#4313,#4314,
#4315,#4316),(#4317,#4318,#4319,#4320),(#4321,#4322,#4323,#4324),(#4325,
#4326,#4327,#4328),(#4329,#4330,#4331,#4332),(#4333,#4334,#4335,#4336),
(#4337,#4338,#4339,#4340),(#4341,#4342,#4343,#4344),(#4345,#4346,#4347,
#4348),(#4349,#4350,#4351,#4352),(#4353,#4354,#4355,#4356)),
 .UNSPECIFIED.,.F.,.F.,.F.,(4,2,2,2,2,2,2,2,2,4),(4,4),(-27.9407867993773,
-16.1782442584558,-13.1362073944244,-10.0059772856279,-6.93771302303877,
-3.90084091175353,-2.98404933098818,-2.01692986064111,-1.,0.),(0.,0.1),
 .UNSPECIFIED.);
#64=B_SPLINE_SURFACE_WITH_KNOTS('',3,3,((#4428,#4429,#4430,#4431),(#4432,
#4433,#4434,#4435),(#4436,#4437,#4438,#4439),(#4440,#4441,#4442,#4443),
(#4444,#4445,#4446,#4447),(#4448,#4449,#4450,#4451),(#4452,#4453,#4454,
#4455),(#4456,#4457,#4458,#4459),(#4460,#4461,#4462,#4463),(#4464,#4465,
#4466,#4467)),.UNSPECIFIED.,.F.,.F.,.F.,(4,2,2,2,4),(4,4),(-4.14418518810737,
-3.06443960571194,-2.00000000000002,-1.,0.),(0.,0.1),.UNSPECIFIED.);
#65=B_SPLINE_SURFACE_WITH_KNOTS('',3,3,((#4533,#4534,#4535,#4536),(#4537,
#4538,#4539,#4540),(#4541,#4542,#4543,#4544),(#4545,#4546,#4547,#4548),
(#4549,#4550,#4551,#4552),(#4553,#4554,#4555,#4556),(#4557,#4558,#4559,
#4560),(#4561,#4562,#4563,#4564),(#4565,#4566,#4567,#4568),(#4569,#4570,
#4571,#4572)),.UNSPECIFIED.,.F.,.F.,.F.,(4,2,2,2,4),(4,4),(-3.00999367641401,
-2.49510345405025,-1.98308172321113,-1.,0.),(0.,0.1),.UNSPECIFIED.);
#66=B_SPLINE_SURFACE_WITH_KNOTS('',3,3,((#4610,#4611,#4612,#4613),(#4614,
#4615,#4616,#4617),(#4618,#4619,#4620,#4621),(#4622,#4623,#4624,#4625),
(#4626,#4627,#4628,#4629),(#4630,#4631,#4632,#4633),(#4634,#4635,#4636,
#4637),(#4638,#4639,#4640,#4641),(#4642,#4643,#4644,#4645),(#4646,#4647,
#4648,#4649),(#4650,#4651,#4652,#4653),(#4654,#4655,#4656,#4657),(#4658,
#4659,#4660,#4661),(#4662,#4663,#4664,#4665)),.UNSPECIFIED.,.F.,.F.,.F.,
(4,2,2,2,2,2,4),(4,4),(0.,1.,1.97450891034114,2.94901782068229,3.92352673102344,
5.69124056838645,7.45895440574946),(0.,0.1),.UNSPECIFIED.);
#67=B_SPLINE_SURFACE_WITH_KNOTS('',3,3,((#4713,#4714,#4715,#4716),(#4717,
#4718,#4719,#4720),(#4721,#4722,#4723,#4724),(#4725,#4726,#4727,#4728),
(#4729,#4730,#4731,#4732),(#4733,#4734,#4735,#4736),(#4737,#4738,#4739,
#4740),(#4741,#4742,#4743,#4744),(#4745,#4746,#4747,#4748),(#4749,#4750,
#4751,#4752),(#4753,#4754,#4755,#4756),(#4757,#4758,#4759,#4760),(#4761,
#4762,#4763,#4764),(#4765,#4766,#4767,#4768),(#4769,#4770,#4771,#4772),
(#4773,#4774,#4775,#4776),(#4777,#4778,#4779,#4780),(#4781,#4782,#4783,
#4784)),.UNSPECIFIED.,.F.,.F.,.F.,(4,2,2,2,2,2,2,2,4),(4,4),(-7.11633778675514,
-6.36267163179022,-5.6090054768253,-4.8426322221046,-4.0762589673839,-3.03313981512516,
-2.,-1.,0.),(0.,0.1),.UNSPECIFIED.);
#68=B_SPLINE_SURFACE_WITH_KNOTS('',3,3,((#4838,#4839,#4840,#4841),(#4842,
#4843,#4844,#4845),(#4846,#4847,#4848,#4849),(#4850,#4851,#4852,#4853),
(#4854,#4855,#4856,#4857),(#4858,#4859,#4860,#4861),(#4862,#4863,#4864,
#4865),(#4866,#4867,#4868,#4869),(#4870,#4871,#4872,#4873),(#4874,#4875,
#4876,#4877),(#4878,#4879,#4880,#4881),(#4882,#4883,#4884,#4885),(#4886,
#4887,#4888,#4889),(#4890,#4891,#4892,#4893),(#4894,#4895,#4896,#4897),
(#4898,#4899,#4900,#4901),(#4902,#4903,#4904,#4905),(#4906,#4907,#4908,
#4909),(#4910,#4911,#4912,#4913),(#4914,#4915,#4916,#4917),(#4918,#4919,
#4920,#4921),(#4922,#4923,#4924,#4925),(#4926,#4927,#4928,#4929),(#4930,
#4931,#4932,#4933),(#4934,#4935,#4936,#4937),(#4938,#4939,#4940,#4941),
(#4942,#4943,#4944,#4945),(#4946,#4947,#4948,#4949),(#4950,#4951,#4952,
#4953),(#4954,#4955,#4956,#4957),(#4958,#4959,#4960,#4961),(#4962,#4963,
#4964,#4965),(#4966,#4967,#4968,#4969),(#4970,#4971,#4972,#4973),(#4974,
#4975,#4976,#4977),(#4978,#4979,#4980,#4981)),.UNSPECIFIED.,.F.,.F.,.F.,
(4,2,2,2,2,2,2,2,2,2,2,2,2,2,2,2,2,4),(4,4),(-26.8583112998629,-26.253356329058,
-24.7270084027194,-23.2006604763809,-21.692260355156,-20.149443635654,-16.7414305836198,
-13.3710692779267,-11.8155179060684,-10.2538776930378,-8.707875943372,-7.16187419370624,
-5.90445943731143,-4.65440841377932,-3.37536546895655,-2.09632252413379,
-1.,0.),(0.,0.1),.UNSPECIFIED.);
#69=B_SPLINE_SURFACE_WITH_KNOTS('',3,3,((#5088,#5089,#5090,#5091),(#5092,
#5093,#5094,#5095),(#5096,#5097,#5098,#5099),(#5100,#5101,#5102,#5103),
(#5104,#5105,#5106,#5107),(#5108,#5109,#5110,#5111),(#5112,#5113,#5114,
#5115),(#5116,#5117,#5118,#5119),(#5120,#5121,#5122,#5123),(#5124,#5125,
#5126,#5127),(#5128,#5129,#5130,#5131),(#5132,#5133,#5134,#5135),(#5136,
#5137,#5138,#5139),(#5140,#5141,#5142,#5143),(#5144,#5145,#5146,#5147),
(#5148,#5149,#5150,#5151),(#5152,#5153,#5154,#5155),(#5156,#5157,#5158,
#5159),(#5160,#5161,#5162,#5163),(#5164,#5165,#5166,#5167),(#5168,#5169,
#5170,#5171),(#5172,#5173,#5174,#5175),(#5176,#5177,#5178,#5179),(#5180,
#5181,#5182,#5183),(#5184,#5185,#5186,#5187),(#5188,#5189,#5190,#5191)),
 .UNSPECIFIED.,.T.,.F.,.F.,(4,2,2,2,2,2,2,2,2,2,2,2,4),(4,4),(0.,1.,2.32621678139021,
3.661266145115,5.02424707763605,6.38722801015711,8.60207202550384,10.7829676972841,
12.3622369768491,13.9977171638933,15.6331973509375,17.2285542758013,19.2590085438097),
(0.,0.1),.UNSPECIFIED.);
#70=B_SPLINE_SURFACE_WITH_KNOTS('',3,3,((#5269,#5270,#5271,#5272),(#5273,
#5274,#5275,#5276),(#5277,#5278,#5279,#5280),(#5281,#5282,#5283,#5284),
(#5285,#5286,#5287,#5288),(#5289,#5290,#5291,#5292),(#5293,#5294,#5295,
#5296),(#5297,#5298,#5299,#5300),(#5301,#5302,#5303,#5304),(#5305,#5306,
#5307,#5308),(#5309,#5310,#5311,#5312),(#5313,#5314,#5315,#5316),(#5317,
#5318,#5319,#5320),(#5321,#5322,#5323,#5324),(#5325,#5326,#5327,#5328),
(#5329,#5330,#5331,#5332),(#5333,#5334,#5335,#5336),(#5337,#5338,#5339,
#5340),(#5341,#5342,#5343,#5344),(#5345,#5346,#5347,#5348),(#5349,#5350,
#5351,#5352),(#5353,#5354,#5355,#5356),(#5357,#5358,#5359,#5360),(#5361,
#5362,#5363,#5364),(#5365,#5366,#5367,#5368),(#5369,#5370,#5371,#5372),
(#5373,#5374,#5375,#5376),(#5377,#5378,#5379,#5380),(#5381,#5382,#5383,
#5384),(#5385,#5386,#5387,#5388),(#5389,#5390,#5391,#5392),(#5393,#5394,
#5395,#5396),(#5397,#5398,#5399,#5400),(#5401,#5402,#5403,#5404)),
 .UNSPECIFIED.,.F.,.F.,.F.,(4,2,2,2,2,2,2,2,2,2,2,2,2,2,2,2,4),(4,4),(-13.5136942294339,
-13.4728294001316,-13.0028838631546,-12.5397221782576,-12.09893003111,-11.6633069608566,
-8.95192888565843,-7.96051086370234,-6.98829632902609,-6.03105397850112,
-5.09237785426393,-4.32970350332119,-3.55327964615256,-2.77685578898389,
-2.01534616513365,-1.,0.),(0.,0.1),.UNSPECIFIED.);
#71=B_SPLINE_SURFACE_WITH_KNOTS('',3,3,((#5533,#5534,#5535,#5536),(#5537,
#5538,#5539,#5540),(#5541,#5542,#5543,#5544),(#5545,#5546,#5547,#5548),
(#5549,#5550,#5551,#5552),(#5553,#5554,#5555,#5556),(#5557,#5558,#5559,
#5560),(#5561,#5562,#5563,#5564),(#5565,#5566,#5567,#5568),(#5569,#5570,
#5571,#5572),(#5573,#5574,#5575,#5576),(#5577,#5578,#5579,#5580),(#5581,
#5582,#5583,#5584),(#5585,#5586,#5587,#5588),(#5589,#5590,#5591,#5592),
(#5593,#5594,#5595,#5596),(#5597,#5598,#5599,#5600),(#5601,#5602,#5603,
#5604),(#5605,#5606,#5607,#5608),(#5609,#5610,#5611,#5612),(#5613,#5614,
#5615,#5616),(#5617,#5618,#5619,#5620),(#5621,#5622,#5623,#5624),(#5625,
#5626,#5627,#5628)),.UNSPECIFIED.,.F.,.F.,.F.,(4,2,2,2,2,2,2,2,2,2,2,4),
(4,4),(-13.5811949671161,-12.8055426237362,-10.6804857359836,-8.58628600404149,
-7.51088614169282,-6.41268762972557,-5.33323399141555,-4.21211930521978,
-3.13974873581512,-2.0450900031835,-1.,0.),(0.,0.1),.UNSPECIFIED.);
#72=B_SPLINE_SURFACE_WITH_KNOTS('',3,3,((#5700,#5701,#5702,#5703),(#5704,
#5705,#5706,#5707),(#5708,#5709,#5710,#5711),(#5712,#5713,#5714,#5715),
(#5716,#5717,#5718,#5719),(#5720,#5721,#5722,#5723),(#5724,#5725,#5726,
#5727),(#5728,#5729,#5730,#5731),(#5732,#5733,#5734,#5735),(#5736,#5737,
#5738,#5739),(#5740,#5741,#5742,#5743),(#5744,#5745,#5746,#5747),(#5748,
#5749,#5750,#5751),(#5752,#5753,#5754,#5755),(#5756,#5757,#5758,#5759),
(#5760,#5761,#5762,#5763),(#5764,#5765,#5766,#5767),(#5768,#5769,#5770,
#5771),(#5772,#5773,#5774,#5775),(#5776,#5777,#5778,#5779)),
 .UNSPECIFIED.,.F.,.F.,.F.,(4,2,2,2,2,2,2,2,2,4),(4,4),(-8.62583468811049,
-7.59467176896692,-6.59359365499069,-5.62526812896872,-4.68928427786373,
-3.73047155234158,-2.78698195861683,-1.89156626506024,-1.,0.),(0.,0.1),
 .UNSPECIFIED.);
#73=B_SPLINE_SURFACE_WITH_KNOTS('',3,3,((#5838,#5839,#5840,#5841),(#5842,
#5843,#5844,#5845),(#5846,#5847,#5848,#5849),(#5850,#5851,#5852,#5853),
(#5854,#5855,#5856,#5857),(#5858,#5859,#5860,#5861),(#5862,#5863,#5864,
#5865),(#5866,#5867,#5868,#5869),(#5870,#5871,#5872,#5873),(#5874,#5875,
#5876,#5877)),.UNSPECIFIED.,.F.,.F.,.F.,(4,2,2,2,4),(4,4),(-3.99693154826912,
-2.93443154826894,-1.93790620522126,-1.,0.),(0.,0.1),.UNSPECIFIED.);
#74=B_SPLINE_SURFACE_WITH_KNOTS('',3,3,((#5910,#5911,#5912,#5913),(#5914,
#5915,#5916,#5917),(#5918,#5919,#5920,#5921),(#5922,#5923,#5924,#5925),
(#5926,#5927,#5928,#5929),(#5930,#5931,#5932,#5933),(#5934,#5935,#5936,
#5937),(#5938,#5939,#5940,#5941),(#5942,#5943,#5944,#5945),(#5946,#5947,
#5948,#5949),(#5950,#5951,#5952,#5953),(#5954,#5955,#5956,#5957),(#5958,
#5959,#5960,#5961),(#5962,#5963,#5964,#5965),(#5966,#5967,#5968,#5969),
(#5970,#5971,#5972,#5973),(#5974,#5975,#5976,#5977),(#5978,#5979,#5980,
#5981),(#5982,#5983,#5984,#5985),(#5986,#5987,#5988,#5989),(#5990,#5991,
#5992,#5993),(#5994,#5995,#5996,#5997),(#5998,#5999,#6000,#6001),(#6002,
#6003,#6004,#6005),(#6006,#6007,#6008,#6009),(#6010,#6011,#6012,#6013)),
 .UNSPECIFIED.,.F.,.F.,.F.,(4,2,2,2,2,2,2,2,2,2,2,2,4),(4,4),(-10.8362681657196,
-9.89713054766091,-8.93731510980836,-8.01589228946993,-7.15946195875696,
-6.3447372258712,-5.56455057336346,-4.73560225507396,-3.86995722638275,
-2.96,-2.00000000000001,-1.,0.),(0.,0.1),.UNSPECIFIED.);
#75=B_SPLINE_SURFACE_WITH_KNOTS('',3,3,((#6099,#6100,#6101,#6102),(#6103,
#6104,#6105,#6106),(#6107,#6108,#6109,#6110),(#6111,#6112,#6113,#6114),
(#6115,#6116,#6117,#6118),(#6119,#6120,#6121,#6122),(#6123,#6124,#6125,
#6126),(#6127,#6128,#6129,#6130),(#6131,#6132,#6133,#6134),(#6135,#6136,
#6137,#6138),(#6139,#6140,#6141,#6142),(#6143,#6144,#6145,#6146)),
 .UNSPECIFIED.,.F.,.F.,.F.,(4,2,2,2,2,4),(4,4),(-4.18841858565089,-4.1005128447865,
-3.0895968248459,-2.0210057934158,-1.,0.),(0.,0.1),.UNSPECIFIED.);
#76=B_SPLINE_SURFACE_WITH_KNOTS('',3,3,((#6200,#6201,#6202,#6203),(#6204,
#6205,#6206,#6207),(#6208,#6209,#6210,#6211),(#6212,#6213,#6214,#6215),
(#6216,#6217,#6218,#6219),(#6220,#6221,#6222,#6223),(#6224,#6225,#6226,
#6227),(#6228,#6229,#6230,#6231),(#6232,#6233,#6234,#6235),(#6236,#6237,
#6238,#6239),(#6240,#6241,#6242,#6243),(#6244,#6245,#6246,#6247)),
 .UNSPECIFIED.,.F.,.F.,.F.,(4,2,2,2,2,4),(4,4),(-4.12915981061911,-3.75567435872649,
-2.85144642256541,-1.94021274188345,-1.,0.),(0.,0.1),.UNSPECIFIED.);
#77=B_SPLINE_SURFACE_WITH_KNOTS('',3,3,((#6301,#6302,#6303,#6304),(#6305,
#6306,#6307,#6308),(#6309,#6310,#6311,#6312),(#6313,#6314,#6315,#6316),
(#6317,#6318,#6319,#6320),(#6321,#6322,#6323,#6324),(#6325,#6326,#6327,
#6328),(#6329,#6330,#6331,#6332),(#6333,#6334,#6335,#6336),(#6337,#6338,
#6339,#6340),(#6341,#6342,#6343,#6344),(#6345,#6346,#6347,#6348)),
 .UNSPECIFIED.,.F.,.F.,.F.,(4,2,2,2,2,4),(4,4),(-10.8970082053135,-8.45443630117232,
-5.96055623620937,-3.42105263157894,-1.,0.),(0.,0.1),.UNSPECIFIED.);
#78=B_SPLINE_SURFACE_WITH_KNOTS('',3,3,((#6404,#6405,#6406,#6407),(#6408,
#6409,#6410,#6411),(#6412,#6413,#6414,#6415),(#6416,#6417,#6418,#6419),
(#6420,#6421,#6422,#6423),(#6424,#6425,#6426,#6427),(#6428,#6429,#6430,
#6431),(#6432,#6433,#6434,#6435),(#6436,#6437,#6438,#6439),(#6440,#6441,
#6442,#6443),(#6444,#6445,#6446,#6447),(#6448,#6449,#6450,#6451)),
 .UNSPECIFIED.,.F.,.F.,.F.,(4,2,2,2,2,4),(4,4),(-13.4635265409637,-11.7462263342439,
-10.1939983340114,-5.66666666666661,-1.,0.),(0.,0.1),.UNSPECIFIED.);
#79=B_SPLINE_SURFACE_WITH_KNOTS('',3,3,((#6493,#6494,#6495,#6496),(#6497,
#6498,#6499,#6500),(#6501,#6502,#6503,#6504),(#6505,#6506,#6507,#6508),
(#6509,#6510,#6511,#6512),(#6513,#6514,#6515,#6516),(#6517,#6518,#6519,
#6520),(#6521,#6522,#6523,#6524),(#6525,#6526,#6527,#6528),(#6529,#6530,
#6531,#6532)),.UNSPECIFIED.,.F.,.F.,.F.,(4,2,2,2,4),(4,4),(-4.26465900468688,
-3.12737129099943,-2.04144068409177,-1.,0.),(0.,0.1),.UNSPECIFIED.);
#80=B_SPLINE_SURFACE_WITH_KNOTS('',3,3,((#6568,#6569,#6570,#6571),(#6572,
#6573,#6574,#6575),(#6576,#6577,#6578,#6579),(#6580,#6581,#6582,#6583),
(#6584,#6585,#6586,#6587),(#6588,#6589,#6590,#6591),(#6592,#6593,#6594,
#6595),(#6596,#6597,#6598,#6599),(#6600,#6601,#6602,#6603),(#6604,#6605,
#6606,#6607)),.UNSPECIFIED.,.F.,.F.,.F.,(4,2,2,2,4),(4,4),(-3.84844136596837,
-2.91077613150382,-1.96130883235492,-1.,0.),(0.,0.1),.UNSPECIFIED.);
#81=B_SPLINE_SURFACE_WITH_KNOTS('',3,3,((#6643,#6644,#6645,#6646),(#6647,
#6648,#6649,#6650),(#6651,#6652,#6653,#6654),(#6655,#6656,#6657,#6658),
(#6659,#6660,#6661,#6662),(#6663,#6664,#6665,#6666),(#6667,#6668,#6669,
#6670),(#6671,#6672,#6673,#6674),(#6675,#6676,#6677,#6678),(#6679,#6680,
#6681,#6682),(#6683,#6684,#6685,#6686),(#6687,#6688,#6689,#6690)),
 .UNSPECIFIED.,.F.,.F.,.F.,(4,2,2,2,2,4),(4,4),(-8.8985722029305,-8.54700370725109,
-5.31257354700057,-2.07814338675014,-1.,0.),(0.,0.1),.UNSPECIFIED.);
#82=B_SPLINE_SURFACE_WITH_KNOTS('',3,3,((#6744,#6745,#6746,#6747),(#6748,
#6749,#6750,#6751),(#6752,#6753,#6754,#6755),(#6756,#6757,#6758,#6759),
(#6760,#6761,#6762,#6763),(#6764,#6765,#6766,#6767),(#6768,#6769,#6770,
#6771),(#6772,#6773,#6774,#6775),(#6776,#6777,#6778,#6779),(#6780,#6781,
#6782,#6783),(#6784,#6785,#6786,#6787),(#6788,#6789,#6790,#6791)),
 .UNSPECIFIED.,.F.,.F.,.F.,(4,2,2,2,2,4),(4,4),(-10.7867657696097,-8.41273828122725,
-5.9930731366743,-3.4705882352941,-1.,0.),(0.,0.1),.UNSPECIFIED.);
#83=B_SPLINE_SURFACE_WITH_KNOTS('',3,3,((#6845,#6846,#6847,#6848),(#6849,
#6850,#6851,#6852),(#6853,#6854,#6855,#6856),(#6857,#6858,#6859,#6860),
(#6861,#6862,#6863,#6864),(#6865,#6866,#6867,#6868),(#6869,#6870,#6871,
#6872),(#6873,#6874,#6875,#6876),(#6877,#6878,#6879,#6880),(#6881,#6882,
#6883,#6884),(#6885,#6886,#6887,#6888),(#6889,#6890,#6891,#6892)),
 .UNSPECIFIED.,.F.,.F.,.F.,(4,2,2,2,2,4),(4,4),(-3.98258592099447,-3.89036122695394,
-2.96811428654846,-2.03217470196893,-1.,0.),(0.,0.1),.UNSPECIFIED.);
#84=B_SPLINE_SURFACE_WITH_KNOTS('',3,3,((#6936,#6937,#6938,#6939),(#6940,
#6941,#6942,#6943),(#6944,#6945,#6946,#6947),(#6948,#6949,#6950,#6951),
(#6952,#6953,#6954,#6955),(#6956,#6957,#6958,#6959),(#6960,#6961,#6962,
#6963),(#6964,#6965,#6966,#6967),(#6968,#6969,#6970,#6971),(#6972,#6973,
#6974,#6975),(#6976,#6977,#6978,#6979),(#6980,#6981,#6982,#6983)),
 .UNSPECIFIED.,.F.,.F.,.F.,(4,2,2,2,2,4),(4,4),(-11.7981807924387,-8.90465360151487,
-6.1309109520749,-3.55555555555555,-1.,0.),(0.,0.1),.UNSPECIFIED.);
#85=B_SPLINE_SURFACE_WITH_KNOTS('',3,3,((#7025,#7026,#7027,#7028),(#7029,
#7030,#7031,#7032),(#7033,#7034,#7035,#7036),(#7037,#7038,#7039,#7040),
(#7041,#7042,#7043,#7044),(#7045,#7046,#7047,#7048),(#7049,#7050,#7051,
#7052),(#7053,#7054,#7055,#7056),(#7057,#7058,#7059,#7060),(#7061,#7062,
#7063,#7064),(#7065,#7066,#7067,#7068),(#7069,#7070,#7071,#7072)),
 .UNSPECIFIED.,.F.,.F.,.F.,(4,2,2,2,2,4),(4,4),(-4.07743906103468,-3.73184009685811,
-2.84864274396244,-1.95860258653883,-1.,0.),(0.,0.1),.UNSPECIFIED.);
#86=B_SPLINE_SURFACE_WITH_KNOTS('',3,3,((#7126,#7127,#7128,#7129),(#7130,
#7131,#7132,#7133),(#7134,#7135,#7136,#7137),(#7138,#7139,#7140,#7141),
(#7142,#7143,#7144,#7145),(#7146,#7147,#7148,#7149),(#7150,#7151,#7152,
#7153),(#7154,#7155,#7156,#7157),(#7158,#7159,#7160,#7161),(#7162,#7163,
#7164,#7165),(#7166,#7167,#7168,#7169),(#7170,#7171,#7172,#7173)),
 .UNSPECIFIED.,.F.,.F.,.F.,(4,2,2,2,2,4),(4,4),(-11.46043187814,-8.78577149462558,
-6.11111111111114,-3.55555555555556,-1.,0.),(0.,0.1),.UNSPECIFIED.);
#87=B_SPLINE_SURFACE_WITH_KNOTS('',3,3,((#7221,#7222,#7223,#7224),(#7225,
#7226,#7227,#7228),(#7229,#7230,#7231,#7232),(#7233,#7234,#7235,#7236),
(#7237,#7238,#7239,#7240),(#7241,#7242,#7243,#7244),(#7245,#7246,#7247,
#7248),(#7249,#7250,#7251,#7252),(#7253,#7254,#7255,#7256),(#7257,#7258,
#7259,#7260),(#7261,#7262,#7263,#7264),(#7265,#7266,#7267,#7268)),
 .UNSPECIFIED.,.F.,.F.,.F.,(4,2,2,2,2,4),(4,4),(-6.41455651408803,-4.02799195864731,
-3.02750631665658,-1.99999999999998,-1.,0.),(0.,0.1),.UNSPECIFIED.);
#88=STYLED_ITEM('',(#7341),#96);
#89=STYLED_ITEM('',(#7342),#97);
#90=STYLED_ITEM('',(#7342),#98);
#91=STYLED_ITEM('',(#7342),#99);
#92=STYLED_ITEM('',(#7342),#100);
#93=STYLED_ITEM('',(#7342),#101);
#94=STYLED_ITEM('',(#7342),#102);
#95=STYLED_ITEM('',(#7342),#103);
#96=MANIFOLD_SOLID_BREP('Body1',#2937);
#97=MANIFOLD_SOLID_BREP('Body2',#2938);
#98=MANIFOLD_SOLID_BREP('Body3',#2939);
#99=MANIFOLD_SOLID_BREP('Body4',#2940);
#100=MANIFOLD_SOLID_BREP('Body5',#2941);
#101=MANIFOLD_SOLID_BREP('Body6',#2942);
#102=MANIFOLD_SOLID_BREP('Body7',#2943);
#103=MANIFOLD_SOLID_BREP('Body8',#2944);
#104=(
BOUNDED_SURFACE()
B_SPLINE_SURFACE(1,2,((#3993,#3994,#3995,#3996,#3997,#3998,#3999,#4000,
#4001),(#4002,#4003,#4004,#4005,#4006,#4007,#4008,#4009,#4010)),
 .UNSPECIFIED.,.F.,.T.,.F.)
B_SPLINE_SURFACE_WITH_KNOTS((2,2),(3,2,2,2,3),(2.0348326006086,4.06391613121382),
(-3.14159265358979,-1.5707963267949,0.,1.5707963267949,3.14159265358979),
 .UNSPECIFIED.)
GEOMETRIC_REPRESENTATION_ITEM()
RATIONAL_B_SPLINE_SURFACE(((1.,0.707106781186548,1.,0.707106781186548,1.,
0.707106781186548,1.,0.707106781186548,1.),(1.,0.707106781186548,1.,0.707106781186548,
1.,0.707106781186548,1.,0.707106781186548,1.)))
REPRESENTATION_ITEM('')
SURFACE()
);
#105=(
BOUNDED_SURFACE()
B_SPLINE_SURFACE(1,2,((#4014,#4015,#4016,#4017,#4018,#4019,#4020,#4021,
#4022),(#4023,#4024,#4025,#4026,#4027,#4028,#4029,#4030,#4031)),
 .UNSPECIFIED.,.F.,.T.,.F.)
B_SPLINE_SURFACE_WITH_KNOTS((2,2),(3,2,2,2,3),(2.0348326006086,4.06391613121382),
(-3.14159265358979,-1.5707963267949,0.,1.5707963267949,3.14159265358979),
 .UNSPECIFIED.)
GEOMETRIC_REPRESENTATION_ITEM()
RATIONAL_B_SPLINE_SURFACE(((1.,0.707106781186548,1.,0.707106781186548,1.,
0.707106781186548,1.,0.707106781186548,1.),(1.,0.707106781186548,1.,0.707106781186548,
1.,0.707106781186548,1.,0.707106781186548,1.)))
REPRESENTATION_ITEM('')
SURFACE()
);
#106=(
BOUNDED_SURFACE()
B_SPLINE_SURFACE(1,2,((#4035,#4036,#4037,#4038,#4039,#4040,#4041,#4042,
#4043),(#4044,#4045,#4046,#4047,#4048,#4049,#4050,#4051,#4052)),
 .UNSPECIFIED.,.F.,.T.,.F.)
B_SPLINE_SURFACE_WITH_KNOTS((2,2),(3,2,2,2,3),(2.0348326006086,4.06391613121382),
(-3.14159265358979,-1.5707963267949,0.,1.5707963267949,3.14159265358979),
 .UNSPECIFIED.)
GEOMETRIC_REPRESENTATION_ITEM()
RATIONAL_B_SPLINE_SURFACE(((1.,0.707106781186548,1.,0.707106781186548,1.,
0.707106781186548,1.,0.707106781186548,1.),(1.,0.707106781186548,1.,0.707106781186548,
1.,0.707106781186548,1.,0.707106781186548,1.)))
REPRESENTATION_ITEM('')
SURFACE()
);
#107=(
BOUNDED_SURFACE()
B_SPLINE_SURFACE(1,2,((#4056,#4057,#4058,#4059,#4060,#4061,#4062,#4063,
#4064),(#4065,#4066,#4067,#4068,#4069,#4070,#4071,#4072,#4073)),
 .UNSPECIFIED.,.F.,.T.,.F.)
B_SPLINE_SURFACE_WITH_KNOTS((2,2),(3,2,2,2,3),(2.0348326006086,4.06391613121382),
(-3.14159265358979,-1.5707963267949,0.,1.5707963267949,3.14159265358979),
 .UNSPECIFIED.)
GEOMETRIC_REPRESENTATION_ITEM()
RATIONAL_B_SPLINE_SURFACE(((1.,0.707106781186548,1.,0.707106781186548,1.,
0.707106781186548,1.,0.707106781186548,1.),(1.,0.707106781186548,1.,0.707106781186548,
1.,0.707106781186548,1.,0.707106781186548,1.)))
REPRESENTATION_ITEM('')
SURFACE()
);
#108=(
BOUNDED_SURFACE()
B_SPLINE_SURFACE(1,2,((#4180,#4181,#4182,#4183,#4184,#4185,#4186,#4187,
#4188),(#4189,#4190,#4191,#4192,#4193,#4194,#4195,#4196,#4197)),
 .UNSPECIFIED.,.F.,.T.,.F.)
B_SPLINE_SURFACE_WITH_KNOTS((2,2),(3,2,2,2,3),(2.24008875346606,4.07802791076704),
(-3.14159265358979,-1.5707963267949,0.,1.5707963267949,3.14159265358979),
 .UNSPECIFIED.)
GEOMETRIC_REPRESENTATION_ITEM()
RATIONAL_B_SPLINE_SURFACE(((1.,0.707106781186548,1.,0.707106781186548,1.,
0.707106781186548,1.,0.707106781186548,1.),(1.,0.707106781186548,1.,0.707106781186548,
1.,0.707106781186548,1.,0.707106781186548,1.)))
REPRESENTATION_ITEM('')
SURFACE()
);
#109=(
BOUNDED_SURFACE()
B_SPLINE_SURFACE(1,2,((#4202,#4203,#4204,#4205,#4206,#4207,#4208,#4209,
#4210),(#4211,#4212,#4213,#4214,#4215,#4216,#4217,#4218,#4219)),
 .UNSPECIFIED.,.F.,.T.,.F.)
B_SPLINE_SURFACE_WITH_KNOTS((2,2),(3,2,2,2,3),(2.64754520655761,4.07802791076704),
(-3.14159265358979,-1.5707963267949,0.,1.5707963267949,3.14159265358979),
 .UNSPECIFIED.)
GEOMETRIC_REPRESENTATION_ITEM()
RATIONAL_B_SPLINE_SURFACE(((1.,0.707106781186548,1.,0.707106781186548,1.,
0.707106781186548,1.,0.707106781186548,1.),(1.,0.707106781186548,1.,0.707106781186548,
1.,0.707106781186548,1.,0.707106781186548,1.)))
REPRESENTATION_ITEM('')
SURFACE()
);
#110=(
BOUNDED_SURFACE()
B_SPLINE_SURFACE(1,2,((#4224,#4225,#4226,#4227,#4228,#4229,#4230,#4231,
#4232),(#4233,#4234,#4235,#4236,#4237,#4238,#4239,#4240,#4241)),
 .UNSPECIFIED.,.F.,.T.,.F.)
B_SPLINE_SURFACE_WITH_KNOTS((2,2),(3,2,2,2,3),(2.24008875346606,4.07802791076704),
(-3.14159265358979,-1.5707963267949,0.,1.5707963267949,3.14159265358979),
 .UNSPECIFIED.)
GEOMETRIC_REPRESENTATION_ITEM()
RATIONAL_B_SPLINE_SURFACE(((1.,0.707106781186548,1.,0.707106781186548,1.,
0.707106781186548,1.,0.707106781186548,1.),(1.,0.707106781186548,1.,0.707106781186548,
1.,0.707106781186548,1.,0.707106781186548,1.)))
REPRESENTATION_ITEM('')
SURFACE()
);
#111=(
BOUNDED_SURFACE()
B_SPLINE_SURFACE(1,2,((#4246,#4247,#4248,#4249,#4250,#4251,#4252,#4253,
#4254),(#4255,#4256,#4257,#4258,#4259,#4260,#4261,#4262,#4263)),
 .UNSPECIFIED.,.F.,.T.,.F.)
B_SPLINE_SURFACE_WITH_KNOTS((2,2),(3,2,2,2,3),(2.03636052692028,4.07802791076704),
(-3.14159265358979,-1.5707963267949,0.,1.5707963267949,3.14159265358979),
 .UNSPECIFIED.)
GEOMETRIC_REPRESENTATION_ITEM()
RATIONAL_B_SPLINE_SURFACE(((1.,0.707106781186548,1.,0.707106781186548,1.,
0.707106781186548,1.,0.707106781186548,1.),(1.,0.707106781186548,1.,0.707106781186548,
1.,0.707106781186548,1.,0.707106781186548,1.)))
REPRESENTATION_ITEM('')
SURFACE()
);
#112=FACE_BOUND('',#318,.T.);
#113=FACE_BOUND('',#319,.T.);
#114=FACE_BOUND('',#320,.T.);
#115=FACE_BOUND('',#321,.T.);
#116=FACE_BOUND('',#344,.T.);
#117=FACE_BOUND('',#345,.T.);
#118=FACE_BOUND('',#346,.T.);
#119=FACE_BOUND('',#347,.T.);
#120=FACE_BOUND('',#348,.T.);
#121=FACE_BOUND('',#358,.T.);
#122=FACE_BOUND('',#359,.T.);
#123=FACE_BOUND('',#360,.T.);
#124=FACE_BOUND('',#361,.T.);
#125=FACE_BOUND('',#362,.T.);
#126=FACE_BOUND('',#373,.T.);
#127=FACE_BOUND('',#378,.T.);
#128=FACE_BOUND('',#415,.T.);
#129=FACE_BOUND('',#417,.T.);
#130=FACE_BOUND('',#427,.T.);
#131=FACE_BOUND('',#429,.T.);
#132=ELLIPSE('',#2965,140.426749219578,4.90849999998295);
#133=ELLIPSE('',#2971,4.9085,4.67177484979213);
#134=ELLIPSE('',#2972,4.9085,4.67177484979213);
#135=ELLIPSE('',#2973,4.9085,4.67177484979213);
#136=ELLIPSE('',#2974,4.9085,4.67177484979213);
#137=ELLIPSE('',#2975,4.9085,4.67177484979213);
#138=ELLIPSE('',#2998,1.47850000000009,1.40748245493764);
#139=ELLIPSE('',#2999,1.47850000000009,1.40748245493764);
#140=ELLIPSE('',#3000,1.47850000000009,1.40748245493764);
#141=ELLIPSE('',#3001,1.47850000000009,1.40748245493764);
#142=ELLIPSE('',#3005,1.47850000000009,1.40748245493764);
#143=ELLIPSE('',#3006,1.47850000000009,1.40748245493764);
#144=ELLIPSE('',#3007,1.47850000000009,1.40748245493764);
#145=ELLIPSE('',#3008,1.47850000000009,1.40748245493764);
#146=ELLIPSE('',#3032,4.9085,4.67177484979213);
#147=ELLIPSE('',#3034,4.9085,4.67177484979213);
#148=ELLIPSE('',#3036,4.9085,4.67177484979213);
#149=ELLIPSE('',#3038,4.9085,4.67177484979213);
#150=FACE_OUTER_BOUND('',#306,.T.);
#151=FACE_OUTER_BOUND('',#307,.T.);
#152=FACE_OUTER_BOUND('',#308,.T.);
#153=FACE_OUTER_BOUND('',#309,.T.);
#154=FACE_OUTER_BOUND('',#310,.T.);
#155=FACE_OUTER_BOUND('',#311,.T.);
#156=FACE_OUTER_BOUND('',#312,.T.);
#157=FACE_OUTER_BOUND('',#313,.T.);
#158=FACE_OUTER_BOUND('',#314,.T.);
#159=FACE_OUTER_BOUND('',#315,.T.);
#160=FACE_OUTER_BOUND('',#316,.T.);
#161=FACE_OUTER_BOUND('',#317,.T.);
#162=FACE_OUTER_BOUND('',#322,.T.);
#163=FACE_OUTER_BOUND('',#323,.T.);
#164=FACE_OUTER_BOUND('',#324,.T.);
#165=FACE_OUTER_BOUND('',#325,.T.);
#166=FACE_OUTER_BOUND('',#326,.T.);
#167=FACE_OUTER_BOUND('',#327,.T.);
#168=FACE_OUTER_BOUND('',#328,.T.);
#169=FACE_OUTER_BOUND('',#329,.T.);
#170=FACE_OUTER_BOUND('',#330,.T.);
#171=FACE_OUTER_BOUND('',#331,.T.);
#172=FACE_OUTER_BOUND('',#332,.T.);
#173=FACE_OUTER_BOUND('',#333,.T.);
#174=FACE_OUTER_BOUND('',#334,.T.);
#175=FACE_OUTER_BOUND('',#335,.T.);
#176=FACE_OUTER_BOUND('',#336,.T.);
#177=FACE_OUTER_BOUND('',#337,.T.);
#178=FACE_OUTER_BOUND('',#338,.T.);
#179=FACE_OUTER_BOUND('',#339,.T.);
#180=FACE_OUTER_BOUND('',#340,.T.);
#181=FACE_OUTER_BOUND('',#341,.T.);
#182=FACE_OUTER_BOUND('',#342,.T.);
#183=FACE_OUTER_BOUND('',#343,.T.);
#184=FACE_OUTER_BOUND('',#349,.T.);
#185=FACE_OUTER_BOUND('',#350,.T.);
#186=FACE_OUTER_BOUND('',#351,.T.);
#187=FACE_OUTER_BOUND('',#352,.T.);
#188=FACE_OUTER_BOUND('',#353,.T.);
#189=FACE_OUTER_BOUND('',#354,.T.);
#190=FACE_OUTER_BOUND('',#355,.T.);
#191=FACE_OUTER_BOUND('',#356,.T.);
#192=FACE_OUTER_BOUND('',#357,.T.);
#193=FACE_OUTER_BOUND('',#363,.T.);
#194=FACE_OUTER_BOUND('',#364,.T.);
#195=FACE_OUTER_BOUND('',#365,.T.);
#196=FACE_OUTER_BOUND('',#366,.T.);
#197=FACE_OUTER_BOUND('',#367,.T.);
#198=FACE_OUTER_BOUND('',#368,.T.);
#199=FACE_OUTER_BOUND('',#369,.T.);
#200=FACE_OUTER_BOUND('',#370,.T.);
#201=FACE_OUTER_BOUND('',#371,.T.);
#202=FACE_OUTER_BOUND('',#372,.T.);
#203=FACE_OUTER_BOUND('',#374,.T.);
#204=FACE_OUTER_BOUND('',#375,.T.);
#205=FACE_OUTER_BOUND('',#376,.T.);
#206=FACE_OUTER_BOUND('',#377,.T.);
#207=FACE_OUTER_BOUND('',#379,.T.);
#208=FACE_OUTER_BOUND('',#380,.T.);
#209=FACE_OUTER_BOUND('',#381,.T.);
#210=FACE_OUTER_BOUND('',#382,.T.);
#211=FACE_OUTER_BOUND('',#383,.T.);
#212=FACE_OUTER_BOUND('',#384,.T.);
#213=FACE_OUTER_BOUND('',#385,.T.);
#214=FACE_OUTER_BOUND('',#386,.T.);
#215=FACE_OUTER_BOUND('',#387,.T.);
#216=FACE_OUTER_BOUND('',#388,.T.);
#217=FACE_OUTER_BOUND('',#389,.T.);
#218=FACE_OUTER_BOUND('',#390,.T.);
#219=FACE_OUTER_BOUND('',#391,.T.);
#220=FACE_OUTER_BOUND('',#392,.T.);
#221=FACE_OUTER_BOUND('',#393,.T.);
#222=FACE_OUTER_BOUND('',#394,.T.);
#223=FACE_OUTER_BOUND('',#395,.T.);
#224=FACE_OUTER_BOUND('',#396,.T.);
#225=FACE_OUTER_BOUND('',#397,.T.);
#226=FACE_OUTER_BOUND('',#398,.T.);
#227=FACE_OUTER_BOUND('',#399,.T.);
#228=FACE_OUTER_BOUND('',#400,.T.);
#229=FACE_OUTER_BOUND('',#401,.T.);
#230=FACE_OUTER_BOUND('',#402,.T.);
#231=FACE_OUTER_BOUND('',#403,.T.);
#232=FACE_OUTER_BOUND('',#404,.T.);
#233=FACE_OUTER_BOUND('',#405,.T.);
#234=FACE_OUTER_BOUND('',#406,.T.);
#235=FACE_OUTER_BOUND('',#407,.T.);
#236=FACE_OUTER_BOUND('',#408,.T.);
#237=FACE_OUTER_BOUND('',#409,.T.);
#238=FACE_OUTER_BOUND('',#410,.T.);
#239=FACE_OUTER_BOUND('',#411,.T.);
#240=FACE_OUTER_BOUND('',#412,.T.);
#241=FACE_OUTER_BOUND('',#413,.T.);
#242=FACE_OUTER_BOUND('',#414,.T.);
#243=FACE_OUTER_BOUND('',#416,.T.);
#244=FACE_OUTER_BOUND('',#418,.T.);
#245=FACE_OUTER_BOUND('',#419,.T.);
#246=FACE_OUTER_BOUND('',#420,.T.);
#247=FACE_OUTER_BOUND('',#421,.T.);
#248=FACE_OUTER_BOUND('',#422,.T.);
#249=FACE_OUTER_BOUND('',#423,.T.);
#250=FACE_OUTER_BOUND('',#424,.T.);
#251=FACE_OUTER_BOUND('',#425,.T.);
#252=FACE_OUTER_BOUND('',#426,.T.);
#253=FACE_OUTER_BOUND('',#428,.T.);
#254=FACE_OUTER_BOUND('',#430,.T.);
#255=FACE_OUTER_BOUND('',#431,.T.);
#256=FACE_OUTER_BOUND('',#432,.T.);
#257=FACE_OUTER_BOUND('',#433,.T.);
#258=FACE_OUTER_BOUND('',#434,.T.);
#259=FACE_OUTER_BOUND('',#435,.T.);
#260=FACE_OUTER_BOUND('',#436,.T.);
#261=FACE_OUTER_BOUND('',#437,.T.);
#262=FACE_OUTER_BOUND('',#438,.T.);
#263=FACE_OUTER_BOUND('',#439,.T.);
#264=FACE_OUTER_BOUND('',#440,.T.);
#265=FACE_OUTER_BOUND('',#441,.T.);
#266=FACE_OUTER_BOUND('',#442,.T.);
#267=FACE_OUTER_BOUND('',#443,.T.);
#268=FACE_OUTER_BOUND('',#444,.T.);
#269=FACE_OUTER_BOUND('',#445,.T.);
#270=FACE_OUTER_BOUND('',#446,.T.);
#271=FACE_OUTER_BOUND('',#447,.T.);
#272=FACE_OUTER_BOUND('',#448,.T.);
#273=FACE_OUTER_BOUND('',#449,.T.);
#274=FACE_OUTER_BOUND('',#450,.T.);
#275=FACE_OUTER_BOUND('',#451,.T.);
#276=FACE_OUTER_BOUND('',#452,.T.);
#277=FACE_OUTER_BOUND('',#453,.T.);
#278=FACE_OUTER_BOUND('',#454,.T.);
#279=FACE_OUTER_BOUND('',#455,.T.);
#280=FACE_OUTER_BOUND('',#456,.T.);
#281=FACE_OUTER_BOUND('',#457,.T.);
#282=FACE_OUTER_BOUND('',#458,.T.);
#283=FACE_OUTER_BOUND('',#459,.T.);
#284=FACE_OUTER_BOUND('',#460,.T.);
#285=FACE_OUTER_BOUND('',#461,.T.);
#286=FACE_OUTER_BOUND('',#462,.T.);
#287=FACE_OUTER_BOUND('',#463,.T.);
#288=FACE_OUTER_BOUND('',#464,.T.);
#289=FACE_OUTER_BOUND('',#465,.T.);
#290=FACE_OUTER_BOUND('',#466,.T.);
#291=FACE_OUTER_BOUND('',#467,.T.);
#292=FACE_OUTER_BOUND('',#468,.T.);
#293=FACE_OUTER_BOUND('',#469,.T.);
#294=FACE_OUTER_BOUND('',#470,.T.);
#295=FACE_OUTER_BOUND('',#471,.T.);
#296=FACE_OUTER_BOUND('',#472,.T.);
#297=FACE_OUTER_BOUND('',#473,.T.);
#298=FACE_OUTER_BOUND('',#474,.T.);
#299=FACE_OUTER_BOUND('',#475,.T.);
#300=FACE_OUTER_BOUND('',#476,.T.);
#301=FACE_OUTER_BOUND('',#477,.T.);
#302=FACE_OUTER_BOUND('',#478,.T.);
#303=FACE_OUTER_BOUND('',#479,.T.);
#304=FACE_OUTER_BOUND('',#480,.T.);
#305=FACE_OUTER_BOUND('',#481,.T.);
#306=EDGE_LOOP('',(#1842,#1843,#1844,#1845));
#307=EDGE_LOOP('',(#1846,#1847,#1848,#1849,#1850,#1851));
#308=EDGE_LOOP('',(#1852,#1853,#1854,#1855));
#309=EDGE_LOOP('',(#1856,#1857,#1858,#1859));
#310=EDGE_LOOP('',(#1860,#1861,#1862,#1863,#1864,#1865,#1866));
#311=EDGE_LOOP('',(#1867,#1868,#1869,#1870,#1871,#1872));
#312=EDGE_LOOP('',(#1873,#1874,#1875,#1876,#1877,#1878,#1879,#1880,#1881,
#1882));
#313=EDGE_LOOP('',(#1883,#1884,#1885,#1886,#1887,#1888));
#314=EDGE_LOOP('',(#1889,#1890,#1891,#1892));
#315=EDGE_LOOP('',(#1893,#1894,#1895,#1896,#1897,#1898));
#316=EDGE_LOOP('',(#1899,#1900,#1901,#1902));
#317=EDGE_LOOP('',(#1903,#1904,#1905,#1906));
#318=EDGE_LOOP('',(#1907,#1908,#1909,#1910,#1911,#1912,#1913,#1914,#1915,
#1916,#1917,#1918,#1919,#1920,#1921));
#319=EDGE_LOOP('',(#1922));
#320=EDGE_LOOP('',(#1923));
#321=EDGE_LOOP('',(#1924));
#322=EDGE_LOOP('',(#1925,#1926,#1927,#1928,#1929,#1930));
#323=EDGE_LOOP('',(#1931,#1932,#1933,#1934,#1935,#1936,#1937,#1938));
#324=EDGE_LOOP('',(#1939,#1940,#1941,#1942,#1943,#1944,#1945,#1946,#1947,
#1948));
#325=EDGE_LOOP('',(#1949,#1950,#1951,#1952));
#326=EDGE_LOOP('',(#1953,#1954,#1955,#1956,#1957));
#327=EDGE_LOOP('',(#1958,#1959,#1960));
#328=EDGE_LOOP('',(#1961,#1962,#1963,#1964));
#329=EDGE_LOOP('',(#1965,#1966,#1967,#1968));
#330=EDGE_LOOP('',(#1969,#1970,#1971,#1972,#1973,#1974));
#331=EDGE_LOOP('',(#1975,#1976,#1977,#1978));
#332=EDGE_LOOP('',(#1979,#1980,#1981,#1982,#1983,#1984));
#333=EDGE_LOOP('',(#1985,#1986,#1987,#1988,#1989,#1990));
#334=EDGE_LOOP('',(#1991,#1992,#1993,#1994,#1995));
#335=EDGE_LOOP('',(#1996,#1997,#1998,#1999));
#336=EDGE_LOOP('',(#2000,#2001,#2002));
#337=EDGE_LOOP('',(#2003,#2004,#2005,#2006,#2007,#2008));
#338=EDGE_LOOP('',(#2009,#2010,#2011,#2012,#2013));
#339=EDGE_LOOP('',(#2014,#2015,#2016,#2017));
#340=EDGE_LOOP('',(#2018,#2019,#2020,#2021));
#341=EDGE_LOOP('',(#2022,#2023,#2024,#2025));
#342=EDGE_LOOP('',(#2026,#2027,#2028,#2029));
#343=EDGE_LOOP('',(#2030,#2031,#2032,#2033));
#344=EDGE_LOOP('',(#2034,#2035,#2036,#2037));
#345=EDGE_LOOP('',(#2038));
#346=EDGE_LOOP('',(#2039));
#347=EDGE_LOOP('',(#2040));
#348=EDGE_LOOP('',(#2041));
#349=EDGE_LOOP('',(#2042,#2043,#2044,#2045));
#350=EDGE_LOOP('',(#2046,#2047,#2048,#2049));
#351=EDGE_LOOP('',(#2050,#2051,#2052,#2053,#2054,#2055,#2056,#2057));
#352=EDGE_LOOP('',(#2058,#2059,#2060,#2061));
#353=EDGE_LOOP('',(#2062,#2063,#2064,#2065));
#354=EDGE_LOOP('',(#2066,#2067,#2068,#2069));
#355=EDGE_LOOP('',(#2070,#2071,#2072,#2073));
#356=EDGE_LOOP('',(#2074,#2075,#2076,#2077));
#357=EDGE_LOOP('',(#2078,#2079,#2080,#2081));
#358=EDGE_LOOP('',(#2082,#2083,#2084,#2085));
#359=EDGE_LOOP('',(#2086));
#360=EDGE_LOOP('',(#2087));
#361=EDGE_LOOP('',(#2088));
#362=EDGE_LOOP('',(#2089));
#363=EDGE_LOOP('',(#2090,#2091,#2092,#2093));
#364=EDGE_LOOP('',(#2094,#2095,#2096,#2097));
#365=EDGE_LOOP('',(#2098,#2099,#2100,#2101));
#366=EDGE_LOOP('',(#2102,#2103,#2104,#2105,#2106,#2107,#2108,#2109));
#367=EDGE_LOOP('',(#2110,#2111,#2112,#2113));
#368=EDGE_LOOP('',(#2114,#2115,#2116,#2117));
#369=EDGE_LOOP('',(#2118,#2119,#2120,#2121,#2122,#2123));
#370=EDGE_LOOP('',(#2124,#2125,#2126,#2127));
#371=EDGE_LOOP('',(#2128,#2129,#2130,#2131));
#372=EDGE_LOOP('',(#2132,#2133,#2134,#2135));
#373=EDGE_LOOP('',(#2136,#2137,#2138,#2139,#2140,#2141,#2142,#2143));
#374=EDGE_LOOP('',(#2144,#2145,#2146,#2147,#2148,#2149,#2150,#2151));
#375=EDGE_LOOP('',(#2152,#2153,#2154,#2155,#2156,#2157,#2158,#2159));
#376=EDGE_LOOP('',(#2160,#2161,#2162,#2163,#2164,#2165,#2166,#2167,#2168,
#2169,#2170,#2171));
#377=EDGE_LOOP('',(#2172,#2173,#2174,#2175));
#378=EDGE_LOOP('',(#2176,#2177,#2178,#2179,#2180,#2181,#2182,#2183));
#379=EDGE_LOOP('',(#2184,#2185,#2186,#2187,#2188,#2189));
#380=EDGE_LOOP('',(#2190,#2191,#2192,#2193));
#381=EDGE_LOOP('',(#2194,#2195,#2196,#2197));
#382=EDGE_LOOP('',(#2198,#2199,#2200,#2201));
#383=EDGE_LOOP('',(#2202,#2203,#2204,#2205));
#384=EDGE_LOOP('',(#2206,#2207,#2208,#2209,#2210,#2211,#2212,#2213));
#385=EDGE_LOOP('',(#2214));
#386=EDGE_LOOP('',(#2215,#2216,#2217,#2218));
#387=EDGE_LOOP('',(#2219));
#388=EDGE_LOOP('',(#2220,#2221,#2222,#2223,#2224,#2225));
#389=EDGE_LOOP('',(#2226));
#390=EDGE_LOOP('',(#2227,#2228,#2229,#2230));
#391=EDGE_LOOP('',(#2231));
#392=EDGE_LOOP('',(#2232,#2233,#2234,#2235));
#393=EDGE_LOOP('',(#2236,#2237,#2238,#2239));
#394=EDGE_LOOP('',(#2240,#2241,#2242,#2243));
#395=EDGE_LOOP('',(#2244,#2245,#2246,#2247));
#396=EDGE_LOOP('',(#2248,#2249,#2250,#2251));
#397=EDGE_LOOP('',(#2252,#2253,#2254,#2255));
#398=EDGE_LOOP('',(#2256,#2257,#2258,#2259));
#399=EDGE_LOOP('',(#2260,#2261,#2262,#2263));
#400=EDGE_LOOP('',(#2264,#2265,#2266,#2267));
#401=EDGE_LOOP('',(#2268,#2269,#2270,#2271));
#402=EDGE_LOOP('',(#2272,#2273,#2274,#2275));
#403=EDGE_LOOP('',(#2276,#2277,#2278,#2279));
#404=EDGE_LOOP('',(#2280,#2281,#2282,#2283));
#405=EDGE_LOOP('',(#2284,#2285,#2286,#2287));
#406=EDGE_LOOP('',(#2288,#2289,#2290,#2291));
#407=EDGE_LOOP('',(#2292,#2293,#2294,#2295,#2296,#2297,#2298,#2299,#2300,
#2301,#2302,#2303));
#408=EDGE_LOOP('',(#2304,#2305,#2306,#2307,#2308,#2309,#2310,#2311,#2312,
#2313,#2314,#2315));
#409=EDGE_LOOP('',(#2316,#2317,#2318,#2319));
#410=EDGE_LOOP('',(#2320,#2321,#2322,#2323));
#411=EDGE_LOOP('',(#2324,#2325,#2326,#2327));
#412=EDGE_LOOP('',(#2328,#2329,#2330,#2331));
#413=EDGE_LOOP('',(#2332,#2333,#2334,#2335));
#414=EDGE_LOOP('',(#2336,#2337,#2338));
#415=EDGE_LOOP('',(#2339,#2340));
#416=EDGE_LOOP('',(#2341,#2342,#2343));
#417=EDGE_LOOP('',(#2344,#2345));
#418=EDGE_LOOP('',(#2346,#2347,#2348,#2349));
#419=EDGE_LOOP('',(#2350,#2351,#2352,#2353));
#420=EDGE_LOOP('',(#2354,#2355,#2356,#2357));
#421=EDGE_LOOP('',(#2358,#2359,#2360,#2361));
#422=EDGE_LOOP('',(#2362,#2363,#2364,#2365));
#423=EDGE_LOOP('',(#2366,#2367,#2368,#2369));
#424=EDGE_LOOP('',(#2370,#2371,#2372,#2373));
#425=EDGE_LOOP('',(#2374,#2375,#2376,#2377));
#426=EDGE_LOOP('',(#2378,#2379,#2380,#2381,#2382,#2383,#2384));
#427=EDGE_LOOP('',(#2385));
#428=EDGE_LOOP('',(#2386,#2387,#2388,#2389,#2390,#2391,#2392));
#429=EDGE_LOOP('',(#2393));
#430=EDGE_LOOP('',(#2394,#2395,#2396,#2397));
#431=EDGE_LOOP('',(#2398,#2399,#2400,#2401));
#432=EDGE_LOOP('',(#2402,#2403));
#433=EDGE_LOOP('',(#2404,#2405));
#434=EDGE_LOOP('',(#2406,#2407,#2408,#2409));
#435=EDGE_LOOP('',(#2410,#2411,#2412,#2413));
#436=EDGE_LOOP('',(#2414,#2415,#2416,#2417));
#437=EDGE_LOOP('',(#2418,#2419,#2420,#2421));
#438=EDGE_LOOP('',(#2422,#2423,#2424,#2425));
#439=EDGE_LOOP('',(#2426,#2427,#2428,#2429));
#440=EDGE_LOOP('',(#2430,#2431,#2432,#2433));
#441=EDGE_LOOP('',(#2434,#2435,#2436,#2437));
#442=EDGE_LOOP('',(#2438,#2439,#2440,#2441));
#443=EDGE_LOOP('',(#2442,#2443,#2444,#2445));
#444=EDGE_LOOP('',(#2446,#2447,#2448,#2449,#2450,#2451,#2452,#2453,#2454,
#2455));
#445=EDGE_LOOP('',(#2456,#2457,#2458,#2459,#2460,#2461,#2462,#2463,#2464,
#2465));
#446=EDGE_LOOP('',(#2466,#2467,#2468,#2469));
#447=EDGE_LOOP('',(#2470,#2471,#2472,#2473));
#448=EDGE_LOOP('',(#2474,#2475,#2476,#2477));
#449=EDGE_LOOP('',(#2478,#2479,#2480,#2481));
#450=EDGE_LOOP('',(#2482,#2483,#2484,#2485));
#451=EDGE_LOOP('',(#2486,#2487,#2488,#2489));
#452=EDGE_LOOP('',(#2490,#2491,#2492,#2493));
#453=EDGE_LOOP('',(#2494,#2495,#2496,#2497));
#454=EDGE_LOOP('',(#2498,#2499,#2500,#2501));
#455=EDGE_LOOP('',(#2502,#2503,#2504,#2505));
#456=EDGE_LOOP('',(#2506,#2507,#2508,#2509));
#457=EDGE_LOOP('',(#2510,#2511,#2512,#2513));
#458=EDGE_LOOP('',(#2514,#2515,#2516,#2517));
#459=EDGE_LOOP('',(#2518,#2519,#2520,#2521));
#460=EDGE_LOOP('',(#2522,#2523,#2524,#2525));
#461=EDGE_LOOP('',(#2526,#2527,#2528,#2529));
#462=EDGE_LOOP('',(#2530,#2531,#2532,#2533));
#463=EDGE_LOOP('',(#2534,#2535,#2536,#2537));
#464=EDGE_LOOP('',(#2538,#2539,#2540,#2541,#2542,#2543,#2544,#2545,#2546,
#2547,#2548,#2549,#2550,#2551,#2552,#2553,#2554,#2555));
#465=EDGE_LOOP('',(#2556,#2557,#2558,#2559,#2560,#2561,#2562,#2563,#2564,
#2565,#2566,#2567,#2568,#2569,#2570,#2571,#2572,#2573));
#466=EDGE_LOOP('',(#2574,#2575,#2576,#2577));
#467=EDGE_LOOP('',(#2578,#2579,#2580,#2581));
#468=EDGE_LOOP('',(#2582,#2583,#2584,#2585));
#469=EDGE_LOOP('',(#2586,#2587,#2588,#2589));
#470=EDGE_LOOP('',(#2590,#2591,#2592,#2593));
#471=EDGE_LOOP('',(#2594,#2595,#2596,#2597));
#472=EDGE_LOOP('',(#2598,#2599,#2600,#2601));
#473=EDGE_LOOP('',(#2602,#2603,#2604,#2605));
#474=EDGE_LOOP('',(#2606,#2607,#2608,#2609));
#475=EDGE_LOOP('',(#2610,#2611,#2612,#2613));
#476=EDGE_LOOP('',(#2614,#2615,#2616,#2617));
#477=EDGE_LOOP('',(#2618,#2619,#2620,#2621));
#478=EDGE_LOOP('',(#2622,#2623,#2624,#2625));
#479=EDGE_LOOP('',(#2626,#2627,#2628,#2629));
#480=EDGE_LOOP('',(#2630,#2631,#2632,#2633,#2634,#2635,#2636,#2637,#2638,
#2639,#2640,#2641,#2642,#2643));
#481=EDGE_LOOP('',(#2644,#2645,#2646,#2647,#2648,#2649,#2650,#2651,#2652,
#2653,#2654,#2655,#2656,#2657));
#482=LINE('',#3727,#822);
#483=LINE('',#3729,#823);
#484=LINE('',#3731,#824);
#485=LINE('',#3732,#825);
#486=LINE('',#3736,#826);
#487=LINE('',#3738,#827);
#488=LINE('',#3740,#828);
#489=LINE('',#3741,#829);
#490=LINE('',#3742,#830);
#491=LINE('',#3746,#831);
#492=LINE('',#3747,#832);
#493=LINE('',#3748,#833);
#494=LINE('',#3751,#834);
#495=LINE('',#3752,#835);
#496=LINE('',#3755,#836);
#497=LINE('',#3757,#837);
#498=LINE('',#3759,#838);
#499=LINE('',#3761,#839);
#500=LINE('',#3762,#840);
#501=LINE('',#3765,#841);
#502=LINE('',#3767,#842);
#503=LINE('',#3768,#843);
#504=LINE('',#3771,#844);
#505=LINE('',#3775,#845);
#506=LINE('',#3777,#846);
#507=LINE('',#3779,#847);
#508=LINE('',#3781,#848);
#509=LINE('',#3783,#849);
#510=LINE('',#3784,#850);
#511=LINE('',#3788,#851);
#512=LINE('',#3790,#852);
#513=LINE('',#3792,#853);
#514=LINE('',#3794,#854);
#515=LINE('',#3796,#855);
#516=LINE('',#3797,#856);
#517=LINE('',#3800,#857);
#518=LINE('',#3802,#858);
#519=LINE('',#3803,#859);
#520=LINE('',#3807,#860);
#521=LINE('',#3809,#861);
#522=LINE('',#3811,#862);
#523=LINE('',#3812,#863);
#524=LINE('',#3813,#864);
#525=LINE('',#3815,#865);
#526=LINE('',#3819,#866);
#527=LINE('',#3821,#867);
#528=LINE('',#3823,#868);
#529=LINE('',#3824,#869);
#530=LINE('',#3826,#870);
#531=LINE('',#3828,#871);
#532=LINE('',#3829,#872);
#533=LINE('',#3831,#873);
#534=LINE('',#3832,#874);
#535=LINE('',#3844,#875);
#536=LINE('',#3846,#876);
#537=LINE('',#3848,#877);
#538=LINE('',#3850,#878);
#539=LINE('',#3851,#879);
#540=LINE('',#3854,#880);
#541=LINE('',#3856,#881);
#542=LINE('',#3858,#882);
#543=LINE('',#3860,#883);
#544=LINE('',#3862,#884);
#545=LINE('',#3864,#885);
#546=LINE('',#3865,#886);
#547=LINE('',#3868,#887);
#548=LINE('',#3870,#888);
#549=LINE('',#3872,#889);
#550=LINE('',#3874,#890);
#551=LINE('',#3876,#891);
#552=LINE('',#3878,#892);
#553=LINE('',#3879,#893);
#554=LINE('',#3881,#894);
#555=LINE('',#3884,#895);
#556=LINE('',#3885,#896);
#557=LINE('',#3889,#897);
#558=LINE('',#3891,#898);
#559=LINE('',#3892,#899);
#560=LINE('',#3894,#900);
#561=LINE('',#3897,#901);
#562=LINE('',#3899,#902);
#563=LINE('',#3900,#903);
#564=LINE('',#3902,#904);
#565=LINE('',#3904,#905);
#566=LINE('',#3907,#906);
#567=LINE('',#3909,#907);
#568=LINE('',#3911,#908);
#569=LINE('',#3912,#909);
#570=LINE('',#3914,#910);
#571=LINE('',#3915,#911);
#572=LINE('',#3917,#912);
#573=LINE('',#3919,#913);
#574=LINE('',#3920,#914);
#575=LINE('',#3922,#915);
#576=LINE('',#3926,#916);
#577=LINE('',#3927,#917);
#578=LINE('',#3929,#918);
#579=LINE('',#3932,#919);
#580=LINE('',#3933,#920);
#581=LINE('',#3936,#921);
#582=LINE('',#3937,#922);
#583=LINE('',#3940,#923);
#584=LINE('',#3941,#924);
#585=LINE('',#3944,#925);
#586=LINE('',#3945,#926);
#587=LINE('',#3949,#927);
#588=LINE('',#3951,#928);
#589=LINE('',#3953,#929);
#590=LINE('',#3954,#930);
#591=LINE('',#3957,#931);
#592=LINE('',#3959,#932);
#593=LINE('',#3961,#933);
#594=LINE('',#3962,#934);
#595=LINE('',#3974,#935);
#596=LINE('',#3975,#936);
#597=LINE('',#3976,#937);
#598=LINE('',#3979,#938);
#599=LINE('',#3980,#939);
#600=LINE('',#3984,#940);
#601=LINE('',#3986,#941);
#602=LINE('',#3988,#942);
#603=LINE('',#3990,#943);
#604=LINE('',#3991,#944);
#605=LINE('',#3992,#945);
#606=LINE('',#4013,#946);
#607=LINE('',#4034,#947);
#608=LINE('',#4055,#948);
#609=LINE('',#4076,#949);
#610=LINE('',#4078,#950);
#611=LINE('',#4081,#951);
#612=LINE('',#4083,#952);
#613=LINE('',#4084,#953);
#614=LINE('',#4087,#954);
#615=LINE('',#4089,#955);
#616=LINE('',#4091,#956);
#617=LINE('',#4092,#957);
#618=LINE('',#4095,#958);
#619=LINE('',#4097,#959);
#620=LINE('',#4098,#960);
#621=LINE('',#4101,#961);
#622=LINE('',#4102,#962);
#623=LINE('',#4106,#963);
#624=LINE('',#4108,#964);
#625=LINE('',#4110,#965);
#626=LINE('',#4111,#966);
#627=LINE('',#4114,#967);
#628=LINE('',#4116,#968);
#629=LINE('',#4118,#969);
#630=LINE('',#4120,#970);
#631=LINE('',#4122,#971);
#632=LINE('',#4124,#972);
#633=LINE('',#4125,#973);
#634=LINE('',#4128,#974);
#635=LINE('',#4130,#975);
#636=LINE('',#4131,#976);
#637=LINE('',#4134,#977);
#638=LINE('',#4135,#978);
#639=LINE('',#4137,#979);
#640=LINE('',#4138,#980);
#641=LINE('',#4141,#981);
#642=LINE('',#4142,#982);
#643=LINE('',#4144,#983);
#644=LINE('',#4148,#984);
#645=LINE('',#4150,#985);
#646=LINE('',#4152,#986);
#647=LINE('',#4153,#987);
#648=LINE('',#4154,#988);
#649=LINE('',#4156,#989);
#650=LINE('',#4157,#990);
#651=LINE('',#4159,#991);
#652=LINE('',#4161,#992);
#653=LINE('',#4164,#993);
#654=LINE('',#4165,#994);
#655=LINE('',#4166,#995);
#656=LINE('',#4169,#996);
#657=LINE('',#4170,#997);
#658=LINE('',#4172,#998);
#659=LINE('',#4174,#999);
#660=LINE('',#4198,#1000);
#661=LINE('',#4220,#1001);
#662=LINE('',#4242,#1002);
#663=LINE('',#4264,#1003);
#664=LINE('',#4266,#1004);
#665=LINE('',#4271,#1005);
#666=LINE('',#4273,#1006);
#667=LINE('',#4275,#1007);
#668=LINE('',#4276,#1008);
#669=LINE('',#4415,#1009);
#670=LINE('',#4418,#1010);
#671=LINE('',#4420,#1011);
#672=LINE('',#4421,#1012);
#673=LINE('',#4424,#1013);
#674=LINE('',#4426,#1014);
#675=LINE('',#4427,#1015);
#676=LINE('',#4496,#1016);
#677=LINE('',#4499,#1017);
#678=LINE('',#4501,#1018);
#679=LINE('',#4502,#1019);
#680=LINE('',#4505,#1020);
#681=LINE('',#4507,#1021);
#682=LINE('',#4508,#1022);
#683=LINE('',#4511,#1023);
#684=LINE('',#4513,#1024);
#685=LINE('',#4514,#1025);
#686=LINE('',#4517,#1026);
#687=LINE('',#4519,#1027);
#688=LINE('',#4520,#1028);
#689=LINE('',#4523,#1029);
#690=LINE('',#4525,#1030);
#691=LINE('',#4526,#1031);
#692=LINE('',#4529,#1032);
#693=LINE('',#4531,#1033);
#694=LINE('',#4532,#1034);
#695=LINE('',#4604,#1035);
#696=LINE('',#4606,#1036);
#697=LINE('',#4608,#1037);
#698=LINE('',#4609,#1038);
#699=LINE('',#4707,#1039);
#700=LINE('',#4709,#1040);
#701=LINE('',#4711,#1041);
#702=LINE('',#4712,#1042);
#703=LINE('',#4837,#1043);
#704=LINE('',#5231,#1044);
#705=LINE('',#5457,#1045);
#706=LINE('',#5508,#1046);
#707=LINE('',#5511,#1047);
#708=LINE('',#5513,#1048);
#709=LINE('',#5514,#1049);
#710=LINE('',#5517,#1050);
#711=LINE('',#5519,#1051);
#712=LINE('',#5520,#1052);
#713=LINE('',#5523,#1053);
#714=LINE('',#5525,#1054);
#715=LINE('',#5526,#1055);
#716=LINE('',#5529,#1056);
#717=LINE('',#5531,#1057);
#718=LINE('',#5532,#1058);
#719=LINE('',#5699,#1059);
#720=LINE('',#5894,#1060);
#721=LINE('',#5909,#1061);
#722=LINE('',#6093,#1062);
#723=LINE('',#6095,#1063);
#724=LINE('',#6097,#1064);
#725=LINE('',#6098,#1065);
#726=LINE('',#6181,#1066);
#727=LINE('',#6184,#1067);
#728=LINE('',#6186,#1068);
#729=LINE('',#6187,#1069);
#730=LINE('',#6190,#1070);
#731=LINE('',#6192,#1071);
#732=LINE('',#6193,#1072);
#733=LINE('',#6196,#1073);
#734=LINE('',#6198,#1074);
#735=LINE('',#6199,#1075);
#736=LINE('',#6282,#1076);
#737=LINE('',#6285,#1077);
#738=LINE('',#6287,#1078);
#739=LINE('',#6288,#1079);
#740=LINE('',#6291,#1080);
#741=LINE('',#6293,#1081);
#742=LINE('',#6294,#1082);
#743=LINE('',#6297,#1083);
#744=LINE('',#6299,#1084);
#745=LINE('',#6300,#1085);
#746=LINE('',#6386,#1086);
#747=LINE('',#6388,#1087);
#748=LINE('',#6390,#1088);
#749=LINE('',#6391,#1089);
#750=LINE('',#6394,#1090);
#751=LINE('',#6396,#1091);
#752=LINE('',#6397,#1092);
#753=LINE('',#6400,#1093);
#754=LINE('',#6402,#1094);
#755=LINE('',#6403,#1095);
#756=LINE('',#6486,#1096);
#757=LINE('',#6489,#1097);
#758=LINE('',#6491,#1098);
#759=LINE('',#6492,#1099);
#760=LINE('',#6561,#1100);
#761=LINE('',#6564,#1101);
#762=LINE('',#6566,#1102);
#763=LINE('',#6567,#1103);
#764=LINE('',#6636,#1104);
#765=LINE('',#6639,#1105);
#766=LINE('',#6641,#1106);
#767=LINE('',#6642,#1107);
#768=LINE('',#6725,#1108);
#769=LINE('',#6728,#1109);
#770=LINE('',#6730,#1110);
#771=LINE('',#6731,#1111);
#772=LINE('',#6734,#1112);
#773=LINE('',#6736,#1113);
#774=LINE('',#6737,#1114);
#775=LINE('',#6740,#1115);
#776=LINE('',#6742,#1116);
#777=LINE('',#6743,#1117);
#778=LINE('',#6826,#1118);
#779=LINE('',#6829,#1119);
#780=LINE('',#6831,#1120);
#781=LINE('',#6832,#1121);
#782=LINE('',#6835,#1122);
#783=LINE('',#6837,#1123);
#784=LINE('',#6838,#1124);
#785=LINE('',#6841,#1125);
#786=LINE('',#6843,#1126);
#787=LINE('',#6844,#1127);
#788=LINE('',#6930,#1128);
#789=LINE('',#6932,#1129);
#790=LINE('',#6934,#1130);
#791=LINE('',#6935,#1131);
#792=LINE('',#7018,#1132);
#793=LINE('',#7021,#1133);
#794=LINE('',#7023,#1134);
#795=LINE('',#7024,#1135);
#796=LINE('',#7107,#1136);
#797=LINE('',#7110,#1137);
#798=LINE('',#7112,#1138);
#799=LINE('',#7113,#1139);
#800=LINE('',#7116,#1140);
#801=LINE('',#7118,#1141);
#802=LINE('',#7119,#1142);
#803=LINE('',#7122,#1143);
#804=LINE('',#7124,#1144);
#805=LINE('',#7125,#1145);
#806=LINE('',#7208,#1146);
#807=LINE('',#7211,#1147);
#808=LINE('',#7213,#1148);
#809=LINE('',#7214,#1149);
#810=LINE('',#7217,#1150);
#811=LINE('',#7219,#1151);
#812=LINE('',#7220,#1152);
#813=LINE('',#7303,#1153);
#814=LINE('',#7306,#1154);
#815=LINE('',#7308,#1155);
#816=LINE('',#7309,#1156);
#817=LINE('',#7312,#1157);
#818=LINE('',#7314,#1158);
#819=LINE('',#7315,#1159);
#820=LINE('',#7317,#1160);
#821=LINE('',#7318,#1161);
#822=VECTOR('',#3103,1.);
#823=VECTOR('',#3104,1.00085);
#824=VECTOR('',#3105,1.);
#825=VECTOR('',#3106,1.);
#826=VECTOR('',#3109,1.);
#827=VECTOR('',#3110,8.25085);
#828=VECTOR('',#3111,1.00085);
#829=VECTOR('',#3112,1.);
#830=VECTOR('',#3113,1.);
#831=VECTOR('',#3116,1.);
#832=VECTOR('',#3117,1.);
#833=VECTOR('',#3118,0.70085);
#834=VECTOR('',#3121,1.);
#835=VECTOR('',#3122,1.);
#836=VECTOR('',#3125,1.);
#837=VECTOR('',#3126,1.);
#838=VECTOR('',#3127,0.512960233477135);
#839=VECTOR('',#3128,1.20009999275207);
#840=VECTOR('',#3129,1.);
#841=VECTOR('',#3132,1.);
#842=VECTOR('',#3133,1.);
#843=VECTOR('',#3134,9.01685);
#844=VECTOR('',#3137,1.);
#845=VECTOR('',#3140,1.);
#846=VECTOR('',#3141,1.00139242172023);
#847=VECTOR('',#3142,8.95076896595877);
#848=VECTOR('',#3143,1.);
#849=VECTOR('',#3144,1.);
#850=VECTOR('',#3145,1.);
#851=VECTOR('',#3148,1.);
#852=VECTOR('',#3149,1.50085);
#853=VECTOR('',#3150,1.00085);
#854=VECTOR('',#3151,1.);
#855=VECTOR('',#3152,1.);
#856=VECTOR('',#3153,1.);
#857=VECTOR('',#3156,1.);
#858=VECTOR('',#3157,8.25085);
#859=VECTOR('',#3158,1.00085);
#860=VECTOR('',#3161,1.);
#861=VECTOR('',#3162,1.);
#862=VECTOR('',#3163,1.);
#863=VECTOR('',#3164,1.);
#864=VECTOR('',#3165,1.50085);
#865=VECTOR('',#3168,1.);
#866=VECTOR('',#3171,1.);
#867=VECTOR('',#3172,1.);
#868=VECTOR('',#3173,1.);
#869=VECTOR('',#3174,1.);
#870=VECTOR('',#3175,1.);
#871=VECTOR('',#3176,1.);
#872=VECTOR('',#3177,1.);
#873=VECTOR('',#3178,1.);
#874=VECTOR('',#3179,1.);
#875=VECTOR('',#3192,9.01685);
#876=VECTOR('',#3193,1.);
#877=VECTOR('',#3194,1.);
#878=VECTOR('',#3195,8.95439330625634);
#879=VECTOR('',#3196,1.);
#880=VECTOR('',#3199,1.);
#881=VECTOR('',#3200,1.);
#882=VECTOR('',#3201,1.);
#883=VECTOR('',#3202,8.95439330625634);
#884=VECTOR('',#3203,1.);
#885=VECTOR('',#3204,1.);
#886=VECTOR('',#3205,9.01685);
#887=VECTOR('',#3208,1.);
#888=VECTOR('',#3209,1.);
#889=VECTOR('',#3210,1.);
#890=VECTOR('',#3211,1.);
#891=VECTOR('',#3212,1.);
#892=VECTOR('',#3213,8.95076896595877);
#893=VECTOR('',#3214,1.00139242172023);
#894=VECTOR('',#3217,1.00139242172023);
#895=VECTOR('',#3220,1.00139242172023);
#896=VECTOR('',#3221,1.);
#897=VECTOR('',#3224,1.);
#898=VECTOR('',#3225,1.00139242172023);
#899=VECTOR('',#3226,1.);
#900=VECTOR('',#3229,8.11746311368699);
#901=VECTOR('',#3232,1.);
#902=VECTOR('',#3233,1.);
#903=VECTOR('',#3234,1.);
#904=VECTOR('',#3237,1.);
#905=VECTOR('',#3240,1.);
#906=VECTOR('',#3243,0.538999999999999);
#907=VECTOR('',#3244,1.);
#908=VECTOR('',#3245,1.);
#909=VECTOR('',#3246,0.512960233477135);
#910=VECTOR('',#3249,1.20009999275207);
#911=VECTOR('',#3250,1.);
#912=VECTOR('',#3253,1.20009999275207);
#913=VECTOR('',#3254,1.);
#914=VECTOR('',#3255,0.512960233477135);
#915=VECTOR('',#3258,1.);
#916=VECTOR('',#3263,0.538999999999999);
#917=VECTOR('',#3264,1.);
#918=VECTOR('',#3267,1.);
#919=VECTOR('',#3270,1.);
#920=VECTOR('',#3271,1.);
#921=VECTOR('',#3274,0.512960233477135);
#922=VECTOR('',#3275,1.);
#923=VECTOR('',#3278,1.);
#924=VECTOR('',#3279,1.);
#925=VECTOR('',#3282,1.);
#926=VECTOR('',#3283,1.);
#927=VECTOR('',#3286,7.889);
#928=VECTOR('',#3287,7.92756724464663);
#929=VECTOR('',#3288,7.889);
#930=VECTOR('',#3289,7.92756724464663);
#931=VECTOR('',#3290,1.);
#932=VECTOR('',#3291,1.);
#933=VECTOR('',#3292,1.);
#934=VECTOR('',#3293,1.);
#935=VECTOR('',#3304,1.);
#936=VECTOR('',#3305,0.15);
#937=VECTOR('',#3306,0.15);
#938=VECTOR('',#3309,1.);
#939=VECTOR('',#3310,0.15);
#940=VECTOR('',#3313,1.);
#941=VECTOR('',#3314,7.92756724464663);
#942=VECTOR('',#3315,1.);
#943=VECTOR('',#3316,1.);
#944=VECTOR('',#3317,0.15);
#945=VECTOR('',#3318,1.);
#946=VECTOR('',#3321,1.47850000000009);
#947=VECTOR('',#3324,1.47850000000009);
#948=VECTOR('',#3327,1.47850000000009);
#949=VECTOR('',#3330,1.47850000000009);
#950=VECTOR('',#3333,1.);
#951=VECTOR('',#3336,1.);
#952=VECTOR('',#3337,1.);
#953=VECTOR('',#3338,1.);
#954=VECTOR('',#3339,1.);
#955=VECTOR('',#3340,1.);
#956=VECTOR('',#3341,1.);
#957=VECTOR('',#3342,1.);
#958=VECTOR('',#3345,2.29049054479068);
#959=VECTOR('',#3346,9.52777777777778);
#960=VECTOR('',#3347,2.29049054479068);
#961=VECTOR('',#3350,9.29619943368133);
#962=VECTOR('',#3351,2.29049054479068);
#963=VECTOR('',#3354,1.);
#964=VECTOR('',#3355,2.29133264545404);
#965=VECTOR('',#3356,1.);
#966=VECTOR('',#3357,2.29133264545404);
#967=VECTOR('',#3360,2.29133264545404);
#968=VECTOR('',#3361,1.);
#969=VECTOR('',#3362,1.);
#970=VECTOR('',#3363,1.);
#971=VECTOR('',#3364,1.);
#972=VECTOR('',#3365,1.);
#973=VECTOR('',#3366,2.29133264545404);
#974=VECTOR('',#3369,7.88984999999949);
#975=VECTOR('',#3370,7.69525726786187);
#976=VECTOR('',#3371,7.88984999999949);
#977=VECTOR('',#3374,1.);
#978=VECTOR('',#3375,1.00083147936379);
#979=VECTOR('',#3378,1.);
#980=VECTOR('',#3379,1.);
#981=VECTOR('',#3382,1.);
#982=VECTOR('',#3383,1.00083147936379);
#983=VECTOR('',#3386,1.);
#984=VECTOR('',#3389,8.95439330625634);
#985=VECTOR('',#3390,9.01685);
#986=VECTOR('',#3391,8.95439330625634);
#987=VECTOR('',#3392,9.01685);
#988=VECTOR('',#3393,1.);
#989=VECTOR('',#3396,1.56142551614047);
#990=VECTOR('',#3397,1.56142551614047);
#991=VECTOR('',#3400,1.56142551614047);
#992=VECTOR('',#3403,1.56142551614047);
#993=VECTOR('',#3406,9.52777777777778);
#994=VECTOR('',#3407,9.29619943368133);
#995=VECTOR('',#3408,1.);
#996=VECTOR('',#3413,0.50085);
#997=VECTOR('',#3414,0.50085);
#998=VECTOR('',#3417,0.50085);
#999=VECTOR('',#3420,0.50085);
#1000=VECTOR('',#3429,4.9085);
#1001=VECTOR('',#3434,4.9085);
#1002=VECTOR('',#3439,4.9085);
#1003=VECTOR('',#3444,4.9085);
#1004=VECTOR('',#3447,2.29049054479068);
#1005=VECTOR('',#3452,1.21077962649416);
#1006=VECTOR('',#3453,5.44444444444444);
#1007=VECTOR('',#3454,1.21077962649416);
#1008=VECTOR('',#3455,5.44444444444444);
#1009=VECTOR('',#3456,5.44444444444444);
#1010=VECTOR('',#3459,1.97885803665467);
#1011=VECTOR('',#3460,1.97885803665467);
#1012=VECTOR('',#3461,5.44444444444444);
#1013=VECTOR('',#3464,1.16902860489091);
#1014=VECTOR('',#3465,1.16902860489091);
#1015=VECTOR('',#3466,5.44444444444444);
#1016=VECTOR('',#3467,5.44444444444444);
#1017=VECTOR('',#3470,1.19478221081037);
#1018=VECTOR('',#3471,1.19478221081037);
#1019=VECTOR('',#3472,5.44444444444444);
#1020=VECTOR('',#3475,3.5697123470776);
#1021=VECTOR('',#3476,3.5697123470776);
#1022=VECTOR('',#3477,5.44444444444444);
#1023=VECTOR('',#3480,3.39766191199198);
#1024=VECTOR('',#3481,3.39766191199198);
#1025=VECTOR('',#3482,5.44444444444444);
#1026=VECTOR('',#3485,1.67004086412987);
#1027=VECTOR('',#3486,1.67004086412987);
#1028=VECTOR('',#3487,5.44444444444444);
#1029=VECTOR('',#3490,3.39766191199198);
#1030=VECTOR('',#3491,3.39766191199198);
#1031=VECTOR('',#3492,5.44444444444444);
#1032=VECTOR('',#3495,9.85324109836623);
#1033=VECTOR('',#3496,9.85324109836623);
#1034=VECTOR('',#3497,5.44444444444444);
#1035=VECTOR('',#3504,0.933423602195599);
#1036=VECTOR('',#3505,5.44444444444444);
#1037=VECTOR('',#3506,0.933423602195599);
#1038=VECTOR('',#3507,5.44444444444444);
#1039=VECTOR('',#3510,8.62483408428734);
#1040=VECTOR('',#3511,5.44444444444444);
#1041=VECTOR('',#3512,8.62483408428734);
#1042=VECTOR('',#3513,5.44444444444444);
#1043=VECTOR('',#3514,5.44444444444444);
#1044=VECTOR('',#3519,5.44444444444444);
#1045=VECTOR('',#3520,5.44444444444444);
#1046=VECTOR('',#3521,5.44444444444444);
#1047=VECTOR('',#3524,1.21077962649415);
#1048=VECTOR('',#3525,1.21077962649415);
#1049=VECTOR('',#3526,5.44444444444444);
#1050=VECTOR('',#3529,3.50967274425546);
#1051=VECTOR('',#3530,3.50967274425546);
#1052=VECTOR('',#3531,5.44444444444444);
#1053=VECTOR('',#3534,2.49929857516909);
#1054=VECTOR('',#3535,2.49929857516909);
#1055=VECTOR('',#3536,5.44444444444444);
#1056=VECTOR('',#3539,0.205353192483031);
#1057=VECTOR('',#3540,0.205353192483031);
#1058=VECTOR('',#3541,5.44444444444444);
#1059=VECTOR('',#3542,5.44444444444444);
#1060=VECTOR('',#3547,5.44444444444444);
#1061=VECTOR('',#3548,5.44444444444444);
#1062=VECTOR('',#3555,9.18522475271428);
#1063=VECTOR('',#3556,5.44444444444444);
#1064=VECTOR('',#3557,9.18522475271428);
#1065=VECTOR('',#3558,5.44444444444444);
#1066=VECTOR('',#3559,5.44444444444444);
#1067=VECTOR('',#3562,1.23165513729578);
#1068=VECTOR('',#3563,1.23165513729578);
#1069=VECTOR('',#3564,5.44444444444444);
#1070=VECTOR('',#3567,4.62978106689017);
#1071=VECTOR('',#3568,4.62978106689017);
#1072=VECTOR('',#3569,5.44444444444444);
#1073=VECTOR('',#3572,12.2539248405529);
#1074=VECTOR('',#3573,12.2539248405529);
#1075=VECTOR('',#3574,5.44444444444444);
#1076=VECTOR('',#3575,5.44444444444444);
#1077=VECTOR('',#3578,1.21077962649415);
#1078=VECTOR('',#3579,1.21077962649415);
#1079=VECTOR('',#3580,5.44444444444444);
#1080=VECTOR('',#3583,7.39271492938915);
#1081=VECTOR('',#3584,7.39271492938915);
#1082=VECTOR('',#3585,5.44444444444444);
#1083=VECTOR('',#3588,1.21077962649415);
#1084=VECTOR('',#3589,1.21077962649415);
#1085=VECTOR('',#3590,5.44444444444444);
#1086=VECTOR('',#3597,1.23165513729578);
#1087=VECTOR('',#3598,5.44444444444444);
#1088=VECTOR('',#3599,1.23165513729578);
#1089=VECTOR('',#3600,5.44444444444444);
#1090=VECTOR('',#3603,6.47795979923746);
#1091=VECTOR('',#3604,6.47795979923746);
#1092=VECTOR('',#3605,5.44444444444444);
#1093=VECTOR('',#3608,1.23165513729578);
#1094=VECTOR('',#3609,1.23165513729578);
#1095=VECTOR('',#3610,5.44444444444444);
#1096=VECTOR('',#3611,5.44444444444444);
#1097=VECTOR('',#3614,5.75218945111911);
#1098=VECTOR('',#3615,5.75218945111911);
#1099=VECTOR('',#3616,5.44444444444444);
#1100=VECTOR('',#3617,5.44444444444444);
#1101=VECTOR('',#3620,0.0933423602195546);
#1102=VECTOR('',#3621,0.0933423602195546);
#1103=VECTOR('',#3622,5.44444444444444);
#1104=VECTOR('',#3623,5.44444444444444);
#1105=VECTOR('',#3626,5.94863279993913);
#1106=VECTOR('',#3627,5.94863279993913);
#1107=VECTOR('',#3628,5.44444444444444);
#1108=VECTOR('',#3629,5.44444444444444);
#1109=VECTOR('',#3632,1.23165513729578);
#1110=VECTOR('',#3633,1.23165513729578);
#1111=VECTOR('',#3634,5.44444444444444);
#1112=VECTOR('',#3637,5.56320466908577);
#1113=VECTOR('',#3638,5.56320466908577);
#1114=VECTOR('',#3639,5.44444444444444);
#1115=VECTOR('',#3642,1.23165513729578);
#1116=VECTOR('',#3643,1.23165513729578);
#1117=VECTOR('',#3644,5.44444444444444);
#1118=VECTOR('',#3645,5.44444444444444);
#1119=VECTOR('',#3648,12.7208848114215);
#1120=VECTOR('',#3649,12.7208848114215);
#1121=VECTOR('',#3650,5.44444444444444);
#1122=VECTOR('',#3653,2.37089594957682);
#1123=VECTOR('',#3654,2.37089594957682);
#1124=VECTOR('',#3655,5.44444444444444);
#1125=VECTOR('',#3658,13.4563680305983);
#1126=VECTOR('',#3659,13.4563680305983);
#1127=VECTOR('',#3660,5.44444444444444);
#1128=VECTOR('',#3667,1.21077962649415);
#1129=VECTOR('',#3668,5.44444444444444);
#1130=VECTOR('',#3669,1.21077962649415);
#1131=VECTOR('',#3670,5.44444444444444);
#1132=VECTOR('',#3671,5.44444444444444);
#1133=VECTOR('',#3674,14.0909697910958);
#1134=VECTOR('',#3675,14.0909697910958);
#1135=VECTOR('',#3676,5.44444444444444);
#1136=VECTOR('',#3677,5.44444444444444);
#1137=VECTOR('',#3680,1.23165513729578);
#1138=VECTOR('',#3681,1.23165513729578);
#1139=VECTOR('',#3682,5.44444444444444);
#1140=VECTOR('',#3685,7.54206270574044);
#1141=VECTOR('',#3686,7.54206270574044);
#1142=VECTOR('',#3687,5.44444444444444);
#1143=VECTOR('',#3690,1.23165513729578);
#1144=VECTOR('',#3691,1.23165513729578);
#1145=VECTOR('',#3692,5.44444444444444);
#1146=VECTOR('',#3693,5.44444444444444);
#1147=VECTOR('',#3696,16.07414331725);
#1148=VECTOR('',#3697,16.07414331725);
#1149=VECTOR('',#3698,5.44444444444444);
#1150=VECTOR('',#3701,5.1338298120758);
#1151=VECTOR('',#3702,5.1338298120758);
#1152=VECTOR('',#3703,5.44444444444444);
#1153=VECTOR('',#3704,5.44444444444444);
#1154=VECTOR('',#3707,1.34412998716166);
#1155=VECTOR('',#3708,1.34412998716166);
#1156=VECTOR('',#3709,5.44444444444444);
#1157=VECTOR('',#3712,6.24365432241193);
#1158=VECTOR('',#3713,6.24365432241193);
#1159=VECTOR('',#3714,5.44444444444444);
#1160=VECTOR('',#3717,13.9080116727144);
#1161=VECTOR('',#3718,13.9080116727144);
#1162=VERTEX_POINT('',#3725);
#1163=VERTEX_POINT('',#3726);
#1164=VERTEX_POINT('',#3728);
#1165=VERTEX_POINT('',#3730);
#1166=VERTEX_POINT('',#3734);
#1167=VERTEX_POINT('',#3735);
#1168=VERTEX_POINT('',#3737);
#1169=VERTEX_POINT('',#3739);
#1170=VERTEX_POINT('',#3744);
#1171=VERTEX_POINT('',#3745);
#1172=VERTEX_POINT('',#3750);
#1173=VERTEX_POINT('',#3754);
#1174=VERTEX_POINT('',#3756);
#1175=VERTEX_POINT('',#3758);
#1176=VERTEX_POINT('',#3760);
#1177=VERTEX_POINT('',#3764);
#1178=VERTEX_POINT('',#3766);
#1179=VERTEX_POINT('',#3770);
#1180=VERTEX_POINT('',#3772);
#1181=VERTEX_POINT('',#3774);
#1182=VERTEX_POINT('',#3776);
#1183=VERTEX_POINT('',#3778);
#1184=VERTEX_POINT('',#3780);
#1185=VERTEX_POINT('',#3782);
#1186=VERTEX_POINT('',#3786);
#1187=VERTEX_POINT('',#3787);
#1188=VERTEX_POINT('',#3789);
#1189=VERTEX_POINT('',#3791);
#1190=VERTEX_POINT('',#3793);
#1191=VERTEX_POINT('',#3795);
#1192=VERTEX_POINT('',#3799);
#1193=VERTEX_POINT('',#3801);
#1194=VERTEX_POINT('',#3805);
#1195=VERTEX_POINT('',#3806);
#1196=VERTEX_POINT('',#3808);
#1197=VERTEX_POINT('',#3810);
#1198=VERTEX_POINT('',#3817);
#1199=VERTEX_POINT('',#3818);
#1200=VERTEX_POINT('',#3820);
#1201=VERTEX_POINT('',#3822);
#1202=VERTEX_POINT('',#3825);
#1203=VERTEX_POINT('',#3827);
#1204=VERTEX_POINT('',#3830);
#1205=VERTEX_POINT('',#3833);
#1206=VERTEX_POINT('',#3836);
#1207=VERTEX_POINT('',#3838);
#1208=VERTEX_POINT('',#3840);
#1209=VERTEX_POINT('',#3843);
#1210=VERTEX_POINT('',#3845);
#1211=VERTEX_POINT('',#3847);
#1212=VERTEX_POINT('',#3849);
#1213=VERTEX_POINT('',#3853);
#1214=VERTEX_POINT('',#3855);
#1215=VERTEX_POINT('',#3857);
#1216=VERTEX_POINT('',#3859);
#1217=VERTEX_POINT('',#3861);
#1218=VERTEX_POINT('',#3863);
#1219=VERTEX_POINT('',#3867);
#1220=VERTEX_POINT('',#3869);
#1221=VERTEX_POINT('',#3871);
#1222=VERTEX_POINT('',#3873);
#1223=VERTEX_POINT('',#3875);
#1224=VERTEX_POINT('',#3877);
#1225=VERTEX_POINT('',#3883);
#1226=VERTEX_POINT('',#3887);
#1227=VERTEX_POINT('',#3888);
#1228=VERTEX_POINT('',#3890);
#1229=VERTEX_POINT('',#3896);
#1230=VERTEX_POINT('',#3898);
#1231=VERTEX_POINT('',#3906);
#1232=VERTEX_POINT('',#3908);
#1233=VERTEX_POINT('',#3910);
#1234=VERTEX_POINT('',#3918);
#1235=VERTEX_POINT('',#3925);
#1236=VERTEX_POINT('',#3931);
#1237=VERTEX_POINT('',#3935);
#1238=VERTEX_POINT('',#3939);
#1239=VERTEX_POINT('',#3943);
#1240=VERTEX_POINT('',#3947);
#1241=VERTEX_POINT('',#3948);
#1242=VERTEX_POINT('',#3950);
#1243=VERTEX_POINT('',#3952);
#1244=VERTEX_POINT('',#3955);
#1245=VERTEX_POINT('',#3956);
#1246=VERTEX_POINT('',#3958);
#1247=VERTEX_POINT('',#3960);
#1248=VERTEX_POINT('',#3963);
#1249=VERTEX_POINT('',#3965);
#1250=VERTEX_POINT('',#3967);
#1251=VERTEX_POINT('',#3969);
#1252=VERTEX_POINT('',#3972);
#1253=VERTEX_POINT('',#3973);
#1254=VERTEX_POINT('',#3978);
#1255=VERTEX_POINT('',#3982);
#1256=VERTEX_POINT('',#3983);
#1257=VERTEX_POINT('',#3985);
#1258=VERTEX_POINT('',#3987);
#1259=VERTEX_POINT('',#3989);
#1260=VERTEX_POINT('',#4011);
#1261=VERTEX_POINT('',#4032);
#1262=VERTEX_POINT('',#4053);
#1263=VERTEX_POINT('',#4074);
#1264=VERTEX_POINT('',#4080);
#1265=VERTEX_POINT('',#4082);
#1266=VERTEX_POINT('',#4085);
#1267=VERTEX_POINT('',#4086);
#1268=VERTEX_POINT('',#4088);
#1269=VERTEX_POINT('',#4090);
#1270=VERTEX_POINT('',#4094);
#1271=VERTEX_POINT('',#4096);
#1272=VERTEX_POINT('',#4100);
#1273=VERTEX_POINT('',#4104);
#1274=VERTEX_POINT('',#4105);
#1275=VERTEX_POINT('',#4107);
#1276=VERTEX_POINT('',#4109);
#1277=VERTEX_POINT('',#4113);
#1278=VERTEX_POINT('',#4115);
#1279=VERTEX_POINT('',#4117);
#1280=VERTEX_POINT('',#4119);
#1281=VERTEX_POINT('',#4121);
#1282=VERTEX_POINT('',#4123);
#1283=VERTEX_POINT('',#4127);
#1284=VERTEX_POINT('',#4129);
#1285=VERTEX_POINT('',#4133);
#1286=VERTEX_POINT('',#4140);
#1287=VERTEX_POINT('',#4146);
#1288=VERTEX_POINT('',#4147);
#1289=VERTEX_POINT('',#4149);
#1290=VERTEX_POINT('',#4151);
#1291=VERTEX_POINT('',#4163);
#1292=VERTEX_POINT('',#4178);
#1293=VERTEX_POINT('',#4200);
#1294=VERTEX_POINT('',#4222);
#1295=VERTEX_POINT('',#4244);
#1296=VERTEX_POINT('',#4269);
#1297=VERTEX_POINT('',#4270);
#1298=VERTEX_POINT('',#4272);
#1299=VERTEX_POINT('',#4274);
#1300=VERTEX_POINT('',#4357);
#1301=VERTEX_POINT('',#4386);
#1302=VERTEX_POINT('',#4417);
#1303=VERTEX_POINT('',#4419);
#1304=VERTEX_POINT('',#4423);
#1305=VERTEX_POINT('',#4425);
#1306=VERTEX_POINT('',#4468);
#1307=VERTEX_POINT('',#4482);
#1308=VERTEX_POINT('',#4498);
#1309=VERTEX_POINT('',#4500);
#1310=VERTEX_POINT('',#4504);
#1311=VERTEX_POINT('',#4506);
#1312=VERTEX_POINT('',#4510);
#1313=VERTEX_POINT('',#4512);
#1314=VERTEX_POINT('',#4516);
#1315=VERTEX_POINT('',#4518);
#1316=VERTEX_POINT('',#4522);
#1317=VERTEX_POINT('',#4524);
#1318=VERTEX_POINT('',#4528);
#1319=VERTEX_POINT('',#4530);
#1320=VERTEX_POINT('',#4602);
#1321=VERTEX_POINT('',#4603);
#1322=VERTEX_POINT('',#4605);
#1323=VERTEX_POINT('',#4607);
#1324=VERTEX_POINT('',#4705);
#1325=VERTEX_POINT('',#4706);
#1326=VERTEX_POINT('',#4708);
#1327=VERTEX_POINT('',#4710);
#1328=VERTEX_POINT('',#4785);
#1329=VERTEX_POINT('',#4811);
#1330=VERTEX_POINT('',#5192);
#1331=VERTEX_POINT('',#5230);
#1332=VERTEX_POINT('',#5405);
#1333=VERTEX_POINT('',#5406);
#1334=VERTEX_POINT('',#5456);
#1335=VERTEX_POINT('',#5458);
#1336=VERTEX_POINT('',#5510);
#1337=VERTEX_POINT('',#5512);
#1338=VERTEX_POINT('',#5516);
#1339=VERTEX_POINT('',#5518);
#1340=VERTEX_POINT('',#5522);
#1341=VERTEX_POINT('',#5524);
#1342=VERTEX_POINT('',#5528);
#1343=VERTEX_POINT('',#5530);
#1344=VERTEX_POINT('',#5629);
#1345=VERTEX_POINT('',#5664);
#1346=VERTEX_POINT('',#5878);
#1347=VERTEX_POINT('',#5879);
#1348=VERTEX_POINT('',#5893);
#1349=VERTEX_POINT('',#5895);
#1350=VERTEX_POINT('',#6091);
#1351=VERTEX_POINT('',#6092);
#1352=VERTEX_POINT('',#6094);
#1353=VERTEX_POINT('',#6096);
#1354=VERTEX_POINT('',#6147);
#1355=VERTEX_POINT('',#6164);
#1356=VERTEX_POINT('',#6183);
#1357=VERTEX_POINT('',#6185);
#1358=VERTEX_POINT('',#6189);
#1359=VERTEX_POINT('',#6191);
#1360=VERTEX_POINT('',#6195);
#1361=VERTEX_POINT('',#6197);
#1362=VERTEX_POINT('',#6248);
#1363=VERTEX_POINT('',#6265);
#1364=VERTEX_POINT('',#6284);
#1365=VERTEX_POINT('',#6286);
#1366=VERTEX_POINT('',#6290);
#1367=VERTEX_POINT('',#6292);
#1368=VERTEX_POINT('',#6296);
#1369=VERTEX_POINT('',#6298);
#1370=VERTEX_POINT('',#6384);
#1371=VERTEX_POINT('',#6385);
#1372=VERTEX_POINT('',#6387);
#1373=VERTEX_POINT('',#6389);
#1374=VERTEX_POINT('',#6393);
#1375=VERTEX_POINT('',#6395);
#1376=VERTEX_POINT('',#6399);
#1377=VERTEX_POINT('',#6401);
#1378=VERTEX_POINT('',#6452);
#1379=VERTEX_POINT('',#6469);
#1380=VERTEX_POINT('',#6488);
#1381=VERTEX_POINT('',#6490);
#1382=VERTEX_POINT('',#6533);
#1383=VERTEX_POINT('',#6547);
#1384=VERTEX_POINT('',#6563);
#1385=VERTEX_POINT('',#6565);
#1386=VERTEX_POINT('',#6608);
#1387=VERTEX_POINT('',#6622);
#1388=VERTEX_POINT('',#6638);
#1389=VERTEX_POINT('',#6640);
#1390=VERTEX_POINT('',#6691);
#1391=VERTEX_POINT('',#6708);
#1392=VERTEX_POINT('',#6727);
#1393=VERTEX_POINT('',#6729);
#1394=VERTEX_POINT('',#6733);
#1395=VERTEX_POINT('',#6735);
#1396=VERTEX_POINT('',#6739);
#1397=VERTEX_POINT('',#6741);
#1398=VERTEX_POINT('',#6792);
#1399=VERTEX_POINT('',#6809);
#1400=VERTEX_POINT('',#6828);
#1401=VERTEX_POINT('',#6830);
#1402=VERTEX_POINT('',#6834);
#1403=VERTEX_POINT('',#6836);
#1404=VERTEX_POINT('',#6840);
#1405=VERTEX_POINT('',#6842);
#1406=VERTEX_POINT('',#6928);
#1407=VERTEX_POINT('',#6929);
#1408=VERTEX_POINT('',#6931);
#1409=VERTEX_POINT('',#6933);
#1410=VERTEX_POINT('',#6984);
#1411=VERTEX_POINT('',#7001);
#1412=VERTEX_POINT('',#7020);
#1413=VERTEX_POINT('',#7022);
#1414=VERTEX_POINT('',#7073);
#1415=VERTEX_POINT('',#7090);
#1416=VERTEX_POINT('',#7109);
#1417=VERTEX_POINT('',#7111);
#1418=VERTEX_POINT('',#7115);
#1419=VERTEX_POINT('',#7117);
#1420=VERTEX_POINT('',#7121);
#1421=VERTEX_POINT('',#7123);
#1422=VERTEX_POINT('',#7174);
#1423=VERTEX_POINT('',#7191);
#1424=VERTEX_POINT('',#7210);
#1425=VERTEX_POINT('',#7212);
#1426=VERTEX_POINT('',#7216);
#1427=VERTEX_POINT('',#7218);
#1428=VERTEX_POINT('',#7269);
#1429=VERTEX_POINT('',#7286);
#1430=VERTEX_POINT('',#7305);
#1431=VERTEX_POINT('',#7307);
#1432=VERTEX_POINT('',#7311);
#1433=VERTEX_POINT('',#7313);
#1434=EDGE_CURVE('',#1162,#1163,#482,.T.);
#1435=EDGE_CURVE('',#1162,#1164,#483,.T.);
#1436=EDGE_CURVE('',#1165,#1164,#484,.T.);
#1437=EDGE_CURVE('',#1163,#1165,#485,.T.);
#1438=EDGE_CURVE('',#1166,#1167,#486,.T.);
#1439=EDGE_CURVE('',#1168,#1166,#487,.T.);
#1440=EDGE_CURVE('',#1169,#1168,#488,.T.);
#1441=EDGE_CURVE('',#1164,#1169,#489,.T.);
#1442=EDGE_CURVE('',#1167,#1162,#490,.T.);
#1443=EDGE_CURVE('',#1170,#1171,#491,.T.);
#1444=EDGE_CURVE('',#1169,#1170,#492,.T.);
#1445=EDGE_CURVE('',#1168,#1171,#493,.T.);
#1446=EDGE_CURVE('',#1172,#1166,#494,.T.);
#1447=EDGE_CURVE('',#1171,#1172,#495,.T.);
#1448=EDGE_CURVE('',#1167,#1173,#496,.T.);
#1449=EDGE_CURVE('',#1173,#1174,#497,.T.);
#1450=EDGE_CURVE('',#1174,#1175,#498,.T.);
#1451=EDGE_CURVE('',#1175,#1176,#499,.T.);
#1452=EDGE_CURVE('',#1176,#1172,#500,.T.);
#1453=EDGE_CURVE('',#1163,#1177,#501,.T.);
#1454=EDGE_CURVE('',#1178,#1177,#502,.T.);
#1455=EDGE_CURVE('',#1178,#1173,#503,.T.);
#1456=EDGE_CURVE('',#1179,#1165,#504,.T.);
#1457=EDGE_CURVE('',#1180,#1179,#132,.T.);
#1458=EDGE_CURVE('',#1181,#1180,#505,.T.);
#1459=EDGE_CURVE('',#1182,#1181,#506,.T.);
#1460=EDGE_CURVE('',#1183,#1182,#507,.T.);
#1461=EDGE_CURVE('',#1184,#1183,#508,.T.);
#1462=EDGE_CURVE('',#1185,#1184,#509,.T.);
#1463=EDGE_CURVE('',#1177,#1185,#510,.T.);
#1464=EDGE_CURVE('',#1186,#1187,#511,.T.);
#1465=EDGE_CURVE('',#1186,#1188,#512,.T.);
#1466=EDGE_CURVE('',#1188,#1189,#513,.T.);
#1467=EDGE_CURVE('',#1190,#1189,#514,.T.);
#1468=EDGE_CURVE('',#1191,#1190,#515,.T.);
#1469=EDGE_CURVE('',#1187,#1191,#516,.T.);
#1470=EDGE_CURVE('',#1189,#1192,#517,.T.);
#1471=EDGE_CURVE('',#1188,#1193,#518,.T.);
#1472=EDGE_CURVE('',#1192,#1193,#519,.T.);
#1473=EDGE_CURVE('',#1194,#1195,#520,.T.);
#1474=EDGE_CURVE('',#1196,#1194,#521,.T.);
#1475=EDGE_CURVE('',#1197,#1196,#522,.T.);
#1476=EDGE_CURVE('',#1192,#1197,#523,.T.);
#1477=EDGE_CURVE('',#1193,#1195,#524,.T.);
#1478=EDGE_CURVE('',#1195,#1186,#525,.T.);
#1479=EDGE_CURVE('',#1198,#1199,#526,.T.);
#1480=EDGE_CURVE('',#1200,#1198,#527,.T.);
#1481=EDGE_CURVE('',#1201,#1200,#528,.T.);
#1482=EDGE_CURVE('',#1199,#1201,#529,.T.);
#1483=EDGE_CURVE('',#1170,#1202,#530,.T.);
#1484=EDGE_CURVE('',#1202,#1203,#531,.T.);
#1485=EDGE_CURVE('',#1203,#1190,#532,.T.);
#1486=EDGE_CURVE('',#1197,#1204,#533,.T.);
#1487=EDGE_CURVE('',#1204,#1181,#534,.T.);
#1488=EDGE_CURVE('',#1205,#1180,#133,.T.);
#1489=EDGE_CURVE('',#1179,#1205,#134,.T.);
#1490=EDGE_CURVE('',#1206,#1206,#135,.T.);
#1491=EDGE_CURVE('',#1207,#1207,#136,.T.);
#1492=EDGE_CURVE('',#1208,#1208,#137,.T.);
#1493=EDGE_CURVE('',#1194,#1209,#535,.T.);
#1494=EDGE_CURVE('',#1210,#1209,#536,.T.);
#1495=EDGE_CURVE('',#1211,#1210,#537,.T.);
#1496=EDGE_CURVE('',#1211,#1212,#538,.T.);
#1497=EDGE_CURVE('',#1212,#1196,#539,.T.);
#1498=EDGE_CURVE('',#1191,#1213,#540,.T.);
#1499=EDGE_CURVE('',#1213,#1214,#541,.T.);
#1500=EDGE_CURVE('',#1215,#1214,#542,.T.);
#1501=EDGE_CURVE('',#1216,#1215,#543,.T.);
#1502=EDGE_CURVE('',#1217,#1216,#544,.T.);
#1503=EDGE_CURVE('',#1218,#1217,#545,.T.);
#1504=EDGE_CURVE('',#1218,#1187,#546,.T.);
#1505=EDGE_CURVE('',#1219,#1212,#547,.T.);
#1506=EDGE_CURVE('',#1220,#1219,#548,.T.);
#1507=EDGE_CURVE('',#1221,#1220,#549,.T.);
#1508=EDGE_CURVE('',#1222,#1221,#550,.T.);
#1509=EDGE_CURVE('',#1223,#1222,#551,.T.);
#1510=EDGE_CURVE('',#1224,#1223,#552,.T.);
#1511=EDGE_CURVE('',#1204,#1224,#553,.T.);
#1512=EDGE_CURVE('',#1213,#1203,#554,.T.);
#1513=EDGE_CURVE('',#1202,#1225,#555,.T.);
#1514=EDGE_CURVE('',#1214,#1225,#556,.T.);
#1515=EDGE_CURVE('',#1226,#1227,#557,.T.);
#1516=EDGE_CURVE('',#1226,#1228,#558,.T.);
#1517=EDGE_CURVE('',#1227,#1228,#559,.T.);
#1518=EDGE_CURVE('',#1224,#1182,#560,.T.);
#1519=EDGE_CURVE('',#1229,#1226,#561,.T.);
#1520=EDGE_CURVE('',#1230,#1229,#562,.T.);
#1521=EDGE_CURVE('',#1228,#1230,#563,.T.);
#1522=EDGE_CURVE('',#1225,#1176,#564,.T.);
#1523=EDGE_CURVE('',#1183,#1223,#565,.T.);
#1524=EDGE_CURVE('',#1231,#1227,#566,.T.);
#1525=EDGE_CURVE('',#1231,#1232,#567,.T.);
#1526=EDGE_CURVE('',#1232,#1233,#568,.T.);
#1527=EDGE_CURVE('',#1229,#1233,#569,.T.);
#1528=EDGE_CURVE('',#1217,#1230,#570,.T.);
#1529=EDGE_CURVE('',#1216,#1231,#571,.T.);
#1530=EDGE_CURVE('',#1220,#1210,#572,.T.);
#1531=EDGE_CURVE('',#1209,#1234,#573,.T.);
#1532=EDGE_CURVE('',#1234,#1221,#574,.T.);
#1533=EDGE_CURVE('',#1219,#1211,#575,.T.);
#1534=EDGE_CURVE('',#1235,#1175,#576,.T.);
#1535=EDGE_CURVE('',#1235,#1215,#577,.T.);
#1536=EDGE_CURVE('',#1233,#1218,#578,.T.);
#1537=EDGE_CURVE('',#1234,#1236,#579,.T.);
#1538=EDGE_CURVE('',#1236,#1222,#580,.T.);
#1539=EDGE_CURVE('',#1185,#1237,#581,.T.);
#1540=EDGE_CURVE('',#1237,#1178,#582,.T.);
#1541=EDGE_CURVE('',#1184,#1238,#583,.T.);
#1542=EDGE_CURVE('',#1238,#1237,#584,.T.);
#1543=EDGE_CURVE('',#1239,#1235,#585,.T.);
#1544=EDGE_CURVE('',#1174,#1239,#586,.T.);
#1545=EDGE_CURVE('',#1240,#1241,#587,.T.);
#1546=EDGE_CURVE('',#1242,#1241,#588,.T.);
#1547=EDGE_CURVE('',#1243,#1242,#589,.T.);
#1548=EDGE_CURVE('',#1240,#1243,#590,.T.);
#1549=EDGE_CURVE('',#1244,#1245,#591,.T.);
#1550=EDGE_CURVE('',#1245,#1246,#592,.T.);
#1551=EDGE_CURVE('',#1246,#1247,#593,.T.);
#1552=EDGE_CURVE('',#1247,#1244,#594,.T.);
#1553=EDGE_CURVE('',#1248,#1248,#138,.T.);
#1554=EDGE_CURVE('',#1249,#1249,#139,.T.);
#1555=EDGE_CURVE('',#1250,#1250,#140,.T.);
#1556=EDGE_CURVE('',#1251,#1251,#141,.T.);
#1557=EDGE_CURVE('',#1252,#1253,#595,.T.);
#1558=EDGE_CURVE('',#1243,#1253,#596,.T.);
#1559=EDGE_CURVE('',#1252,#1242,#597,.T.);
#1560=EDGE_CURVE('',#1254,#1252,#598,.T.);
#1561=EDGE_CURVE('',#1241,#1254,#599,.T.);
#1562=EDGE_CURVE('',#1255,#1256,#600,.T.);
#1563=EDGE_CURVE('',#1256,#1257,#601,.T.);
#1564=EDGE_CURVE('',#1257,#1258,#602,.T.);
#1565=EDGE_CURVE('',#1258,#1259,#603,.T.);
#1566=EDGE_CURVE('',#1259,#1240,#604,.T.);
#1567=EDGE_CURVE('',#1253,#1255,#605,.T.);
#1568=EDGE_CURVE('',#1260,#1260,#142,.T.);
#1569=EDGE_CURVE('',#1260,#1251,#606,.T.);
#1570=EDGE_CURVE('',#1261,#1261,#143,.T.);
#1571=EDGE_CURVE('',#1261,#1250,#607,.T.);
#1572=EDGE_CURVE('',#1262,#1262,#144,.T.);
#1573=EDGE_CURVE('',#1262,#1249,#608,.T.);
#1574=EDGE_CURVE('',#1263,#1263,#145,.T.);
#1575=EDGE_CURVE('',#1263,#1248,#609,.T.);
#1576=EDGE_CURVE('',#1259,#1254,#610,.T.);
#1577=EDGE_CURVE('',#1256,#1264,#611,.T.);
#1578=EDGE_CURVE('',#1264,#1265,#612,.T.);
#1579=EDGE_CURVE('',#1265,#1257,#613,.T.);
#1580=EDGE_CURVE('',#1266,#1267,#614,.T.);
#1581=EDGE_CURVE('',#1267,#1268,#615,.T.);
#1582=EDGE_CURVE('',#1268,#1269,#616,.T.);
#1583=EDGE_CURVE('',#1269,#1266,#617,.T.);
#1584=EDGE_CURVE('',#1270,#1201,#618,.T.);
#1585=EDGE_CURVE('',#1270,#1271,#619,.T.);
#1586=EDGE_CURVE('',#1199,#1271,#620,.T.);
#1587=EDGE_CURVE('',#1271,#1272,#621,.T.);
#1588=EDGE_CURVE('',#1272,#1198,#622,.T.);
#1589=EDGE_CURVE('',#1273,#1274,#623,.T.);
#1590=EDGE_CURVE('',#1275,#1274,#624,.T.);
#1591=EDGE_CURVE('',#1276,#1275,#625,.T.);
#1592=EDGE_CURVE('',#1273,#1276,#626,.T.);
#1593=EDGE_CURVE('',#1277,#1264,#627,.T.);
#1594=EDGE_CURVE('',#1277,#1278,#628,.T.);
#1595=EDGE_CURVE('',#1278,#1279,#629,.T.);
#1596=EDGE_CURVE('',#1279,#1280,#630,.T.);
#1597=EDGE_CURVE('',#1280,#1281,#631,.T.);
#1598=EDGE_CURVE('',#1281,#1282,#632,.T.);
#1599=EDGE_CURVE('',#1265,#1282,#633,.T.);
#1600=EDGE_CURVE('',#1279,#1283,#634,.T.);
#1601=EDGE_CURVE('',#1283,#1284,#635,.T.);
#1602=EDGE_CURVE('',#1284,#1280,#636,.T.);
#1603=EDGE_CURVE('',#1278,#1285,#637,.T.);
#1604=EDGE_CURVE('',#1283,#1285,#638,.T.);
#1605=EDGE_CURVE('',#1282,#1273,#639,.T.);
#1606=EDGE_CURVE('',#1258,#1276,#640,.T.);
#1607=EDGE_CURVE('',#1286,#1281,#641,.T.);
#1608=EDGE_CURVE('',#1286,#1284,#642,.T.);
#1609=EDGE_CURVE('',#1285,#1286,#643,.T.);
#1610=EDGE_CURVE('',#1287,#1288,#644,.T.);
#1611=EDGE_CURVE('',#1287,#1289,#645,.T.);
#1612=EDGE_CURVE('',#1289,#1290,#646,.T.);
#1613=EDGE_CURVE('',#1290,#1288,#647,.T.);
#1614=EDGE_CURVE('',#1274,#1277,#648,.T.);
#1615=EDGE_CURVE('',#1239,#1290,#649,.T.);
#1616=EDGE_CURVE('',#1289,#1232,#650,.T.);
#1617=EDGE_CURVE('',#1288,#1238,#651,.T.);
#1618=EDGE_CURVE('',#1236,#1287,#652,.T.);
#1619=EDGE_CURVE('',#1291,#1272,#653,.T.);
#1620=EDGE_CURVE('',#1291,#1270,#654,.T.);
#1621=EDGE_CURVE('',#1275,#1255,#655,.T.);
#1622=EDGE_CURVE('',#1267,#1244,#656,.T.);
#1623=EDGE_CURVE('',#1247,#1268,#657,.T.);
#1624=EDGE_CURVE('',#1245,#1266,#658,.T.);
#1625=EDGE_CURVE('',#1269,#1246,#659,.T.);
#1626=EDGE_CURVE('',#1292,#1292,#146,.T.);
#1627=EDGE_CURVE('',#1208,#1292,#660,.T.);
#1628=EDGE_CURVE('',#1293,#1293,#147,.T.);
#1629=EDGE_CURVE('',#1205,#1293,#661,.T.);
#1630=EDGE_CURVE('',#1294,#1294,#148,.T.);
#1631=EDGE_CURVE('',#1207,#1294,#662,.T.);
#1632=EDGE_CURVE('',#1295,#1295,#149,.T.);
#1633=EDGE_CURVE('',#1206,#1295,#663,.T.);
#1634=EDGE_CURVE('',#1200,#1291,#664,.T.);
#1635=EDGE_CURVE('',#1296,#1297,#665,.T.);
#1636=EDGE_CURVE('',#1296,#1298,#666,.T.);
#1637=EDGE_CURVE('',#1299,#1298,#667,.T.);
#1638=EDGE_CURVE('',#1297,#1299,#668,.T.);
#1639=EDGE_CURVE('',#1297,#1300,#13,.T.);
#1640=EDGE_CURVE('',#1301,#1299,#14,.T.);
#1641=EDGE_CURVE('',#1300,#1301,#669,.T.);
#1642=EDGE_CURVE('',#1300,#1302,#670,.T.);
#1643=EDGE_CURVE('',#1303,#1301,#671,.T.);
#1644=EDGE_CURVE('',#1302,#1303,#672,.T.);
#1645=EDGE_CURVE('',#1302,#1304,#673,.T.);
#1646=EDGE_CURVE('',#1305,#1303,#674,.T.);
#1647=EDGE_CURVE('',#1304,#1305,#675,.T.);
#1648=EDGE_CURVE('',#1304,#1306,#15,.T.);
#1649=EDGE_CURVE('',#1307,#1305,#16,.T.);
#1650=EDGE_CURVE('',#1306,#1307,#676,.T.);
#1651=EDGE_CURVE('',#1306,#1308,#677,.T.);
#1652=EDGE_CURVE('',#1309,#1307,#678,.T.);
#1653=EDGE_CURVE('',#1308,#1309,#679,.T.);
#1654=EDGE_CURVE('',#1308,#1310,#680,.T.);
#1655=EDGE_CURVE('',#1311,#1309,#681,.T.);
#1656=EDGE_CURVE('',#1310,#1311,#682,.T.);
#1657=EDGE_CURVE('',#1310,#1312,#683,.T.);
#1658=EDGE_CURVE('',#1313,#1311,#684,.T.);
#1659=EDGE_CURVE('',#1312,#1313,#685,.T.);
#1660=EDGE_CURVE('',#1312,#1314,#686,.T.);
#1661=EDGE_CURVE('',#1315,#1313,#687,.T.);
#1662=EDGE_CURVE('',#1314,#1315,#688,.T.);
#1663=EDGE_CURVE('',#1314,#1316,#689,.T.);
#1664=EDGE_CURVE('',#1317,#1315,#690,.T.);
#1665=EDGE_CURVE('',#1316,#1317,#691,.T.);
#1666=EDGE_CURVE('',#1316,#1318,#692,.T.);
#1667=EDGE_CURVE('',#1319,#1317,#693,.T.);
#1668=EDGE_CURVE('',#1318,#1319,#694,.T.);
#1669=EDGE_CURVE('',#1318,#1296,#17,.T.);
#1670=EDGE_CURVE('',#1298,#1319,#18,.T.);
#1671=EDGE_CURVE('',#1320,#1321,#695,.T.);
#1672=EDGE_CURVE('',#1320,#1322,#696,.T.);
#1673=EDGE_CURVE('',#1323,#1322,#697,.T.);
#1674=EDGE_CURVE('',#1321,#1323,#698,.T.);
#1675=EDGE_CURVE('',#1321,#1320,#19,.T.);
#1676=EDGE_CURVE('',#1322,#1323,#20,.T.);
#1677=EDGE_CURVE('',#1324,#1325,#699,.T.);
#1678=EDGE_CURVE('',#1324,#1326,#700,.T.);
#1679=EDGE_CURVE('',#1327,#1326,#701,.T.);
#1680=EDGE_CURVE('',#1325,#1327,#702,.T.);
#1681=EDGE_CURVE('',#1325,#1328,#21,.T.);
#1682=EDGE_CURVE('',#1329,#1327,#22,.T.);
#1683=EDGE_CURVE('',#1328,#1329,#703,.T.);
#1684=EDGE_CURVE('',#1328,#1324,#23,.T.);
#1685=EDGE_CURVE('',#1326,#1329,#24,.T.);
#1686=EDGE_CURVE('',#1330,#1330,#25,.T.);
#1687=EDGE_CURVE('',#1330,#1331,#704,.T.);
#1688=EDGE_CURVE('',#1331,#1331,#26,.T.);
#1689=EDGE_CURVE('',#1332,#1333,#27,.T.);
#1690=EDGE_CURVE('',#1332,#1334,#705,.T.);
#1691=EDGE_CURVE('',#1335,#1334,#28,.T.);
#1692=EDGE_CURVE('',#1333,#1335,#706,.T.);
#1693=EDGE_CURVE('',#1333,#1336,#707,.T.);
#1694=EDGE_CURVE('',#1337,#1335,#708,.T.);
#1695=EDGE_CURVE('',#1336,#1337,#709,.T.);
#1696=EDGE_CURVE('',#1336,#1338,#710,.T.);
#1697=EDGE_CURVE('',#1339,#1337,#711,.T.);
#1698=EDGE_CURVE('',#1338,#1339,#712,.T.);
#1699=EDGE_CURVE('',#1338,#1340,#713,.T.);
#1700=EDGE_CURVE('',#1341,#1339,#714,.T.);
#1701=EDGE_CURVE('',#1340,#1341,#715,.T.);
#1702=EDGE_CURVE('',#1340,#1342,#716,.T.);
#1703=EDGE_CURVE('',#1343,#1341,#717,.T.);
#1704=EDGE_CURVE('',#1342,#1343,#718,.T.);
#1705=EDGE_CURVE('',#1342,#1344,#29,.T.);
#1706=EDGE_CURVE('',#1345,#1343,#30,.T.);
#1707=EDGE_CURVE('',#1344,#1345,#719,.T.);
#1708=EDGE_CURVE('',#1344,#1332,#31,.T.);
#1709=EDGE_CURVE('',#1334,#1345,#32,.T.);
#1710=EDGE_CURVE('',#1346,#1347,#33,.T.);
#1711=EDGE_CURVE('',#1346,#1348,#720,.T.);
#1712=EDGE_CURVE('',#1349,#1348,#34,.T.);
#1713=EDGE_CURVE('',#1347,#1349,#721,.T.);
#1714=EDGE_CURVE('',#1347,#1346,#35,.T.);
#1715=EDGE_CURVE('',#1348,#1349,#36,.T.);
#1716=EDGE_CURVE('',#1350,#1351,#722,.T.);
#1717=EDGE_CURVE('',#1350,#1352,#723,.T.);
#1718=EDGE_CURVE('',#1353,#1352,#724,.T.);
#1719=EDGE_CURVE('',#1351,#1353,#725,.T.);
#1720=EDGE_CURVE('',#1351,#1354,#37,.T.);
#1721=EDGE_CURVE('',#1355,#1353,#38,.T.);
#1722=EDGE_CURVE('',#1354,#1355,#726,.T.);
#1723=EDGE_CURVE('',#1354,#1356,#727,.T.);
#1724=EDGE_CURVE('',#1357,#1355,#728,.T.);
#1725=EDGE_CURVE('',#1356,#1357,#729,.T.);
#1726=EDGE_CURVE('',#1356,#1358,#730,.T.);
#1727=EDGE_CURVE('',#1359,#1357,#731,.T.);
#1728=EDGE_CURVE('',#1358,#1359,#732,.T.);
#1729=EDGE_CURVE('',#1358,#1360,#733,.T.);
#1730=EDGE_CURVE('',#1361,#1359,#734,.T.);
#1731=EDGE_CURVE('',#1360,#1361,#735,.T.);
#1732=EDGE_CURVE('',#1360,#1362,#39,.T.);
#1733=EDGE_CURVE('',#1363,#1361,#40,.T.);
#1734=EDGE_CURVE('',#1362,#1363,#736,.T.);
#1735=EDGE_CURVE('',#1362,#1364,#737,.T.);
#1736=EDGE_CURVE('',#1365,#1363,#738,.T.);
#1737=EDGE_CURVE('',#1364,#1365,#739,.T.);
#1738=EDGE_CURVE('',#1364,#1366,#740,.T.);
#1739=EDGE_CURVE('',#1367,#1365,#741,.T.);
#1740=EDGE_CURVE('',#1366,#1367,#742,.T.);
#1741=EDGE_CURVE('',#1366,#1368,#743,.T.);
#1742=EDGE_CURVE('',#1369,#1367,#744,.T.);
#1743=EDGE_CURVE('',#1368,#1369,#745,.T.);
#1744=EDGE_CURVE('',#1368,#1350,#41,.T.);
#1745=EDGE_CURVE('',#1352,#1369,#42,.T.);
#1746=EDGE_CURVE('',#1370,#1371,#746,.T.);
#1747=EDGE_CURVE('',#1370,#1372,#747,.T.);
#1748=EDGE_CURVE('',#1373,#1372,#748,.T.);
#1749=EDGE_CURVE('',#1371,#1373,#749,.T.);
#1750=EDGE_CURVE('',#1371,#1374,#750,.T.);
#1751=EDGE_CURVE('',#1375,#1373,#751,.T.);
#1752=EDGE_CURVE('',#1374,#1375,#752,.T.);
#1753=EDGE_CURVE('',#1374,#1376,#753,.T.);
#1754=EDGE_CURVE('',#1377,#1375,#754,.T.);
#1755=EDGE_CURVE('',#1376,#1377,#755,.T.);
#1756=EDGE_CURVE('',#1376,#1378,#43,.T.);
#1757=EDGE_CURVE('',#1379,#1377,#44,.T.);
#1758=EDGE_CURVE('',#1378,#1379,#756,.T.);
#1759=EDGE_CURVE('',#1378,#1380,#757,.T.);
#1760=EDGE_CURVE('',#1381,#1379,#758,.T.);
#1761=EDGE_CURVE('',#1380,#1381,#759,.T.);
#1762=EDGE_CURVE('',#1380,#1382,#45,.T.);
#1763=EDGE_CURVE('',#1383,#1381,#46,.T.);
#1764=EDGE_CURVE('',#1382,#1383,#760,.T.);
#1765=EDGE_CURVE('',#1382,#1384,#761,.T.);
#1766=EDGE_CURVE('',#1385,#1383,#762,.T.);
#1767=EDGE_CURVE('',#1384,#1385,#763,.T.);
#1768=EDGE_CURVE('',#1384,#1386,#47,.T.);
#1769=EDGE_CURVE('',#1387,#1385,#48,.T.);
#1770=EDGE_CURVE('',#1386,#1387,#764,.T.);
#1771=EDGE_CURVE('',#1386,#1388,#765,.T.);
#1772=EDGE_CURVE('',#1389,#1387,#766,.T.);
#1773=EDGE_CURVE('',#1388,#1389,#767,.T.);
#1774=EDGE_CURVE('',#1388,#1390,#49,.T.);
#1775=EDGE_CURVE('',#1391,#1389,#50,.T.);
#1776=EDGE_CURVE('',#1390,#1391,#768,.T.);
#1777=EDGE_CURVE('',#1390,#1392,#769,.T.);
#1778=EDGE_CURVE('',#1393,#1391,#770,.T.);
#1779=EDGE_CURVE('',#1392,#1393,#771,.T.);
#1780=EDGE_CURVE('',#1392,#1394,#772,.T.);
#1781=EDGE_CURVE('',#1395,#1393,#773,.T.);
#1782=EDGE_CURVE('',#1394,#1395,#774,.T.);
#1783=EDGE_CURVE('',#1394,#1396,#775,.T.);
#1784=EDGE_CURVE('',#1397,#1395,#776,.T.);
#1785=EDGE_CURVE('',#1396,#1397,#777,.T.);
#1786=EDGE_CURVE('',#1396,#1398,#51,.T.);
#1787=EDGE_CURVE('',#1399,#1397,#52,.T.);
#1788=EDGE_CURVE('',#1398,#1399,#778,.T.);
#1789=EDGE_CURVE('',#1398,#1400,#779,.T.);
#1790=EDGE_CURVE('',#1401,#1399,#780,.T.);
#1791=EDGE_CURVE('',#1400,#1401,#781,.T.);
#1792=EDGE_CURVE('',#1400,#1402,#782,.T.);
#1793=EDGE_CURVE('',#1403,#1401,#783,.T.);
#1794=EDGE_CURVE('',#1402,#1403,#784,.T.);
#1795=EDGE_CURVE('',#1402,#1404,#785,.T.);
#1796=EDGE_CURVE('',#1405,#1403,#786,.T.);
#1797=EDGE_CURVE('',#1404,#1405,#787,.T.);
#1798=EDGE_CURVE('',#1404,#1370,#53,.T.);
#1799=EDGE_CURVE('',#1372,#1405,#54,.T.);
#1800=EDGE_CURVE('',#1406,#1407,#788,.T.);
#1801=EDGE_CURVE('',#1406,#1408,#789,.T.);
#1802=EDGE_CURVE('',#1409,#1408,#790,.T.);
#1803=EDGE_CURVE('',#1407,#1409,#791,.T.);
#1804=EDGE_CURVE('',#1407,#1410,#55,.T.);
#1805=EDGE_CURVE('',#1411,#1409,#56,.T.);
#1806=EDGE_CURVE('',#1410,#1411,#792,.T.);
#1807=EDGE_CURVE('',#1410,#1412,#793,.T.);
#1808=EDGE_CURVE('',#1413,#1411,#794,.T.);
#1809=EDGE_CURVE('',#1412,#1413,#795,.T.);
#1810=EDGE_CURVE('',#1412,#1414,#57,.T.);
#1811=EDGE_CURVE('',#1415,#1413,#58,.T.);
#1812=EDGE_CURVE('',#1414,#1415,#796,.T.);
#1813=EDGE_CURVE('',#1414,#1416,#797,.T.);
#1814=EDGE_CURVE('',#1417,#1415,#798,.T.);
#1815=EDGE_CURVE('',#1416,#1417,#799,.T.);
#1816=EDGE_CURVE('',#1416,#1418,#800,.T.);
#1817=EDGE_CURVE('',#1419,#1417,#801,.T.);
#1818=EDGE_CURVE('',#1418,#1419,#802,.T.);
#1819=EDGE_CURVE('',#1418,#1420,#803,.T.);
#1820=EDGE_CURVE('',#1421,#1419,#804,.T.);
#1821=EDGE_CURVE('',#1420,#1421,#805,.T.);
#1822=EDGE_CURVE('',#1420,#1422,#59,.T.);
#1823=EDGE_CURVE('',#1423,#1421,#60,.T.);
#1824=EDGE_CURVE('',#1422,#1423,#806,.T.);
#1825=EDGE_CURVE('',#1422,#1424,#807,.T.);
#1826=EDGE_CURVE('',#1425,#1423,#808,.T.);
#1827=EDGE_CURVE('',#1424,#1425,#809,.T.);
#1828=EDGE_CURVE('',#1424,#1426,#810,.T.);
#1829=EDGE_CURVE('',#1427,#1425,#811,.T.);
#1830=EDGE_CURVE('',#1426,#1427,#812,.T.);
#1831=EDGE_CURVE('',#1426,#1428,#61,.T.);
#1832=EDGE_CURVE('',#1429,#1427,#62,.T.);
#1833=EDGE_CURVE('',#1428,#1429,#813,.T.);
#1834=EDGE_CURVE('',#1428,#1430,#814,.T.);
#1835=EDGE_CURVE('',#1431,#1429,#815,.T.);
#1836=EDGE_CURVE('',#1430,#1431,#816,.T.);
#1837=EDGE_CURVE('',#1430,#1432,#817,.T.);
#1838=EDGE_CURVE('',#1433,#1431,#818,.T.);
#1839=EDGE_CURVE('',#1432,#1433,#819,.T.);
#1840=EDGE_CURVE('',#1432,#1406,#820,.T.);
#1841=EDGE_CURVE('',#1408,#1433,#821,.T.);
#1842=ORIENTED_EDGE('',*,*,#1434,.F.);
#1843=ORIENTED_EDGE('',*,*,#1435,.T.);
#1844=ORIENTED_EDGE('',*,*,#1436,.F.);
#1845=ORIENTED_EDGE('',*,*,#1437,.F.);
#1846=ORIENTED_EDGE('',*,*,#1438,.F.);
#1847=ORIENTED_EDGE('',*,*,#1439,.F.);
#1848=ORIENTED_EDGE('',*,*,#1440,.F.);
#1849=ORIENTED_EDGE('',*,*,#1441,.F.);
#1850=ORIENTED_EDGE('',*,*,#1435,.F.);
#1851=ORIENTED_EDGE('',*,*,#1442,.F.);
#1852=ORIENTED_EDGE('',*,*,#1443,.F.);
#1853=ORIENTED_EDGE('',*,*,#1444,.F.);
#1854=ORIENTED_EDGE('',*,*,#1440,.T.);
#1855=ORIENTED_EDGE('',*,*,#1445,.T.);
#1856=ORIENTED_EDGE('',*,*,#1446,.F.);
#1857=ORIENTED_EDGE('',*,*,#1447,.F.);
#1858=ORIENTED_EDGE('',*,*,#1445,.F.);
#1859=ORIENTED_EDGE('',*,*,#1439,.T.);
#1860=ORIENTED_EDGE('',*,*,#1446,.T.);
#1861=ORIENTED_EDGE('',*,*,#1438,.T.);
#1862=ORIENTED_EDGE('',*,*,#1448,.T.);
#1863=ORIENTED_EDGE('',*,*,#1449,.T.);
#1864=ORIENTED_EDGE('',*,*,#1450,.T.);
#1865=ORIENTED_EDGE('',*,*,#1451,.T.);
#1866=ORIENTED_EDGE('',*,*,#1452,.T.);
#1867=ORIENTED_EDGE('',*,*,#1442,.T.);
#1868=ORIENTED_EDGE('',*,*,#1434,.T.);
#1869=ORIENTED_EDGE('',*,*,#1453,.T.);
#1870=ORIENTED_EDGE('',*,*,#1454,.F.);
#1871=ORIENTED_EDGE('',*,*,#1455,.T.);
#1872=ORIENTED_EDGE('',*,*,#1448,.F.);
#1873=ORIENTED_EDGE('',*,*,#1437,.T.);
#1874=ORIENTED_EDGE('',*,*,#1456,.F.);
#1875=ORIENTED_EDGE('',*,*,#1457,.F.);
#1876=ORIENTED_EDGE('',*,*,#1458,.F.);
#1877=ORIENTED_EDGE('',*,*,#1459,.F.);
#1878=ORIENTED_EDGE('',*,*,#1460,.F.);
#1879=ORIENTED_EDGE('',*,*,#1461,.F.);
#1880=ORIENTED_EDGE('',*,*,#1462,.F.);
#1881=ORIENTED_EDGE('',*,*,#1463,.F.);
#1882=ORIENTED_EDGE('',*,*,#1453,.F.);
#1883=ORIENTED_EDGE('',*,*,#1464,.F.);
#1884=ORIENTED_EDGE('',*,*,#1465,.T.);
#1885=ORIENTED_EDGE('',*,*,#1466,.T.);
#1886=ORIENTED_EDGE('',*,*,#1467,.F.);
#1887=ORIENTED_EDGE('',*,*,#1468,.F.);
#1888=ORIENTED_EDGE('',*,*,#1469,.F.);
#1889=ORIENTED_EDGE('',*,*,#1470,.F.);
#1890=ORIENTED_EDGE('',*,*,#1466,.F.);
#1891=ORIENTED_EDGE('',*,*,#1471,.T.);
#1892=ORIENTED_EDGE('',*,*,#1472,.F.);
#1893=ORIENTED_EDGE('',*,*,#1473,.F.);
#1894=ORIENTED_EDGE('',*,*,#1474,.F.);
#1895=ORIENTED_EDGE('',*,*,#1475,.F.);
#1896=ORIENTED_EDGE('',*,*,#1476,.F.);
#1897=ORIENTED_EDGE('',*,*,#1472,.T.);
#1898=ORIENTED_EDGE('',*,*,#1477,.T.);
#1899=ORIENTED_EDGE('',*,*,#1478,.F.);
#1900=ORIENTED_EDGE('',*,*,#1477,.F.);
#1901=ORIENTED_EDGE('',*,*,#1471,.F.);
#1902=ORIENTED_EDGE('',*,*,#1465,.F.);
#1903=ORIENTED_EDGE('',*,*,#1479,.F.);
#1904=ORIENTED_EDGE('',*,*,#1480,.F.);
#1905=ORIENTED_EDGE('',*,*,#1481,.F.);
#1906=ORIENTED_EDGE('',*,*,#1482,.F.);
#1907=ORIENTED_EDGE('',*,*,#1444,.T.);
#1908=ORIENTED_EDGE('',*,*,#1483,.T.);
#1909=ORIENTED_EDGE('',*,*,#1484,.T.);
#1910=ORIENTED_EDGE('',*,*,#1485,.T.);
#1911=ORIENTED_EDGE('',*,*,#1467,.T.);
#1912=ORIENTED_EDGE('',*,*,#1470,.T.);
#1913=ORIENTED_EDGE('',*,*,#1476,.T.);
#1914=ORIENTED_EDGE('',*,*,#1486,.T.);
#1915=ORIENTED_EDGE('',*,*,#1487,.T.);
#1916=ORIENTED_EDGE('',*,*,#1458,.T.);
#1917=ORIENTED_EDGE('',*,*,#1488,.F.);
#1918=ORIENTED_EDGE('',*,*,#1489,.F.);
#1919=ORIENTED_EDGE('',*,*,#1456,.T.);
#1920=ORIENTED_EDGE('',*,*,#1436,.T.);
#1921=ORIENTED_EDGE('',*,*,#1441,.T.);
#1922=ORIENTED_EDGE('',*,*,#1490,.F.);
#1923=ORIENTED_EDGE('',*,*,#1491,.F.);
#1924=ORIENTED_EDGE('',*,*,#1492,.F.);
#1925=ORIENTED_EDGE('',*,*,#1474,.T.);
#1926=ORIENTED_EDGE('',*,*,#1493,.T.);
#1927=ORIENTED_EDGE('',*,*,#1494,.F.);
#1928=ORIENTED_EDGE('',*,*,#1495,.F.);
#1929=ORIENTED_EDGE('',*,*,#1496,.T.);
#1930=ORIENTED_EDGE('',*,*,#1497,.T.);
#1931=ORIENTED_EDGE('',*,*,#1469,.T.);
#1932=ORIENTED_EDGE('',*,*,#1498,.T.);
#1933=ORIENTED_EDGE('',*,*,#1499,.T.);
#1934=ORIENTED_EDGE('',*,*,#1500,.F.);
#1935=ORIENTED_EDGE('',*,*,#1501,.F.);
#1936=ORIENTED_EDGE('',*,*,#1502,.F.);
#1937=ORIENTED_EDGE('',*,*,#1503,.F.);
#1938=ORIENTED_EDGE('',*,*,#1504,.T.);
#1939=ORIENTED_EDGE('',*,*,#1475,.T.);
#1940=ORIENTED_EDGE('',*,*,#1497,.F.);
#1941=ORIENTED_EDGE('',*,*,#1505,.F.);
#1942=ORIENTED_EDGE('',*,*,#1506,.F.);
#1943=ORIENTED_EDGE('',*,*,#1507,.F.);
#1944=ORIENTED_EDGE('',*,*,#1508,.F.);
#1945=ORIENTED_EDGE('',*,*,#1509,.F.);
#1946=ORIENTED_EDGE('',*,*,#1510,.F.);
#1947=ORIENTED_EDGE('',*,*,#1511,.F.);
#1948=ORIENTED_EDGE('',*,*,#1486,.F.);
#1949=ORIENTED_EDGE('',*,*,#1468,.T.);
#1950=ORIENTED_EDGE('',*,*,#1485,.F.);
#1951=ORIENTED_EDGE('',*,*,#1512,.F.);
#1952=ORIENTED_EDGE('',*,*,#1498,.F.);
#1953=ORIENTED_EDGE('',*,*,#1499,.F.);
#1954=ORIENTED_EDGE('',*,*,#1512,.T.);
#1955=ORIENTED_EDGE('',*,*,#1484,.F.);
#1956=ORIENTED_EDGE('',*,*,#1513,.T.);
#1957=ORIENTED_EDGE('',*,*,#1514,.F.);
#1958=ORIENTED_EDGE('',*,*,#1515,.F.);
#1959=ORIENTED_EDGE('',*,*,#1516,.T.);
#1960=ORIENTED_EDGE('',*,*,#1517,.F.);
#1961=ORIENTED_EDGE('',*,*,#1487,.F.);
#1962=ORIENTED_EDGE('',*,*,#1511,.T.);
#1963=ORIENTED_EDGE('',*,*,#1518,.T.);
#1964=ORIENTED_EDGE('',*,*,#1459,.T.);
#1965=ORIENTED_EDGE('',*,*,#1519,.F.);
#1966=ORIENTED_EDGE('',*,*,#1520,.F.);
#1967=ORIENTED_EDGE('',*,*,#1521,.F.);
#1968=ORIENTED_EDGE('',*,*,#1516,.F.);
#1969=ORIENTED_EDGE('',*,*,#1447,.T.);
#1970=ORIENTED_EDGE('',*,*,#1452,.F.);
#1971=ORIENTED_EDGE('',*,*,#1522,.F.);
#1972=ORIENTED_EDGE('',*,*,#1513,.F.);
#1973=ORIENTED_EDGE('',*,*,#1483,.F.);
#1974=ORIENTED_EDGE('',*,*,#1443,.T.);
#1975=ORIENTED_EDGE('',*,*,#1523,.F.);
#1976=ORIENTED_EDGE('',*,*,#1460,.T.);
#1977=ORIENTED_EDGE('',*,*,#1518,.F.);
#1978=ORIENTED_EDGE('',*,*,#1510,.T.);
#1979=ORIENTED_EDGE('',*,*,#1519,.T.);
#1980=ORIENTED_EDGE('',*,*,#1515,.T.);
#1981=ORIENTED_EDGE('',*,*,#1524,.F.);
#1982=ORIENTED_EDGE('',*,*,#1525,.T.);
#1983=ORIENTED_EDGE('',*,*,#1526,.T.);
#1984=ORIENTED_EDGE('',*,*,#1527,.F.);
#1985=ORIENTED_EDGE('',*,*,#1517,.T.);
#1986=ORIENTED_EDGE('',*,*,#1521,.T.);
#1987=ORIENTED_EDGE('',*,*,#1528,.F.);
#1988=ORIENTED_EDGE('',*,*,#1502,.T.);
#1989=ORIENTED_EDGE('',*,*,#1529,.T.);
#1990=ORIENTED_EDGE('',*,*,#1524,.T.);
#1991=ORIENTED_EDGE('',*,*,#1507,.T.);
#1992=ORIENTED_EDGE('',*,*,#1530,.T.);
#1993=ORIENTED_EDGE('',*,*,#1494,.T.);
#1994=ORIENTED_EDGE('',*,*,#1531,.T.);
#1995=ORIENTED_EDGE('',*,*,#1532,.T.);
#1996=ORIENTED_EDGE('',*,*,#1506,.T.);
#1997=ORIENTED_EDGE('',*,*,#1533,.T.);
#1998=ORIENTED_EDGE('',*,*,#1495,.T.);
#1999=ORIENTED_EDGE('',*,*,#1530,.F.);
#2000=ORIENTED_EDGE('',*,*,#1505,.T.);
#2001=ORIENTED_EDGE('',*,*,#1496,.F.);
#2002=ORIENTED_EDGE('',*,*,#1533,.F.);
#2003=ORIENTED_EDGE('',*,*,#1514,.T.);
#2004=ORIENTED_EDGE('',*,*,#1522,.T.);
#2005=ORIENTED_EDGE('',*,*,#1451,.F.);
#2006=ORIENTED_EDGE('',*,*,#1534,.F.);
#2007=ORIENTED_EDGE('',*,*,#1535,.T.);
#2008=ORIENTED_EDGE('',*,*,#1500,.T.);
#2009=ORIENTED_EDGE('',*,*,#1520,.T.);
#2010=ORIENTED_EDGE('',*,*,#1527,.T.);
#2011=ORIENTED_EDGE('',*,*,#1536,.T.);
#2012=ORIENTED_EDGE('',*,*,#1503,.T.);
#2013=ORIENTED_EDGE('',*,*,#1528,.T.);
#2014=ORIENTED_EDGE('',*,*,#1508,.T.);
#2015=ORIENTED_EDGE('',*,*,#1532,.F.);
#2016=ORIENTED_EDGE('',*,*,#1537,.T.);
#2017=ORIENTED_EDGE('',*,*,#1538,.T.);
#2018=ORIENTED_EDGE('',*,*,#1463,.T.);
#2019=ORIENTED_EDGE('',*,*,#1539,.T.);
#2020=ORIENTED_EDGE('',*,*,#1540,.T.);
#2021=ORIENTED_EDGE('',*,*,#1454,.T.);
#2022=ORIENTED_EDGE('',*,*,#1462,.T.);
#2023=ORIENTED_EDGE('',*,*,#1541,.T.);
#2024=ORIENTED_EDGE('',*,*,#1542,.T.);
#2025=ORIENTED_EDGE('',*,*,#1539,.F.);
#2026=ORIENTED_EDGE('',*,*,#1543,.T.);
#2027=ORIENTED_EDGE('',*,*,#1534,.T.);
#2028=ORIENTED_EDGE('',*,*,#1450,.F.);
#2029=ORIENTED_EDGE('',*,*,#1544,.T.);
#2030=ORIENTED_EDGE('',*,*,#1545,.T.);
#2031=ORIENTED_EDGE('',*,*,#1546,.F.);
#2032=ORIENTED_EDGE('',*,*,#1547,.F.);
#2033=ORIENTED_EDGE('',*,*,#1548,.F.);
#2034=ORIENTED_EDGE('',*,*,#1549,.T.);
#2035=ORIENTED_EDGE('',*,*,#1550,.T.);
#2036=ORIENTED_EDGE('',*,*,#1551,.T.);
#2037=ORIENTED_EDGE('',*,*,#1552,.T.);
#2038=ORIENTED_EDGE('',*,*,#1553,.T.);
#2039=ORIENTED_EDGE('',*,*,#1554,.T.);
#2040=ORIENTED_EDGE('',*,*,#1555,.T.);
#2041=ORIENTED_EDGE('',*,*,#1556,.T.);
#2042=ORIENTED_EDGE('',*,*,#1557,.T.);
#2043=ORIENTED_EDGE('',*,*,#1558,.F.);
#2044=ORIENTED_EDGE('',*,*,#1547,.T.);
#2045=ORIENTED_EDGE('',*,*,#1559,.F.);
#2046=ORIENTED_EDGE('',*,*,#1560,.T.);
#2047=ORIENTED_EDGE('',*,*,#1559,.T.);
#2048=ORIENTED_EDGE('',*,*,#1546,.T.);
#2049=ORIENTED_EDGE('',*,*,#1561,.T.);
#2050=ORIENTED_EDGE('',*,*,#1562,.T.);
#2051=ORIENTED_EDGE('',*,*,#1563,.T.);
#2052=ORIENTED_EDGE('',*,*,#1564,.T.);
#2053=ORIENTED_EDGE('',*,*,#1565,.T.);
#2054=ORIENTED_EDGE('',*,*,#1566,.T.);
#2055=ORIENTED_EDGE('',*,*,#1548,.T.);
#2056=ORIENTED_EDGE('',*,*,#1558,.T.);
#2057=ORIENTED_EDGE('',*,*,#1567,.T.);
#2058=ORIENTED_EDGE('',*,*,#1568,.F.);
#2059=ORIENTED_EDGE('',*,*,#1569,.T.);
#2060=ORIENTED_EDGE('',*,*,#1556,.F.);
#2061=ORIENTED_EDGE('',*,*,#1569,.F.);
#2062=ORIENTED_EDGE('',*,*,#1570,.F.);
#2063=ORIENTED_EDGE('',*,*,#1571,.T.);
#2064=ORIENTED_EDGE('',*,*,#1555,.F.);
#2065=ORIENTED_EDGE('',*,*,#1571,.F.);
#2066=ORIENTED_EDGE('',*,*,#1572,.F.);
#2067=ORIENTED_EDGE('',*,*,#1573,.T.);
#2068=ORIENTED_EDGE('',*,*,#1554,.F.);
#2069=ORIENTED_EDGE('',*,*,#1573,.F.);
#2070=ORIENTED_EDGE('',*,*,#1574,.F.);
#2071=ORIENTED_EDGE('',*,*,#1575,.T.);
#2072=ORIENTED_EDGE('',*,*,#1553,.F.);
#2073=ORIENTED_EDGE('',*,*,#1575,.F.);
#2074=ORIENTED_EDGE('',*,*,#1576,.T.);
#2075=ORIENTED_EDGE('',*,*,#1561,.F.);
#2076=ORIENTED_EDGE('',*,*,#1545,.F.);
#2077=ORIENTED_EDGE('',*,*,#1566,.F.);
#2078=ORIENTED_EDGE('',*,*,#1577,.T.);
#2079=ORIENTED_EDGE('',*,*,#1578,.T.);
#2080=ORIENTED_EDGE('',*,*,#1579,.T.);
#2081=ORIENTED_EDGE('',*,*,#1563,.F.);
#2082=ORIENTED_EDGE('',*,*,#1580,.T.);
#2083=ORIENTED_EDGE('',*,*,#1581,.T.);
#2084=ORIENTED_EDGE('',*,*,#1582,.T.);
#2085=ORIENTED_EDGE('',*,*,#1583,.T.);
#2086=ORIENTED_EDGE('',*,*,#1568,.T.);
#2087=ORIENTED_EDGE('',*,*,#1570,.T.);
#2088=ORIENTED_EDGE('',*,*,#1572,.T.);
#2089=ORIENTED_EDGE('',*,*,#1574,.T.);
#2090=ORIENTED_EDGE('',*,*,#1482,.T.);
#2091=ORIENTED_EDGE('',*,*,#1584,.F.);
#2092=ORIENTED_EDGE('',*,*,#1585,.T.);
#2093=ORIENTED_EDGE('',*,*,#1586,.F.);
#2094=ORIENTED_EDGE('',*,*,#1479,.T.);
#2095=ORIENTED_EDGE('',*,*,#1586,.T.);
#2096=ORIENTED_EDGE('',*,*,#1587,.T.);
#2097=ORIENTED_EDGE('',*,*,#1588,.T.);
#2098=ORIENTED_EDGE('',*,*,#1589,.T.);
#2099=ORIENTED_EDGE('',*,*,#1590,.F.);
#2100=ORIENTED_EDGE('',*,*,#1591,.F.);
#2101=ORIENTED_EDGE('',*,*,#1592,.F.);
#2102=ORIENTED_EDGE('',*,*,#1578,.F.);
#2103=ORIENTED_EDGE('',*,*,#1593,.F.);
#2104=ORIENTED_EDGE('',*,*,#1594,.T.);
#2105=ORIENTED_EDGE('',*,*,#1595,.T.);
#2106=ORIENTED_EDGE('',*,*,#1596,.T.);
#2107=ORIENTED_EDGE('',*,*,#1597,.T.);
#2108=ORIENTED_EDGE('',*,*,#1598,.T.);
#2109=ORIENTED_EDGE('',*,*,#1599,.F.);
#2110=ORIENTED_EDGE('',*,*,#1596,.F.);
#2111=ORIENTED_EDGE('',*,*,#1600,.T.);
#2112=ORIENTED_EDGE('',*,*,#1601,.T.);
#2113=ORIENTED_EDGE('',*,*,#1602,.T.);
#2114=ORIENTED_EDGE('',*,*,#1603,.T.);
#2115=ORIENTED_EDGE('',*,*,#1604,.F.);
#2116=ORIENTED_EDGE('',*,*,#1600,.F.);
#2117=ORIENTED_EDGE('',*,*,#1595,.F.);
#2118=ORIENTED_EDGE('',*,*,#1579,.F.);
#2119=ORIENTED_EDGE('',*,*,#1599,.T.);
#2120=ORIENTED_EDGE('',*,*,#1605,.T.);
#2121=ORIENTED_EDGE('',*,*,#1592,.T.);
#2122=ORIENTED_EDGE('',*,*,#1606,.F.);
#2123=ORIENTED_EDGE('',*,*,#1564,.F.);
#2124=ORIENTED_EDGE('',*,*,#1607,.T.);
#2125=ORIENTED_EDGE('',*,*,#1597,.F.);
#2126=ORIENTED_EDGE('',*,*,#1602,.F.);
#2127=ORIENTED_EDGE('',*,*,#1608,.F.);
#2128=ORIENTED_EDGE('',*,*,#1609,.T.);
#2129=ORIENTED_EDGE('',*,*,#1608,.T.);
#2130=ORIENTED_EDGE('',*,*,#1601,.F.);
#2131=ORIENTED_EDGE('',*,*,#1604,.T.);
#2132=ORIENTED_EDGE('',*,*,#1610,.F.);
#2133=ORIENTED_EDGE('',*,*,#1611,.T.);
#2134=ORIENTED_EDGE('',*,*,#1612,.T.);
#2135=ORIENTED_EDGE('',*,*,#1613,.T.);
#2136=ORIENTED_EDGE('',*,*,#1589,.F.);
#2137=ORIENTED_EDGE('',*,*,#1605,.F.);
#2138=ORIENTED_EDGE('',*,*,#1598,.F.);
#2139=ORIENTED_EDGE('',*,*,#1607,.F.);
#2140=ORIENTED_EDGE('',*,*,#1609,.F.);
#2141=ORIENTED_EDGE('',*,*,#1603,.F.);
#2142=ORIENTED_EDGE('',*,*,#1594,.F.);
#2143=ORIENTED_EDGE('',*,*,#1614,.F.);
#2144=ORIENTED_EDGE('',*,*,#1529,.F.);
#2145=ORIENTED_EDGE('',*,*,#1501,.T.);
#2146=ORIENTED_EDGE('',*,*,#1535,.F.);
#2147=ORIENTED_EDGE('',*,*,#1543,.F.);
#2148=ORIENTED_EDGE('',*,*,#1615,.T.);
#2149=ORIENTED_EDGE('',*,*,#1612,.F.);
#2150=ORIENTED_EDGE('',*,*,#1616,.T.);
#2151=ORIENTED_EDGE('',*,*,#1525,.F.);
#2152=ORIENTED_EDGE('',*,*,#1542,.F.);
#2153=ORIENTED_EDGE('',*,*,#1617,.F.);
#2154=ORIENTED_EDGE('',*,*,#1613,.F.);
#2155=ORIENTED_EDGE('',*,*,#1615,.F.);
#2156=ORIENTED_EDGE('',*,*,#1544,.F.);
#2157=ORIENTED_EDGE('',*,*,#1449,.F.);
#2158=ORIENTED_EDGE('',*,*,#1455,.F.);
#2159=ORIENTED_EDGE('',*,*,#1540,.F.);
#2160=ORIENTED_EDGE('',*,*,#1464,.T.);
#2161=ORIENTED_EDGE('',*,*,#1504,.F.);
#2162=ORIENTED_EDGE('',*,*,#1536,.F.);
#2163=ORIENTED_EDGE('',*,*,#1526,.F.);
#2164=ORIENTED_EDGE('',*,*,#1616,.F.);
#2165=ORIENTED_EDGE('',*,*,#1611,.F.);
#2166=ORIENTED_EDGE('',*,*,#1618,.F.);
#2167=ORIENTED_EDGE('',*,*,#1537,.F.);
#2168=ORIENTED_EDGE('',*,*,#1531,.F.);
#2169=ORIENTED_EDGE('',*,*,#1493,.F.);
#2170=ORIENTED_EDGE('',*,*,#1473,.T.);
#2171=ORIENTED_EDGE('',*,*,#1478,.T.);
#2172=ORIENTED_EDGE('',*,*,#1619,.T.);
#2173=ORIENTED_EDGE('',*,*,#1587,.F.);
#2174=ORIENTED_EDGE('',*,*,#1585,.F.);
#2175=ORIENTED_EDGE('',*,*,#1620,.F.);
#2176=ORIENTED_EDGE('',*,*,#1567,.F.);
#2177=ORIENTED_EDGE('',*,*,#1557,.F.);
#2178=ORIENTED_EDGE('',*,*,#1560,.F.);
#2179=ORIENTED_EDGE('',*,*,#1576,.F.);
#2180=ORIENTED_EDGE('',*,*,#1565,.F.);
#2181=ORIENTED_EDGE('',*,*,#1606,.T.);
#2182=ORIENTED_EDGE('',*,*,#1591,.T.);
#2183=ORIENTED_EDGE('',*,*,#1621,.T.);
#2184=ORIENTED_EDGE('',*,*,#1577,.F.);
#2185=ORIENTED_EDGE('',*,*,#1562,.F.);
#2186=ORIENTED_EDGE('',*,*,#1621,.F.);
#2187=ORIENTED_EDGE('',*,*,#1590,.T.);
#2188=ORIENTED_EDGE('',*,*,#1614,.T.);
#2189=ORIENTED_EDGE('',*,*,#1593,.T.);
#2190=ORIENTED_EDGE('',*,*,#1581,.F.);
#2191=ORIENTED_EDGE('',*,*,#1622,.T.);
#2192=ORIENTED_EDGE('',*,*,#1552,.F.);
#2193=ORIENTED_EDGE('',*,*,#1623,.T.);
#2194=ORIENTED_EDGE('',*,*,#1580,.F.);
#2195=ORIENTED_EDGE('',*,*,#1624,.F.);
#2196=ORIENTED_EDGE('',*,*,#1549,.F.);
#2197=ORIENTED_EDGE('',*,*,#1622,.F.);
#2198=ORIENTED_EDGE('',*,*,#1583,.F.);
#2199=ORIENTED_EDGE('',*,*,#1625,.T.);
#2200=ORIENTED_EDGE('',*,*,#1550,.F.);
#2201=ORIENTED_EDGE('',*,*,#1624,.T.);
#2202=ORIENTED_EDGE('',*,*,#1582,.F.);
#2203=ORIENTED_EDGE('',*,*,#1623,.F.);
#2204=ORIENTED_EDGE('',*,*,#1551,.F.);
#2205=ORIENTED_EDGE('',*,*,#1625,.F.);
#2206=ORIENTED_EDGE('',*,*,#1509,.T.);
#2207=ORIENTED_EDGE('',*,*,#1538,.F.);
#2208=ORIENTED_EDGE('',*,*,#1618,.T.);
#2209=ORIENTED_EDGE('',*,*,#1610,.T.);
#2210=ORIENTED_EDGE('',*,*,#1617,.T.);
#2211=ORIENTED_EDGE('',*,*,#1541,.F.);
#2212=ORIENTED_EDGE('',*,*,#1461,.T.);
#2213=ORIENTED_EDGE('',*,*,#1523,.T.);
#2214=ORIENTED_EDGE('',*,*,#1626,.F.);
#2215=ORIENTED_EDGE('',*,*,#1492,.T.);
#2216=ORIENTED_EDGE('',*,*,#1627,.T.);
#2217=ORIENTED_EDGE('',*,*,#1626,.T.);
#2218=ORIENTED_EDGE('',*,*,#1627,.F.);
#2219=ORIENTED_EDGE('',*,*,#1628,.F.);
#2220=ORIENTED_EDGE('',*,*,#1457,.T.);
#2221=ORIENTED_EDGE('',*,*,#1489,.T.);
#2222=ORIENTED_EDGE('',*,*,#1629,.T.);
#2223=ORIENTED_EDGE('',*,*,#1628,.T.);
#2224=ORIENTED_EDGE('',*,*,#1629,.F.);
#2225=ORIENTED_EDGE('',*,*,#1488,.T.);
#2226=ORIENTED_EDGE('',*,*,#1630,.F.);
#2227=ORIENTED_EDGE('',*,*,#1491,.T.);
#2228=ORIENTED_EDGE('',*,*,#1631,.T.);
#2229=ORIENTED_EDGE('',*,*,#1630,.T.);
#2230=ORIENTED_EDGE('',*,*,#1631,.F.);
#2231=ORIENTED_EDGE('',*,*,#1632,.F.);
#2232=ORIENTED_EDGE('',*,*,#1490,.T.);
#2233=ORIENTED_EDGE('',*,*,#1633,.T.);
#2234=ORIENTED_EDGE('',*,*,#1632,.T.);
#2235=ORIENTED_EDGE('',*,*,#1633,.F.);
#2236=ORIENTED_EDGE('',*,*,#1480,.T.);
#2237=ORIENTED_EDGE('',*,*,#1588,.F.);
#2238=ORIENTED_EDGE('',*,*,#1619,.F.);
#2239=ORIENTED_EDGE('',*,*,#1634,.F.);
#2240=ORIENTED_EDGE('',*,*,#1481,.T.);
#2241=ORIENTED_EDGE('',*,*,#1634,.T.);
#2242=ORIENTED_EDGE('',*,*,#1620,.T.);
#2243=ORIENTED_EDGE('',*,*,#1584,.T.);
#2244=ORIENTED_EDGE('',*,*,#1635,.F.);
#2245=ORIENTED_EDGE('',*,*,#1636,.T.);
#2246=ORIENTED_EDGE('',*,*,#1637,.F.);
#2247=ORIENTED_EDGE('',*,*,#1638,.F.);
#2248=ORIENTED_EDGE('',*,*,#1639,.F.);
#2249=ORIENTED_EDGE('',*,*,#1638,.T.);
#2250=ORIENTED_EDGE('',*,*,#1640,.F.);
#2251=ORIENTED_EDGE('',*,*,#1641,.F.);
#2252=ORIENTED_EDGE('',*,*,#1642,.F.);
#2253=ORIENTED_EDGE('',*,*,#1641,.T.);
#2254=ORIENTED_EDGE('',*,*,#1643,.F.);
#2255=ORIENTED_EDGE('',*,*,#1644,.F.);
#2256=ORIENTED_EDGE('',*,*,#1645,.F.);
#2257=ORIENTED_EDGE('',*,*,#1644,.T.);
#2258=ORIENTED_EDGE('',*,*,#1646,.F.);
#2259=ORIENTED_EDGE('',*,*,#1647,.F.);
#2260=ORIENTED_EDGE('',*,*,#1648,.F.);
#2261=ORIENTED_EDGE('',*,*,#1647,.T.);
#2262=ORIENTED_EDGE('',*,*,#1649,.F.);
#2263=ORIENTED_EDGE('',*,*,#1650,.F.);
#2264=ORIENTED_EDGE('',*,*,#1651,.F.);
#2265=ORIENTED_EDGE('',*,*,#1650,.T.);
#2266=ORIENTED_EDGE('',*,*,#1652,.F.);
#2267=ORIENTED_EDGE('',*,*,#1653,.F.);
#2268=ORIENTED_EDGE('',*,*,#1654,.F.);
#2269=ORIENTED_EDGE('',*,*,#1653,.T.);
#2270=ORIENTED_EDGE('',*,*,#1655,.F.);
#2271=ORIENTED_EDGE('',*,*,#1656,.F.);
#2272=ORIENTED_EDGE('',*,*,#1657,.F.);
#2273=ORIENTED_EDGE('',*,*,#1656,.T.);
#2274=ORIENTED_EDGE('',*,*,#1658,.F.);
#2275=ORIENTED_EDGE('',*,*,#1659,.F.);
#2276=ORIENTED_EDGE('',*,*,#1660,.F.);
#2277=ORIENTED_EDGE('',*,*,#1659,.T.);
#2278=ORIENTED_EDGE('',*,*,#1661,.F.);
#2279=ORIENTED_EDGE('',*,*,#1662,.F.);
#2280=ORIENTED_EDGE('',*,*,#1663,.F.);
#2281=ORIENTED_EDGE('',*,*,#1662,.T.);
#2282=ORIENTED_EDGE('',*,*,#1664,.F.);
#2283=ORIENTED_EDGE('',*,*,#1665,.F.);
#2284=ORIENTED_EDGE('',*,*,#1666,.F.);
#2285=ORIENTED_EDGE('',*,*,#1665,.T.);
#2286=ORIENTED_EDGE('',*,*,#1667,.F.);
#2287=ORIENTED_EDGE('',*,*,#1668,.F.);
#2288=ORIENTED_EDGE('',*,*,#1669,.F.);
#2289=ORIENTED_EDGE('',*,*,#1668,.T.);
#2290=ORIENTED_EDGE('',*,*,#1670,.F.);
#2291=ORIENTED_EDGE('',*,*,#1636,.F.);
#2292=ORIENTED_EDGE('',*,*,#1669,.T.);
#2293=ORIENTED_EDGE('',*,*,#1635,.T.);
#2294=ORIENTED_EDGE('',*,*,#1639,.T.);
#2295=ORIENTED_EDGE('',*,*,#1642,.T.);
#2296=ORIENTED_EDGE('',*,*,#1645,.T.);
#2297=ORIENTED_EDGE('',*,*,#1648,.T.);
#2298=ORIENTED_EDGE('',*,*,#1651,.T.);
#2299=ORIENTED_EDGE('',*,*,#1654,.T.);
#2300=ORIENTED_EDGE('',*,*,#1657,.T.);
#2301=ORIENTED_EDGE('',*,*,#1660,.T.);
#2302=ORIENTED_EDGE('',*,*,#1663,.T.);
#2303=ORIENTED_EDGE('',*,*,#1666,.T.);
#2304=ORIENTED_EDGE('',*,*,#1670,.T.);
#2305=ORIENTED_EDGE('',*,*,#1667,.T.);
#2306=ORIENTED_EDGE('',*,*,#1664,.T.);
#2307=ORIENTED_EDGE('',*,*,#1661,.T.);
#2308=ORIENTED_EDGE('',*,*,#1658,.T.);
#2309=ORIENTED_EDGE('',*,*,#1655,.T.);
#2310=ORIENTED_EDGE('',*,*,#1652,.T.);
#2311=ORIENTED_EDGE('',*,*,#1649,.T.);
#2312=ORIENTED_EDGE('',*,*,#1646,.T.);
#2313=ORIENTED_EDGE('',*,*,#1643,.T.);
#2314=ORIENTED_EDGE('',*,*,#1640,.T.);
#2315=ORIENTED_EDGE('',*,*,#1637,.T.);
#2316=ORIENTED_EDGE('',*,*,#1671,.F.);
#2317=ORIENTED_EDGE('',*,*,#1672,.T.);
#2318=ORIENTED_EDGE('',*,*,#1673,.F.);
#2319=ORIENTED_EDGE('',*,*,#1674,.F.);
#2320=ORIENTED_EDGE('',*,*,#1675,.F.);
#2321=ORIENTED_EDGE('',*,*,#1674,.T.);
#2322=ORIENTED_EDGE('',*,*,#1676,.F.);
#2323=ORIENTED_EDGE('',*,*,#1672,.F.);
#2324=ORIENTED_EDGE('',*,*,#1677,.F.);
#2325=ORIENTED_EDGE('',*,*,#1678,.T.);
#2326=ORIENTED_EDGE('',*,*,#1679,.F.);
#2327=ORIENTED_EDGE('',*,*,#1680,.F.);
#2328=ORIENTED_EDGE('',*,*,#1681,.F.);
#2329=ORIENTED_EDGE('',*,*,#1680,.T.);
#2330=ORIENTED_EDGE('',*,*,#1682,.F.);
#2331=ORIENTED_EDGE('',*,*,#1683,.F.);
#2332=ORIENTED_EDGE('',*,*,#1684,.F.);
#2333=ORIENTED_EDGE('',*,*,#1683,.T.);
#2334=ORIENTED_EDGE('',*,*,#1685,.F.);
#2335=ORIENTED_EDGE('',*,*,#1678,.F.);
#2336=ORIENTED_EDGE('',*,*,#1684,.T.);
#2337=ORIENTED_EDGE('',*,*,#1677,.T.);
#2338=ORIENTED_EDGE('',*,*,#1681,.T.);
#2339=ORIENTED_EDGE('',*,*,#1671,.T.);
#2340=ORIENTED_EDGE('',*,*,#1675,.T.);
#2341=ORIENTED_EDGE('',*,*,#1685,.T.);
#2342=ORIENTED_EDGE('',*,*,#1682,.T.);
#2343=ORIENTED_EDGE('',*,*,#1679,.T.);
#2344=ORIENTED_EDGE('',*,*,#1673,.T.);
#2345=ORIENTED_EDGE('',*,*,#1676,.T.);
#2346=ORIENTED_EDGE('',*,*,#1686,.F.);
#2347=ORIENTED_EDGE('',*,*,#1687,.T.);
#2348=ORIENTED_EDGE('',*,*,#1688,.F.);
#2349=ORIENTED_EDGE('',*,*,#1687,.F.);
#2350=ORIENTED_EDGE('',*,*,#1689,.F.);
#2351=ORIENTED_EDGE('',*,*,#1690,.T.);
#2352=ORIENTED_EDGE('',*,*,#1691,.F.);
#2353=ORIENTED_EDGE('',*,*,#1692,.F.);
#2354=ORIENTED_EDGE('',*,*,#1693,.F.);
#2355=ORIENTED_EDGE('',*,*,#1692,.T.);
#2356=ORIENTED_EDGE('',*,*,#1694,.F.);
#2357=ORIENTED_EDGE('',*,*,#1695,.F.);
#2358=ORIENTED_EDGE('',*,*,#1696,.F.);
#2359=ORIENTED_EDGE('',*,*,#1695,.T.);
#2360=ORIENTED_EDGE('',*,*,#1697,.F.);
#2361=ORIENTED_EDGE('',*,*,#1698,.F.);
#2362=ORIENTED_EDGE('',*,*,#1699,.F.);
#2363=ORIENTED_EDGE('',*,*,#1698,.T.);
#2364=ORIENTED_EDGE('',*,*,#1700,.F.);
#2365=ORIENTED_EDGE('',*,*,#1701,.F.);
#2366=ORIENTED_EDGE('',*,*,#1702,.F.);
#2367=ORIENTED_EDGE('',*,*,#1701,.T.);
#2368=ORIENTED_EDGE('',*,*,#1703,.F.);
#2369=ORIENTED_EDGE('',*,*,#1704,.F.);
#2370=ORIENTED_EDGE('',*,*,#1705,.F.);
#2371=ORIENTED_EDGE('',*,*,#1704,.T.);
#2372=ORIENTED_EDGE('',*,*,#1706,.F.);
#2373=ORIENTED_EDGE('',*,*,#1707,.F.);
#2374=ORIENTED_EDGE('',*,*,#1708,.F.);
#2375=ORIENTED_EDGE('',*,*,#1707,.T.);
#2376=ORIENTED_EDGE('',*,*,#1709,.F.);
#2377=ORIENTED_EDGE('',*,*,#1690,.F.);
#2378=ORIENTED_EDGE('',*,*,#1708,.T.);
#2379=ORIENTED_EDGE('',*,*,#1689,.T.);
#2380=ORIENTED_EDGE('',*,*,#1693,.T.);
#2381=ORIENTED_EDGE('',*,*,#1696,.T.);
#2382=ORIENTED_EDGE('',*,*,#1699,.T.);
#2383=ORIENTED_EDGE('',*,*,#1702,.T.);
#2384=ORIENTED_EDGE('',*,*,#1705,.T.);
#2385=ORIENTED_EDGE('',*,*,#1686,.T.);
#2386=ORIENTED_EDGE('',*,*,#1709,.T.);
#2387=ORIENTED_EDGE('',*,*,#1706,.T.);
#2388=ORIENTED_EDGE('',*,*,#1703,.T.);
#2389=ORIENTED_EDGE('',*,*,#1700,.T.);
#2390=ORIENTED_EDGE('',*,*,#1697,.T.);
#2391=ORIENTED_EDGE('',*,*,#1694,.T.);
#2392=ORIENTED_EDGE('',*,*,#1691,.T.);
#2393=ORIENTED_EDGE('',*,*,#1688,.T.);
#2394=ORIENTED_EDGE('',*,*,#1710,.F.);
#2395=ORIENTED_EDGE('',*,*,#1711,.T.);
#2396=ORIENTED_EDGE('',*,*,#1712,.F.);
#2397=ORIENTED_EDGE('',*,*,#1713,.F.);
#2398=ORIENTED_EDGE('',*,*,#1714,.F.);
#2399=ORIENTED_EDGE('',*,*,#1713,.T.);
#2400=ORIENTED_EDGE('',*,*,#1715,.F.);
#2401=ORIENTED_EDGE('',*,*,#1711,.F.);
#2402=ORIENTED_EDGE('',*,*,#1714,.T.);
#2403=ORIENTED_EDGE('',*,*,#1710,.T.);
#2404=ORIENTED_EDGE('',*,*,#1715,.T.);
#2405=ORIENTED_EDGE('',*,*,#1712,.T.);
#2406=ORIENTED_EDGE('',*,*,#1716,.F.);
#2407=ORIENTED_EDGE('',*,*,#1717,.T.);
#2408=ORIENTED_EDGE('',*,*,#1718,.F.);
#2409=ORIENTED_EDGE('',*,*,#1719,.F.);
#2410=ORIENTED_EDGE('',*,*,#1720,.F.);
#2411=ORIENTED_EDGE('',*,*,#1719,.T.);
#2412=ORIENTED_EDGE('',*,*,#1721,.F.);
#2413=ORIENTED_EDGE('',*,*,#1722,.F.);
#2414=ORIENTED_EDGE('',*,*,#1723,.F.);
#2415=ORIENTED_EDGE('',*,*,#1722,.T.);
#2416=ORIENTED_EDGE('',*,*,#1724,.F.);
#2417=ORIENTED_EDGE('',*,*,#1725,.F.);
#2418=ORIENTED_EDGE('',*,*,#1726,.F.);
#2419=ORIENTED_EDGE('',*,*,#1725,.T.);
#2420=ORIENTED_EDGE('',*,*,#1727,.F.);
#2421=ORIENTED_EDGE('',*,*,#1728,.F.);
#2422=ORIENTED_EDGE('',*,*,#1729,.F.);
#2423=ORIENTED_EDGE('',*,*,#1728,.T.);
#2424=ORIENTED_EDGE('',*,*,#1730,.F.);
#2425=ORIENTED_EDGE('',*,*,#1731,.F.);
#2426=ORIENTED_EDGE('',*,*,#1732,.F.);
#2427=ORIENTED_EDGE('',*,*,#1731,.T.);
#2428=ORIENTED_EDGE('',*,*,#1733,.F.);
#2429=ORIENTED_EDGE('',*,*,#1734,.F.);
#2430=ORIENTED_EDGE('',*,*,#1735,.F.);
#2431=ORIENTED_EDGE('',*,*,#1734,.T.);
#2432=ORIENTED_EDGE('',*,*,#1736,.F.);
#2433=ORIENTED_EDGE('',*,*,#1737,.F.);
#2434=ORIENTED_EDGE('',*,*,#1738,.F.);
#2435=ORIENTED_EDGE('',*,*,#1737,.T.);
#2436=ORIENTED_EDGE('',*,*,#1739,.F.);
#2437=ORIENTED_EDGE('',*,*,#1740,.F.);
#2438=ORIENTED_EDGE('',*,*,#1741,.F.);
#2439=ORIENTED_EDGE('',*,*,#1740,.T.);
#2440=ORIENTED_EDGE('',*,*,#1742,.F.);
#2441=ORIENTED_EDGE('',*,*,#1743,.F.);
#2442=ORIENTED_EDGE('',*,*,#1744,.F.);
#2443=ORIENTED_EDGE('',*,*,#1743,.T.);
#2444=ORIENTED_EDGE('',*,*,#1745,.F.);
#2445=ORIENTED_EDGE('',*,*,#1717,.F.);
#2446=ORIENTED_EDGE('',*,*,#1744,.T.);
#2447=ORIENTED_EDGE('',*,*,#1716,.T.);
#2448=ORIENTED_EDGE('',*,*,#1720,.T.);
#2449=ORIENTED_EDGE('',*,*,#1723,.T.);
#2450=ORIENTED_EDGE('',*,*,#1726,.T.);
#2451=ORIENTED_EDGE('',*,*,#1729,.T.);
#2452=ORIENTED_EDGE('',*,*,#1732,.T.);
#2453=ORIENTED_EDGE('',*,*,#1735,.T.);
#2454=ORIENTED_EDGE('',*,*,#1738,.T.);
#2455=ORIENTED_EDGE('',*,*,#1741,.T.);
#2456=ORIENTED_EDGE('',*,*,#1745,.T.);
#2457=ORIENTED_EDGE('',*,*,#1742,.T.);
#2458=ORIENTED_EDGE('',*,*,#1739,.T.);
#2459=ORIENTED_EDGE('',*,*,#1736,.T.);
#2460=ORIENTED_EDGE('',*,*,#1733,.T.);
#2461=ORIENTED_EDGE('',*,*,#1730,.T.);
#2462=ORIENTED_EDGE('',*,*,#1727,.T.);
#2463=ORIENTED_EDGE('',*,*,#1724,.T.);
#2464=ORIENTED_EDGE('',*,*,#1721,.T.);
#2465=ORIENTED_EDGE('',*,*,#1718,.T.);
#2466=ORIENTED_EDGE('',*,*,#1746,.F.);
#2467=ORIENTED_EDGE('',*,*,#1747,.T.);
#2468=ORIENTED_EDGE('',*,*,#1748,.F.);
#2469=ORIENTED_EDGE('',*,*,#1749,.F.);
#2470=ORIENTED_EDGE('',*,*,#1750,.F.);
#2471=ORIENTED_EDGE('',*,*,#1749,.T.);
#2472=ORIENTED_EDGE('',*,*,#1751,.F.);
#2473=ORIENTED_EDGE('',*,*,#1752,.F.);
#2474=ORIENTED_EDGE('',*,*,#1753,.F.);
#2475=ORIENTED_EDGE('',*,*,#1752,.T.);
#2476=ORIENTED_EDGE('',*,*,#1754,.F.);
#2477=ORIENTED_EDGE('',*,*,#1755,.F.);
#2478=ORIENTED_EDGE('',*,*,#1756,.F.);
#2479=ORIENTED_EDGE('',*,*,#1755,.T.);
#2480=ORIENTED_EDGE('',*,*,#1757,.F.);
#2481=ORIENTED_EDGE('',*,*,#1758,.F.);
#2482=ORIENTED_EDGE('',*,*,#1759,.F.);
#2483=ORIENTED_EDGE('',*,*,#1758,.T.);
#2484=ORIENTED_EDGE('',*,*,#1760,.F.);
#2485=ORIENTED_EDGE('',*,*,#1761,.F.);
#2486=ORIENTED_EDGE('',*,*,#1762,.F.);
#2487=ORIENTED_EDGE('',*,*,#1761,.T.);
#2488=ORIENTED_EDGE('',*,*,#1763,.F.);
#2489=ORIENTED_EDGE('',*,*,#1764,.F.);
#2490=ORIENTED_EDGE('',*,*,#1765,.F.);
#2491=ORIENTED_EDGE('',*,*,#1764,.T.);
#2492=ORIENTED_EDGE('',*,*,#1766,.F.);
#2493=ORIENTED_EDGE('',*,*,#1767,.F.);
#2494=ORIENTED_EDGE('',*,*,#1768,.F.);
#2495=ORIENTED_EDGE('',*,*,#1767,.T.);
#2496=ORIENTED_EDGE('',*,*,#1769,.F.);
#2497=ORIENTED_EDGE('',*,*,#1770,.F.);
#2498=ORIENTED_EDGE('',*,*,#1771,.F.);
#2499=ORIENTED_EDGE('',*,*,#1770,.T.);
#2500=ORIENTED_EDGE('',*,*,#1772,.F.);
#2501=ORIENTED_EDGE('',*,*,#1773,.F.);
#2502=ORIENTED_EDGE('',*,*,#1774,.F.);
#2503=ORIENTED_EDGE('',*,*,#1773,.T.);
#2504=ORIENTED_EDGE('',*,*,#1775,.F.);
#2505=ORIENTED_EDGE('',*,*,#1776,.F.);
#2506=ORIENTED_EDGE('',*,*,#1777,.F.);
#2507=ORIENTED_EDGE('',*,*,#1776,.T.);
#2508=ORIENTED_EDGE('',*,*,#1778,.F.);
#2509=ORIENTED_EDGE('',*,*,#1779,.F.);
#2510=ORIENTED_EDGE('',*,*,#1780,.F.);
#2511=ORIENTED_EDGE('',*,*,#1779,.T.);
#2512=ORIENTED_EDGE('',*,*,#1781,.F.);
#2513=ORIENTED_EDGE('',*,*,#1782,.F.);
#2514=ORIENTED_EDGE('',*,*,#1783,.F.);
#2515=ORIENTED_EDGE('',*,*,#1782,.T.);
#2516=ORIENTED_EDGE('',*,*,#1784,.F.);
#2517=ORIENTED_EDGE('',*,*,#1785,.F.);
#2518=ORIENTED_EDGE('',*,*,#1786,.F.);
#2519=ORIENTED_EDGE('',*,*,#1785,.T.);
#2520=ORIENTED_EDGE('',*,*,#1787,.F.);
#2521=ORIENTED_EDGE('',*,*,#1788,.F.);
#2522=ORIENTED_EDGE('',*,*,#1789,.F.);
#2523=ORIENTED_EDGE('',*,*,#1788,.T.);
#2524=ORIENTED_EDGE('',*,*,#1790,.F.);
#2525=ORIENTED_EDGE('',*,*,#1791,.F.);
#2526=ORIENTED_EDGE('',*,*,#1792,.F.);
#2527=ORIENTED_EDGE('',*,*,#1791,.T.);
#2528=ORIENTED_EDGE('',*,*,#1793,.F.);
#2529=ORIENTED_EDGE('',*,*,#1794,.F.);
#2530=ORIENTED_EDGE('',*,*,#1795,.F.);
#2531=ORIENTED_EDGE('',*,*,#1794,.T.);
#2532=ORIENTED_EDGE('',*,*,#1796,.F.);
#2533=ORIENTED_EDGE('',*,*,#1797,.F.);
#2534=ORIENTED_EDGE('',*,*,#1798,.F.);
#2535=ORIENTED_EDGE('',*,*,#1797,.T.);
#2536=ORIENTED_EDGE('',*,*,#1799,.F.);
#2537=ORIENTED_EDGE('',*,*,#1747,.F.);
#2538=ORIENTED_EDGE('',*,*,#1798,.T.);
#2539=ORIENTED_EDGE('',*,*,#1746,.T.);
#2540=ORIENTED_EDGE('',*,*,#1750,.T.);
#2541=ORIENTED_EDGE('',*,*,#1753,.T.);
#2542=ORIENTED_EDGE('',*,*,#1756,.T.);
#2543=ORIENTED_EDGE('',*,*,#1759,.T.);
#2544=ORIENTED_EDGE('',*,*,#1762,.T.);
#2545=ORIENTED_EDGE('',*,*,#1765,.T.);
#2546=ORIENTED_EDGE('',*,*,#1768,.T.);
#2547=ORIENTED_EDGE('',*,*,#1771,.T.);
#2548=ORIENTED_EDGE('',*,*,#1774,.T.);
#2549=ORIENTED_EDGE('',*,*,#1777,.T.);
#2550=ORIENTED_EDGE('',*,*,#1780,.T.);
#2551=ORIENTED_EDGE('',*,*,#1783,.T.);
#2552=ORIENTED_EDGE('',*,*,#1786,.T.);
#2553=ORIENTED_EDGE('',*,*,#1789,.T.);
#2554=ORIENTED_EDGE('',*,*,#1792,.T.);
#2555=ORIENTED_EDGE('',*,*,#1795,.T.);
#2556=ORIENTED_EDGE('',*,*,#1799,.T.);
#2557=ORIENTED_EDGE('',*,*,#1796,.T.);
#2558=ORIENTED_EDGE('',*,*,#1793,.T.);
#2559=ORIENTED_EDGE('',*,*,#1790,.T.);
#2560=ORIENTED_EDGE('',*,*,#1787,.T.);
#2561=ORIENTED_EDGE('',*,*,#1784,.T.);
#2562=ORIENTED_EDGE('',*,*,#1781,.T.);
#2563=ORIENTED_EDGE('',*,*,#1778,.T.);
#2564=ORIENTED_EDGE('',*,*,#1775,.T.);
#2565=ORIENTED_EDGE('',*,*,#1772,.T.);
#2566=ORIENTED_EDGE('',*,*,#1769,.T.);
#2567=ORIENTED_EDGE('',*,*,#1766,.T.);
#2568=ORIENTED_EDGE('',*,*,#1763,.T.);
#2569=ORIENTED_EDGE('',*,*,#1760,.T.);
#2570=ORIENTED_EDGE('',*,*,#1757,.T.);
#2571=ORIENTED_EDGE('',*,*,#1754,.T.);
#2572=ORIENTED_EDGE('',*,*,#1751,.T.);
#2573=ORIENTED_EDGE('',*,*,#1748,.T.);
#2574=ORIENTED_EDGE('',*,*,#1800,.F.);
#2575=ORIENTED_EDGE('',*,*,#1801,.T.);
#2576=ORIENTED_EDGE('',*,*,#1802,.F.);
#2577=ORIENTED_EDGE('',*,*,#1803,.F.);
#2578=ORIENTED_EDGE('',*,*,#1804,.F.);
#2579=ORIENTED_EDGE('',*,*,#1803,.T.);
#2580=ORIENTED_EDGE('',*,*,#1805,.F.);
#2581=ORIENTED_EDGE('',*,*,#1806,.F.);
#2582=ORIENTED_EDGE('',*,*,#1807,.F.);
#2583=ORIENTED_EDGE('',*,*,#1806,.T.);
#2584=ORIENTED_EDGE('',*,*,#1808,.F.);
#2585=ORIENTED_EDGE('',*,*,#1809,.F.);
#2586=ORIENTED_EDGE('',*,*,#1810,.F.);
#2587=ORIENTED_EDGE('',*,*,#1809,.T.);
#2588=ORIENTED_EDGE('',*,*,#1811,.F.);
#2589=ORIENTED_EDGE('',*,*,#1812,.F.);
#2590=ORIENTED_EDGE('',*,*,#1813,.F.);
#2591=ORIENTED_EDGE('',*,*,#1812,.T.);
#2592=ORIENTED_EDGE('',*,*,#1814,.F.);
#2593=ORIENTED_EDGE('',*,*,#1815,.F.);
#2594=ORIENTED_EDGE('',*,*,#1816,.F.);
#2595=ORIENTED_EDGE('',*,*,#1815,.T.);
#2596=ORIENTED_EDGE('',*,*,#1817,.F.);
#2597=ORIENTED_EDGE('',*,*,#1818,.F.);
#2598=ORIENTED_EDGE('',*,*,#1819,.F.);
#2599=ORIENTED_EDGE('',*,*,#1818,.T.);
#2600=ORIENTED_EDGE('',*,*,#1820,.F.);
#2601=ORIENTED_EDGE('',*,*,#1821,.F.);
#2602=ORIENTED_EDGE('',*,*,#1822,.F.);
#2603=ORIENTED_EDGE('',*,*,#1821,.T.);
#2604=ORIENTED_EDGE('',*,*,#1823,.F.);
#2605=ORIENTED_EDGE('',*,*,#1824,.F.);
#2606=ORIENTED_EDGE('',*,*,#1825,.F.);
#2607=ORIENTED_EDGE('',*,*,#1824,.T.);
#2608=ORIENTED_EDGE('',*,*,#1826,.F.);
#2609=ORIENTED_EDGE('',*,*,#1827,.F.);
#2610=ORIENTED_EDGE('',*,*,#1828,.F.);
#2611=ORIENTED_EDGE('',*,*,#1827,.T.);
#2612=ORIENTED_EDGE('',*,*,#1829,.F.);
#2613=ORIENTED_EDGE('',*,*,#1830,.F.);
#2614=ORIENTED_EDGE('',*,*,#1831,.F.);
#2615=ORIENTED_EDGE('',*,*,#1830,.T.);
#2616=ORIENTED_EDGE('',*,*,#1832,.F.);
#2617=ORIENTED_EDGE('',*,*,#1833,.F.);
#2618=ORIENTED_EDGE('',*,*,#1834,.F.);
#2619=ORIENTED_EDGE('',*,*,#1833,.T.);
#2620=ORIENTED_EDGE('',*,*,#1835,.F.);
#2621=ORIENTED_EDGE('',*,*,#1836,.F.);
#2622=ORIENTED_EDGE('',*,*,#1837,.F.);
#2623=ORIENTED_EDGE('',*,*,#1836,.T.);
#2624=ORIENTED_EDGE('',*,*,#1838,.F.);
#2625=ORIENTED_EDGE('',*,*,#1839,.F.);
#2626=ORIENTED_EDGE('',*,*,#1840,.F.);
#2627=ORIENTED_EDGE('',*,*,#1839,.T.);
#2628=ORIENTED_EDGE('',*,*,#1841,.F.);
#2629=ORIENTED_EDGE('',*,*,#1801,.F.);
#2630=ORIENTED_EDGE('',*,*,#1840,.T.);
#2631=ORIENTED_EDGE('',*,*,#1800,.T.);
#2632=ORIENTED_EDGE('',*,*,#1804,.T.);
#2633=ORIENTED_EDGE('',*,*,#1807,.T.);
#2634=ORIENTED_EDGE('',*,*,#1810,.T.);
#2635=ORIENTED_EDGE('',*,*,#1813,.T.);
#2636=ORIENTED_EDGE('',*,*,#1816,.T.);
#2637=ORIENTED_EDGE('',*,*,#1819,.T.);
#2638=ORIENTED_EDGE('',*,*,#1822,.T.);
#2639=ORIENTED_EDGE('',*,*,#1825,.T.);
#2640=ORIENTED_EDGE('',*,*,#1828,.T.);
#2641=ORIENTED_EDGE('',*,*,#1831,.T.);
#2642=ORIENTED_EDGE('',*,*,#1834,.T.);
#2643=ORIENTED_EDGE('',*,*,#1837,.T.);
#2644=ORIENTED_EDGE('',*,*,#1841,.T.);
#2645=ORIENTED_EDGE('',*,*,#1838,.T.);
#2646=ORIENTED_EDGE('',*,*,#1835,.T.);
#2647=ORIENTED_EDGE('',*,*,#1832,.T.);
#2648=ORIENTED_EDGE('',*,*,#1829,.T.);
#2649=ORIENTED_EDGE('',*,*,#1826,.T.);
#2650=ORIENTED_EDGE('',*,*,#1823,.T.);
#2651=ORIENTED_EDGE('',*,*,#1820,.T.);
#2652=ORIENTED_EDGE('',*,*,#1817,.T.);
#2653=ORIENTED_EDGE('',*,*,#1814,.T.);
#2654=ORIENTED_EDGE('',*,*,#1811,.T.);
#2655=ORIENTED_EDGE('',*,*,#1808,.T.);
#2656=ORIENTED_EDGE('',*,*,#1805,.T.);
#2657=ORIENTED_EDGE('',*,*,#1802,.T.);
#2658=PLANE('',#2958);
#2659=PLANE('',#2959);
#2660=PLANE('',#2960);
#2661=PLANE('',#2961);
#2662=PLANE('',#2962);
#2663=PLANE('',#2963);
#2664=PLANE('',#2964);
#2665=PLANE('',#2966);
#2666=PLANE('',#2967);
#2667=PLANE('',#2968);
#2668=PLANE('',#2969);
#2669=PLANE('',#2970);
#2670=PLANE('',#2976);
#2671=PLANE('',#2977);
#2672=PLANE('',#2978);
#2673=PLANE('',#2979);
#2674=PLANE('',#2980);
#2675=PLANE('',#2981);
#2676=PLANE('',#2982);
#2677=PLANE('',#2983);
#2678=PLANE('',#2984);
#2679=PLANE('',#2985);
#2680=PLANE('',#2986);
#2681=PLANE('',#2987);
#2682=PLANE('',#2988);
#2683=PLANE('',#2989);
#2684=PLANE('',#2990);
#2685=PLANE('',#2991);
#2686=PLANE('',#2992);
#2687=PLANE('',#2993);
#2688=PLANE('',#2994);
#2689=PLANE('',#2995);
#2690=PLANE('',#2996);
#2691=PLANE('',#2997);
#2692=PLANE('',#3002);
#2693=PLANE('',#3003);
#2694=PLANE('',#3004);
#2695=PLANE('',#3009);
#2696=PLANE('',#3010);
#2697=PLANE('',#3011);
#2698=PLANE('',#3012);
#2699=PLANE('',#3013);
#2700=PLANE('',#3014);
#2701=PLANE('',#3015);
#2702=PLANE('',#3016);
#2703=PLANE('',#3017);
#2704=PLANE('',#3018);
#2705=PLANE('',#3019);
#2706=PLANE('',#3020);
#2707=PLANE('',#3021);
#2708=PLANE('',#3022);
#2709=PLANE('',#3023);
#2710=PLANE('',#3024);
#2711=PLANE('',#3025);
#2712=PLANE('',#3026);
#2713=PLANE('',#3027);
#2714=PLANE('',#3028);
#2715=PLANE('',#3029);
#2716=PLANE('',#3030);
#2717=PLANE('',#3031);
#2718=PLANE('',#3033);
#2719=PLANE('',#3035);
#2720=PLANE('',#3037);
#2721=PLANE('',#3039);
#2722=PLANE('',#3040);
#2723=PLANE('',#3041);
#2724=PLANE('',#3042);
#2725=PLANE('',#3043);
#2726=PLANE('',#3044);
#2727=PLANE('',#3045);
#2728=PLANE('',#3046);
#2729=PLANE('',#3047);
#2730=PLANE('',#3048);
#2731=PLANE('',#3049);
#2732=PLANE('',#3050);
#2733=PLANE('',#3051);
#2734=PLANE('',#3052);
#2735=PLANE('',#3053);
#2736=PLANE('',#3054);
#2737=PLANE('',#3055);
#2738=PLANE('',#3056);
#2739=PLANE('',#3057);
#2740=PLANE('',#3058);
#2741=PLANE('',#3059);
#2742=PLANE('',#3060);
#2743=PLANE('',#3061);
#2744=PLANE('',#3062);
#2745=PLANE('',#3063);
#2746=PLANE('',#3064);
#2747=PLANE('',#3065);
#2748=PLANE('',#3066);
#2749=PLANE('',#3067);
#2750=PLANE('',#3068);
#2751=PLANE('',#3069);
#2752=PLANE('',#3070);
#2753=PLANE('',#3071);
#2754=PLANE('',#3072);
#2755=PLANE('',#3073);
#2756=PLANE('',#3074);
#2757=PLANE('',#3075);
#2758=PLANE('',#3076);
#2759=PLANE('',#3077);
#2760=PLANE('',#3078);
#2761=PLANE('',#3079);
#2762=PLANE('',#3080);
#2763=PLANE('',#3081);
#2764=PLANE('',#3082);
#2765=PLANE('',#3083);
#2766=PLANE('',#3084);
#2767=PLANE('',#3085);
#2768=PLANE('',#3086);
#2769=PLANE('',#3087);
#2770=PLANE('',#3088);
#2771=PLANE('',#3089);
#2772=PLANE('',#3090);
#2773=PLANE('',#3091);
#2774=PLANE('',#3092);
#2775=PLANE('',#3093);
#2776=PLANE('',#3094);
#2777=PLANE('',#3095);
#2778=PLANE('',#3096);
#2779=PLANE('',#3097);
#2780=PLANE('',#3098);
#2781=ADVANCED_FACE('',(#150),#2658,.F.);
#2782=ADVANCED_FACE('',(#151),#2659,.F.);
#2783=ADVANCED_FACE('',(#152),#2660,.T.);
#2784=ADVANCED_FACE('',(#153),#2661,.F.);
#2785=ADVANCED_FACE('',(#154),#2662,.F.);
#2786=ADVANCED_FACE('',(#155),#2663,.T.);
#2787=ADVANCED_FACE('',(#156),#2664,.T.);
#2788=ADVANCED_FACE('',(#157),#2665,.T.);
#2789=ADVANCED_FACE('',(#158),#2666,.F.);
#2790=ADVANCED_FACE('',(#159),#2667,.F.);
#2791=ADVANCED_FACE('',(#160),#2668,.F.);
#2792=ADVANCED_FACE('',(#161,#112,#113,#114,#115),#2669,.F.);
#2793=ADVANCED_FACE('',(#162),#2670,.T.);
#2794=ADVANCED_FACE('',(#163),#2671,.T.);
#2795=ADVANCED_FACE('',(#164),#2672,.F.);
#2796=ADVANCED_FACE('',(#165),#2673,.F.);
#2797=ADVANCED_FACE('',(#166),#2674,.T.);
#2798=ADVANCED_FACE('',(#167),#2675,.T.);
#2799=ADVANCED_FACE('',(#168),#2676,.T.);
#2800=ADVANCED_FACE('',(#169),#2677,.F.);
#2801=ADVANCED_FACE('',(#170),#2678,.T.);
#2802=ADVANCED_FACE('',(#171),#2679,.T.);
#2803=ADVANCED_FACE('',(#172),#2680,.F.);
#2804=ADVANCED_FACE('',(#173),#2681,.F.);
#2805=ADVANCED_FACE('',(#174),#2682,.T.);
#2806=ADVANCED_FACE('',(#175),#2683,.F.);
#2807=ADVANCED_FACE('',(#176),#2684,.T.);
#2808=ADVANCED_FACE('',(#177),#2685,.F.);
#2809=ADVANCED_FACE('',(#178),#2686,.F.);
#2810=ADVANCED_FACE('',(#179),#2687,.F.);
#2811=ADVANCED_FACE('',(#180),#2688,.T.);
#2812=ADVANCED_FACE('',(#181),#2689,.F.);
#2813=ADVANCED_FACE('',(#182),#2690,.F.);
#2814=ADVANCED_FACE('',(#183,#116,#117,#118,#119,#120),#2691,.F.);
#2815=ADVANCED_FACE('',(#184),#2692,.F.);
#2816=ADVANCED_FACE('',(#185),#2693,.F.);
#2817=ADVANCED_FACE('',(#186),#2694,.T.);
#2818=ADVANCED_FACE('',(#187),#104,.T.);
#2819=ADVANCED_FACE('',(#188),#105,.T.);
#2820=ADVANCED_FACE('',(#189),#106,.T.);
#2821=ADVANCED_FACE('',(#190),#107,.T.);
#2822=ADVANCED_FACE('',(#191),#2695,.F.);
#2823=ADVANCED_FACE('',(#192,#121,#122,#123,#124,#125),#2696,.F.);
#2824=ADVANCED_FACE('',(#193),#2697,.F.);
#2825=ADVANCED_FACE('',(#194),#2698,.F.);
#2826=ADVANCED_FACE('',(#195),#2699,.F.);
#2827=ADVANCED_FACE('',(#196),#2700,.T.);
#2828=ADVANCED_FACE('',(#197),#2701,.T.);
#2829=ADVANCED_FACE('',(#198),#2702,.F.);
#2830=ADVANCED_FACE('',(#199),#2703,.T.);
#2831=ADVANCED_FACE('',(#200),#2704,.T.);
#2832=ADVANCED_FACE('',(#201),#2705,.T.);
#2833=ADVANCED_FACE('',(#202,#126),#2706,.T.);
#2834=ADVANCED_FACE('',(#203),#2707,.T.);
#2835=ADVANCED_FACE('',(#204),#2708,.T.);
#2836=ADVANCED_FACE('',(#205),#2709,.F.);
#2837=ADVANCED_FACE('',(#206,#127),#2710,.F.);
#2838=ADVANCED_FACE('',(#207),#2711,.T.);
#2839=ADVANCED_FACE('',(#208),#2712,.T.);
#2840=ADVANCED_FACE('',(#209),#2713,.T.);
#2841=ADVANCED_FACE('',(#210),#2714,.T.);
#2842=ADVANCED_FACE('',(#211),#2715,.F.);
#2843=ADVANCED_FACE('',(#212),#2716,.T.);
#2844=ADVANCED_FACE('',(#213),#2717,.F.);
#2845=ADVANCED_FACE('',(#214),#108,.T.);
#2846=ADVANCED_FACE('',(#215),#2718,.F.);
#2847=ADVANCED_FACE('',(#216),#109,.T.);
#2848=ADVANCED_FACE('',(#217),#2719,.F.);
#2849=ADVANCED_FACE('',(#218),#110,.T.);
#2850=ADVANCED_FACE('',(#219),#2720,.F.);
#2851=ADVANCED_FACE('',(#220),#111,.T.);
#2852=ADVANCED_FACE('',(#221),#2721,.F.);
#2853=ADVANCED_FACE('',(#222),#2722,.T.);
#2854=ADVANCED_FACE('',(#223),#2723,.T.);
#2855=ADVANCED_FACE('',(#224),#63,.T.);
#2856=ADVANCED_FACE('',(#225),#2724,.T.);
#2857=ADVANCED_FACE('',(#226),#2725,.T.);
#2858=ADVANCED_FACE('',(#227),#64,.T.);
#2859=ADVANCED_FACE('',(#228),#2726,.T.);
#2860=ADVANCED_FACE('',(#229),#2727,.T.);
#2861=ADVANCED_FACE('',(#230),#2728,.T.);
#2862=ADVANCED_FACE('',(#231),#2729,.T.);
#2863=ADVANCED_FACE('',(#232),#2730,.T.);
#2864=ADVANCED_FACE('',(#233),#2731,.T.);
#2865=ADVANCED_FACE('',(#234),#65,.T.);
#2866=ADVANCED_FACE('',(#235),#2732,.T.);
#2867=ADVANCED_FACE('',(#236),#2733,.F.);
#2868=ADVANCED_FACE('',(#237),#2734,.F.);
#2869=ADVANCED_FACE('',(#238),#66,.F.);
#2870=ADVANCED_FACE('',(#239),#2735,.T.);
#2871=ADVANCED_FACE('',(#240),#67,.T.);
#2872=ADVANCED_FACE('',(#241),#68,.T.);
#2873=ADVANCED_FACE('',(#242,#128),#2736,.T.);
#2874=ADVANCED_FACE('',(#243,#129),#2737,.F.);
#2875=ADVANCED_FACE('',(#244),#69,.F.);
#2876=ADVANCED_FACE('',(#245),#70,.T.);
#2877=ADVANCED_FACE('',(#246),#2738,.T.);
#2878=ADVANCED_FACE('',(#247),#2739,.T.);
#2879=ADVANCED_FACE('',(#248),#2740,.T.);
#2880=ADVANCED_FACE('',(#249),#2741,.T.);
#2881=ADVANCED_FACE('',(#250),#71,.T.);
#2882=ADVANCED_FACE('',(#251),#72,.T.);
#2883=ADVANCED_FACE('',(#252,#130),#2742,.T.);
#2884=ADVANCED_FACE('',(#253,#131),#2743,.F.);
#2885=ADVANCED_FACE('',(#254),#73,.T.);
#2886=ADVANCED_FACE('',(#255),#74,.T.);
#2887=ADVANCED_FACE('',(#256),#2744,.T.);
#2888=ADVANCED_FACE('',(#257),#2745,.F.);
#2889=ADVANCED_FACE('',(#258),#2746,.T.);
#2890=ADVANCED_FACE('',(#259),#75,.T.);
#2891=ADVANCED_FACE('',(#260),#2747,.T.);
#2892=ADVANCED_FACE('',(#261),#2748,.T.);
#2893=ADVANCED_FACE('',(#262),#2749,.T.);
#2894=ADVANCED_FACE('',(#263),#76,.T.);
#2895=ADVANCED_FACE('',(#264),#2750,.T.);
#2896=ADVANCED_FACE('',(#265),#2751,.T.);
#2897=ADVANCED_FACE('',(#266),#2752,.T.);
#2898=ADVANCED_FACE('',(#267),#77,.T.);
#2899=ADVANCED_FACE('',(#268),#2753,.T.);
#2900=ADVANCED_FACE('',(#269),#2754,.F.);
#2901=ADVANCED_FACE('',(#270),#2755,.T.);
#2902=ADVANCED_FACE('',(#271),#2756,.T.);
#2903=ADVANCED_FACE('',(#272),#2757,.T.);
#2904=ADVANCED_FACE('',(#273),#78,.T.);
#2905=ADVANCED_FACE('',(#274),#2758,.T.);
#2906=ADVANCED_FACE('',(#275),#79,.T.);
#2907=ADVANCED_FACE('',(#276),#2759,.T.);
#2908=ADVANCED_FACE('',(#277),#80,.T.);
#2909=ADVANCED_FACE('',(#278),#2760,.T.);
#2910=ADVANCED_FACE('',(#279),#81,.T.);
#2911=ADVANCED_FACE('',(#280),#2761,.T.);
#2912=ADVANCED_FACE('',(#281),#2762,.T.);
#2913=ADVANCED_FACE('',(#282),#2763,.T.);
#2914=ADVANCED_FACE('',(#283),#82,.T.);
#2915=ADVANCED_FACE('',(#284),#2764,.T.);
#2916=ADVANCED_FACE('',(#285),#2765,.T.);
#2917=ADVANCED_FACE('',(#286),#2766,.T.);
#2918=ADVANCED_FACE('',(#287),#83,.T.);
#2919=ADVANCED_FACE('',(#288),#2767,.T.);
#2920=ADVANCED_FACE('',(#289),#2768,.F.);
#2921=ADVANCED_FACE('',(#290),#2769,.T.);
#2922=ADVANCED_FACE('',(#291),#84,.T.);
#2923=ADVANCED_FACE('',(#292),#2770,.T.);
#2924=ADVANCED_FACE('',(#293),#85,.T.);
#2925=ADVANCED_FACE('',(#294),#2771,.T.);
#2926=ADVANCED_FACE('',(#295),#2772,.T.);
#2927=ADVANCED_FACE('',(#296),#2773,.T.);
#2928=ADVANCED_FACE('',(#297),#86,.T.);
#2929=ADVANCED_FACE('',(#298),#2774,.T.);
#2930=ADVANCED_FACE('',(#299),#2775,.T.);
#2931=ADVANCED_FACE('',(#300),#87,.T.);
#2932=ADVANCED_FACE('',(#301),#2776,.T.);
#2933=ADVANCED_FACE('',(#302),#2777,.T.);
#2934=ADVANCED_FACE('',(#303),#2778,.T.);
#2935=ADVANCED_FACE('',(#304),#2779,.T.);
#2936=ADVANCED_FACE('',(#305),#2780,.F.);
#2937=CLOSED_SHELL('',(#2781,#2782,#2783,#2784,#2785,#2786,#2787,#2788,
#2789,#2790,#2791,#2792,#2793,#2794,#2795,#2796,#2797,#2798,#2799,#2800,
#2801,#2802,#2803,#2804,#2805,#2806,#2807,#2808,#2809,#2810,#2811,#2812,
#2813,#2814,#2815,#2816,#2817,#2818,#2819,#2820,#2821,#2822,#2823,#2824,
#2825,#2826,#2827,#2828,#2829,#2830,#2831,#2832,#2833,#2834,#2835,#2836,
#2837,#2838,#2839,#2840,#2841,#2842,#2843,#2844,#2845,#2846,#2847,#2848,
#2849,#2850,#2851,#2852,#2853));
#2938=CLOSED_SHELL('',(#2854,#2855,#2856,#2857,#2858,#2859,#2860,#2861,
#2862,#2863,#2864,#2865,#2866,#2867));
#2939=CLOSED_SHELL('',(#2868,#2869,#2870,#2871,#2872,#2873,#2874));
#2940=CLOSED_SHELL('',(#2875,#2876,#2877,#2878,#2879,#2880,#2881,#2882,
#2883,#2884));
#2941=CLOSED_SHELL('',(#2885,#2886,#2887,#2888));
#2942=CLOSED_SHELL('',(#2889,#2890,#2891,#2892,#2893,#2894,#2895,#2896,
#2897,#2898,#2899,#2900));
#2943=CLOSED_SHELL('',(#2901,#2902,#2903,#2904,#2905,#2906,#2907,#2908,
#2909,#2910,#2911,#2912,#2913,#2914,#2915,#2916,#2917,#2918,#2919,#2920));
#2944=CLOSED_SHELL('',(#2921,#2922,#2923,#2924,#2925,#2926,#2927,#2928,
#2929,#2930,#2931,#2932,#2933,#2934,#2935,#2936));
#2945=DERIVED_UNIT_ELEMENT(#2947,1.);
#2946=DERIVED_UNIT_ELEMENT(#7326,-3.);
#2947=(
MASS_UNIT()
NAMED_UNIT(*)
SI_UNIT(.KILO.,.GRAM.)
);
#2948=DERIVED_UNIT((#2945,#2946));
#2949=MEASURE_REPRESENTATION_ITEM('density measure',
POSITIVE_RATIO_MEASURE(7850.),#2948);
#2950=PROPERTY_DEFINITION_REPRESENTATION(#2955,#2952);
#2951=PROPERTY_DEFINITION_REPRESENTATION(#2956,#2953);
#2952=REPRESENTATION('material name',(#2954),#7323);
#2953=REPRESENTATION('density',(#2949),#7323);
#2954=DESCRIPTIVE_REPRESENTATION_ITEM('Steel','Steel');
#2955=PROPERTY_DEFINITION('material property','material name',#7333);
#2956=PROPERTY_DEFINITION('material property','density of part',#7333);
#2957=AXIS2_PLACEMENT_3D('',#3723,#3099,#3100);
#2958=AXIS2_PLACEMENT_3D('',#3724,#3101,#3102);
#2959=AXIS2_PLACEMENT_3D('',#3733,#3107,#3108);
#2960=AXIS2_PLACEMENT_3D('',#3743,#3114,#3115);
#2961=AXIS2_PLACEMENT_3D('',#3749,#3119,#3120);
#2962=AXIS2_PLACEMENT_3D('',#3753,#3123,#3124);
#2963=AXIS2_PLACEMENT_3D('',#3763,#3130,#3131);
#2964=AXIS2_PLACEMENT_3D('',#3769,#3135,#3136);
#2965=AXIS2_PLACEMENT_3D('',#3773,#3138,#3139);
#2966=AXIS2_PLACEMENT_3D('',#3785,#3146,#3147);
#2967=AXIS2_PLACEMENT_3D('',#3798,#3154,#3155);
#2968=AXIS2_PLACEMENT_3D('',#3804,#3159,#3160);
#2969=AXIS2_PLACEMENT_3D('',#3814,#3166,#3167);
#2970=AXIS2_PLACEMENT_3D('',#3816,#3169,#3170);
#2971=AXIS2_PLACEMENT_3D('',#3834,#3180,#3181);
#2972=AXIS2_PLACEMENT_3D('',#3835,#3182,#3183);
#2973=AXIS2_PLACEMENT_3D('',#3837,#3184,#3185);
#2974=AXIS2_PLACEMENT_3D('',#3839,#3186,#3187);
#2975=AXIS2_PLACEMENT_3D('',#3841,#3188,#3189);
#2976=AXIS2_PLACEMENT_3D('',#3842,#3190,#3191);
#2977=AXIS2_PLACEMENT_3D('',#3852,#3197,#3198);
#2978=AXIS2_PLACEMENT_3D('',#3866,#3206,#3207);
#2979=AXIS2_PLACEMENT_3D('',#3880,#3215,#3216);
#2980=AXIS2_PLACEMENT_3D('',#3882,#3218,#3219);
#2981=AXIS2_PLACEMENT_3D('',#3886,#3222,#3223);
#2982=AXIS2_PLACEMENT_3D('',#3893,#3227,#3228);
#2983=AXIS2_PLACEMENT_3D('',#3895,#3230,#3231);
#2984=AXIS2_PLACEMENT_3D('',#3901,#3235,#3236);
#2985=AXIS2_PLACEMENT_3D('',#3903,#3238,#3239);
#2986=AXIS2_PLACEMENT_3D('',#3905,#3241,#3242);
#2987=AXIS2_PLACEMENT_3D('',#3913,#3247,#3248);
#2988=AXIS2_PLACEMENT_3D('',#3916,#3251,#3252);
#2989=AXIS2_PLACEMENT_3D('',#3921,#3256,#3257);
#2990=AXIS2_PLACEMENT_3D('',#3923,#3259,#3260);
#2991=AXIS2_PLACEMENT_3D('',#3924,#3261,#3262);
#2992=AXIS2_PLACEMENT_3D('',#3928,#3265,#3266);
#2993=AXIS2_PLACEMENT_3D('',#3930,#3268,#3269);
#2994=AXIS2_PLACEMENT_3D('',#3934,#3272,#3273);
#2995=AXIS2_PLACEMENT_3D('',#3938,#3276,#3277);
#2996=AXIS2_PLACEMENT_3D('',#3942,#3280,#3281);
#2997=AXIS2_PLACEMENT_3D('',#3946,#3284,#3285);
#2998=AXIS2_PLACEMENT_3D('',#3964,#3294,#3295);
#2999=AXIS2_PLACEMENT_3D('',#3966,#3296,#3297);
#3000=AXIS2_PLACEMENT_3D('',#3968,#3298,#3299);
#3001=AXIS2_PLACEMENT_3D('',#3970,#3300,#3301);
#3002=AXIS2_PLACEMENT_3D('',#3971,#3302,#3303);
#3003=AXIS2_PLACEMENT_3D('',#3977,#3307,#3308);
#3004=AXIS2_PLACEMENT_3D('',#3981,#3311,#3312);
#3005=AXIS2_PLACEMENT_3D('',#4012,#3319,#3320);
#3006=AXIS2_PLACEMENT_3D('',#4033,#3322,#3323);
#3007=AXIS2_PLACEMENT_3D('',#4054,#3325,#3326);
#3008=AXIS2_PLACEMENT_3D('',#4075,#3328,#3329);
#3009=AXIS2_PLACEMENT_3D('',#4077,#3331,#3332);
#3010=AXIS2_PLACEMENT_3D('',#4079,#3334,#3335);
#3011=AXIS2_PLACEMENT_3D('',#4093,#3343,#3344);
#3012=AXIS2_PLACEMENT_3D('',#4099,#3348,#3349);
#3013=AXIS2_PLACEMENT_3D('',#4103,#3352,#3353);
#3014=AXIS2_PLACEMENT_3D('',#4112,#3358,#3359);
#3015=AXIS2_PLACEMENT_3D('',#4126,#3367,#3368);
#3016=AXIS2_PLACEMENT_3D('',#4132,#3372,#3373);
#3017=AXIS2_PLACEMENT_3D('',#4136,#3376,#3377);
#3018=AXIS2_PLACEMENT_3D('',#4139,#3380,#3381);
#3019=AXIS2_PLACEMENT_3D('',#4143,#3384,#3385);
#3020=AXIS2_PLACEMENT_3D('',#4145,#3387,#3388);
#3021=AXIS2_PLACEMENT_3D('',#4155,#3394,#3395);
#3022=AXIS2_PLACEMENT_3D('',#4158,#3398,#3399);
#3023=AXIS2_PLACEMENT_3D('',#4160,#3401,#3402);
#3024=AXIS2_PLACEMENT_3D('',#4162,#3404,#3405);
#3025=AXIS2_PLACEMENT_3D('',#4167,#3409,#3410);
#3026=AXIS2_PLACEMENT_3D('',#4168,#3411,#3412);
#3027=AXIS2_PLACEMENT_3D('',#4171,#3415,#3416);
#3028=AXIS2_PLACEMENT_3D('',#4173,#3418,#3419);
#3029=AXIS2_PLACEMENT_3D('',#4175,#3421,#3422);
#3030=AXIS2_PLACEMENT_3D('',#4176,#3423,#3424);
#3031=AXIS2_PLACEMENT_3D('',#4177,#3425,#3426);
#3032=AXIS2_PLACEMENT_3D('',#4179,#3427,#3428);
#3033=AXIS2_PLACEMENT_3D('',#4199,#3430,#3431);
#3034=AXIS2_PLACEMENT_3D('',#4201,#3432,#3433);
#3035=AXIS2_PLACEMENT_3D('',#4221,#3435,#3436);
#3036=AXIS2_PLACEMENT_3D('',#4223,#3437,#3438);
#3037=AXIS2_PLACEMENT_3D('',#4243,#3440,#3441);
#3038=AXIS2_PLACEMENT_3D('',#4245,#3442,#3443);
#3039=AXIS2_PLACEMENT_3D('',#4265,#3445,#3446);
#3040=AXIS2_PLACEMENT_3D('',#4267,#3448,#3449);
#3041=AXIS2_PLACEMENT_3D('',#4268,#3450,#3451);
#3042=AXIS2_PLACEMENT_3D('',#4416,#3457,#3458);
#3043=AXIS2_PLACEMENT_3D('',#4422,#3462,#3463);
#3044=AXIS2_PLACEMENT_3D('',#4497,#3468,#3469);
#3045=AXIS2_PLACEMENT_3D('',#4503,#3473,#3474);
#3046=AXIS2_PLACEMENT_3D('',#4509,#3478,#3479);
#3047=AXIS2_PLACEMENT_3D('',#4515,#3483,#3484);
#3048=AXIS2_PLACEMENT_3D('',#4521,#3488,#3489);
#3049=AXIS2_PLACEMENT_3D('',#4527,#3493,#3494);
#3050=AXIS2_PLACEMENT_3D('',#4599,#3498,#3499);
#3051=AXIS2_PLACEMENT_3D('',#4600,#3500,#3501);
#3052=AXIS2_PLACEMENT_3D('',#4601,#3502,#3503);
#3053=AXIS2_PLACEMENT_3D('',#4704,#3508,#3509);
#3054=AXIS2_PLACEMENT_3D('',#5086,#3515,#3516);
#3055=AXIS2_PLACEMENT_3D('',#5087,#3517,#3518);
#3056=AXIS2_PLACEMENT_3D('',#5509,#3522,#3523);
#3057=AXIS2_PLACEMENT_3D('',#5515,#3527,#3528);
#3058=AXIS2_PLACEMENT_3D('',#5521,#3532,#3533);
#3059=AXIS2_PLACEMENT_3D('',#5527,#3537,#3538);
#3060=AXIS2_PLACEMENT_3D('',#5836,#3543,#3544);
#3061=AXIS2_PLACEMENT_3D('',#5837,#3545,#3546);
#3062=AXIS2_PLACEMENT_3D('',#6088,#3549,#3550);
#3063=AXIS2_PLACEMENT_3D('',#6089,#3551,#3552);
#3064=AXIS2_PLACEMENT_3D('',#6090,#3553,#3554);
#3065=AXIS2_PLACEMENT_3D('',#6182,#3560,#3561);
#3066=AXIS2_PLACEMENT_3D('',#6188,#3565,#3566);
#3067=AXIS2_PLACEMENT_3D('',#6194,#3570,#3571);
#3068=AXIS2_PLACEMENT_3D('',#6283,#3576,#3577);
#3069=AXIS2_PLACEMENT_3D('',#6289,#3581,#3582);
#3070=AXIS2_PLACEMENT_3D('',#6295,#3586,#3587);
#3071=AXIS2_PLACEMENT_3D('',#6381,#3591,#3592);
#3072=AXIS2_PLACEMENT_3D('',#6382,#3593,#3594);
#3073=AXIS2_PLACEMENT_3D('',#6383,#3595,#3596);
#3074=AXIS2_PLACEMENT_3D('',#6392,#3601,#3602);
#3075=AXIS2_PLACEMENT_3D('',#6398,#3606,#3607);
#3076=AXIS2_PLACEMENT_3D('',#6487,#3612,#3613);
#3077=AXIS2_PLACEMENT_3D('',#6562,#3618,#3619);
#3078=AXIS2_PLACEMENT_3D('',#6637,#3624,#3625);
#3079=AXIS2_PLACEMENT_3D('',#6726,#3630,#3631);
#3080=AXIS2_PLACEMENT_3D('',#6732,#3635,#3636);
#3081=AXIS2_PLACEMENT_3D('',#6738,#3640,#3641);
#3082=AXIS2_PLACEMENT_3D('',#6827,#3646,#3647);
#3083=AXIS2_PLACEMENT_3D('',#6833,#3651,#3652);
#3084=AXIS2_PLACEMENT_3D('',#6839,#3656,#3657);
#3085=AXIS2_PLACEMENT_3D('',#6925,#3661,#3662);
#3086=AXIS2_PLACEMENT_3D('',#6926,#3663,#3664);
#3087=AXIS2_PLACEMENT_3D('',#6927,#3665,#3666);
#3088=AXIS2_PLACEMENT_3D('',#7019,#3672,#3673);
#3089=AXIS2_PLACEMENT_3D('',#7108,#3678,#3679);
#3090=AXIS2_PLACEMENT_3D('',#7114,#3683,#3684);
#3091=AXIS2_PLACEMENT_3D('',#7120,#3688,#3689);
#3092=AXIS2_PLACEMENT_3D('',#7209,#3694,#3695);
#3093=AXIS2_PLACEMENT_3D('',#7215,#3699,#3700);
#3094=AXIS2_PLACEMENT_3D('',#7304,#3705,#3706);
#3095=AXIS2_PLACEMENT_3D('',#7310,#3710,#3711);
#3096=AXIS2_PLACEMENT_3D('',#7316,#3715,#3716);
#3097=AXIS2_PLACEMENT_3D('',#7319,#3719,#3720);
#3098=AXIS2_PLACEMENT_3D('',#7320,#3721,#3722);
#3099=DIRECTION('axis',(0.,0.,1.));
#3100=DIRECTION('refdir',(1.,0.,0.));
#3101=DIRECTION('center_axis',(0.,1.,-7.26668666019094E-16));
#3102=DIRECTION('ref_axis',(0.,7.26668666019094E-16,1.));
#3103=DIRECTION('',(0.999990306641579,-3.19953978577989E-18,-0.00440302428795769));
#3104=DIRECTION('',(0.,-7.26668666019094E-16,-1.));
#3105=DIRECTION('',(-1.,1.00370070646305E-32,1.38123570397168E-17));
#3106=DIRECTION('',(-0.0332684112957665,-7.26266420902831E-16,-0.999446453197897));
#3107=DIRECTION('center_axis',(-1.,0.,0.));
#3108=DIRECTION('ref_axis',(0.,0.,1.));
#3109=DIRECTION('',(0.,-2.49545839352452E-16,-1.));
#3110=DIRECTION('',(0.,1.,-2.29638093756386E-16));
#3111=DIRECTION('',(0.,7.26668666019094E-16,1.));
#3112=DIRECTION('',(0.,-1.,2.2216233340732E-16));
#3113=DIRECTION('',(0.,1.,-5.84083408102033E-16));
#3114=DIRECTION('center_axis',(0.,1.,-7.26668666019094E-16));
#3115=DIRECTION('ref_axis',(0.,7.26668666019094E-16,1.));
#3116=DIRECTION('',(0.0332684112957665,7.26266420902831E-16,0.999446453197897));
#3117=DIRECTION('',(1.,-1.00370070646305E-32,-1.38123570397168E-17));
#3118=DIRECTION('',(1.,0.,0.));
#3119=DIRECTION('center_axis',(0.,2.29638093756386E-16,1.));
#3120=DIRECTION('ref_axis',(1.,0.,0.));
#3121=DIRECTION('',(-1.,0.,0.));
#3122=DIRECTION('',(-8.17706141799677E-6,0.999999999966568,-2.29638093748709E-16));
#3123=DIRECTION('center_axis',(0.,-1.,2.49545839352452E-16));
#3124=DIRECTION('ref_axis',(0.,-2.49545839352452E-16,-1.));
#3125=DIRECTION('',(-0.999990306641579,1.09875639162764E-18,0.00440302428795769));
#3126=DIRECTION('',(0.00157121178981505,2.49545531324546E-16,0.999998765645994));
#3127=DIRECTION('',(1.,0.,0.));
#3128=DIRECTION('',(0.,-2.49545839352452E-16,-1.));
#3129=DIRECTION('',(-0.0332684112957665,-2.49407704051101E-16,-0.999446453197897));
#3130=DIRECTION('center_axis',(0.00440302428795769,5.84077746372211E-16,
0.999990306641579));
#3131=DIRECTION('ref_axis',(0.999990306641579,0.,-0.00440302428795769));
#3132=DIRECTION('',(-8.17586312939052E-6,0.999999999966577,3.59988722996184E-8));
#3133=DIRECTION('',(0.999990306641579,-1.09875639162764E-18,-0.00440302428795769));
#3134=DIRECTION('',(8.02917778963683E-14,-1.,2.30553333007289E-16));
#3135=DIRECTION('center_axis',(0.99944645316452,8.17253503179089E-6,-0.0332684112946555));
#3136=DIRECTION('ref_axis',(-0.0332684112957665,0.,-0.999446453197897));
#3137=DIRECTION('',(8.17706141799652E-6,-0.999999999966568,2.22162220455401E-16));
#3138=DIRECTION('center_axis',(0.99944645316452,8.17253503179089E-6,-0.0332684112946555));
#3139=DIRECTION('ref_axis',(-0.0332684112933118,-3.00339953354913E-7,-0.999446453197933));
#3140=DIRECTION('',(8.17706141799652E-6,-0.999999999966568,2.22162220455401E-16));
#3141=DIRECTION('',(-0.0332684112930631,-3.30751300842868E-7,-0.999446453197932));
#3142=DIRECTION('',(-8.17706141780481E-6,0.999999999966568,5.53694085874376E-15));
#3143=DIRECTION('',(0.0332684112957665,3.45850151194078E-15,0.999446453197897));
#3144=DIRECTION('',(-8.17706141800105E-6,0.999999999966568,-3.58380283464125E-16));
#3145=DIRECTION('',(0.0332684112957665,2.49407704051101E-16,0.999446453197897));
#3146=DIRECTION('center_axis',(0.,1.,-7.26668666019094E-16));
#3147=DIRECTION('ref_axis',(0.,7.26668666019094E-16,1.));
#3148=DIRECTION('',(-0.00157121178981505,-7.26667769052715E-16,-0.999998765645994));
#3149=DIRECTION('',(1.,0.,0.));
#3150=DIRECTION('',(0.,-7.26668666019094E-16,-1.));
#3151=DIRECTION('',(1.,-1.00370070646305E-32,-1.38123570397168E-17));
#3152=DIRECTION('',(-0.0332684112957665,-7.26266420902831E-16,-0.999446453197897));
#3153=DIRECTION('',(-0.999990306641579,3.19953978577989E-18,0.00440302428795769));
#3154=DIRECTION('center_axis',(1.,0.,0.));
#3155=DIRECTION('ref_axis',(0.,0.,-1.));
#3156=DIRECTION('',(0.,1.,-2.2216233340732E-16));
#3157=DIRECTION('',(0.,1.,-2.29638093756386E-16));
#3158=DIRECTION('',(0.,7.26668666019094E-16,1.));
#3159=DIRECTION('center_axis',(0.,1.,-7.26668666019094E-16));
#3160=DIRECTION('ref_axis',(0.,7.26668666019094E-16,1.));
#3161=DIRECTION('',(0.00157121178981505,7.26667769052715E-16,0.999998765645994));
#3162=DIRECTION('',(0.999990306641579,-3.19953978577989E-18,-0.00440302428795769));
#3163=DIRECTION('',(0.0332684112957665,7.26266420902831E-16,0.999446453197897));
#3164=DIRECTION('',(-1.,1.00370070646305E-32,1.38123570397168E-17));
#3165=DIRECTION('',(-1.,0.,0.));
#3166=DIRECTION('center_axis',(0.,2.29638093756386E-16,1.));
#3167=DIRECTION('ref_axis',(1.,0.,0.));
#3168=DIRECTION('',(8.02917764583318E-14,-1.,2.29638093756386E-16));
#3169=DIRECTION('center_axis',(1.38123570397168E-17,2.2216233340732E-16,
1.));
#3170=DIRECTION('ref_axis',(1.,0.,-1.38123570397168E-17));
#3171=DIRECTION('',(1.,-1.29391880055919E-16,-1.38123570397168E-17));
#3172=DIRECTION('',(-1.16548506109417E-16,-1.,2.2216233340732E-16));
#3173=DIRECTION('',(-1.,1.29391880055919E-16,1.38123570397168E-17));
#3174=DIRECTION('',(1.16548506109417E-16,1.,-2.2216233340732E-16));
#3175=DIRECTION('',(8.17706141799652E-6,-0.999999999966568,2.22162220455401E-16));
#3176=DIRECTION('',(0.999999999950579,9.94191631378245E-6,-1.3814565758361E-17));
#3177=DIRECTION('',(-8.17706141799652E-6,0.999999999966568,-2.22162220455401E-16));
#3178=DIRECTION('',(-8.17706141799652E-6,0.999999999966568,-2.22162220455401E-16));
#3179=DIRECTION('',(-0.999999999950579,-9.94191631378245E-6,1.3814565758361E-17));
#3180=DIRECTION('center_axis',(-1.38123570397168E-17,-2.2216233340732E-16,
-1.));
#3181=DIRECTION('ref_axis',(-1.74837754389377E-16,-1.,2.21848503598282E-16));
#3182=DIRECTION('center_axis',(-1.38123570397168E-17,-2.2216233340732E-16,
-1.));
#3183=DIRECTION('ref_axis',(-1.74837754389377E-16,-1.,2.21848503598282E-16));
#3184=DIRECTION('center_axis',(-1.38123570397168E-17,-2.2216233340732E-16,
-1.));
#3185=DIRECTION('ref_axis',(-1.74837754389377E-16,-1.,2.21848503598282E-16));
#3186=DIRECTION('center_axis',(-1.38123570397168E-17,-2.2216233340732E-16,
-1.));
#3187=DIRECTION('ref_axis',(-1.74837754389377E-16,-1.,2.21848503598282E-16));
#3188=DIRECTION('center_axis',(-1.38123570397168E-17,-2.2216233340732E-16,
-1.));
#3189=DIRECTION('ref_axis',(2.33117005852502E-16,1.,-1.4337321684804E-16));
#3190=DIRECTION('center_axis',(0.00440302428795769,5.84077746372211E-16,
0.999990306641579));
#3191=DIRECTION('ref_axis',(0.999990306641579,0.,-0.00440302428795769));
#3192=DIRECTION('',(-8.02917778963683E-14,1.,-2.30553333007289E-16));
#3193=DIRECTION('',(0.999990306641579,-1.09875639162764E-18,-0.00440302428795769));
#3194=DIRECTION('',(0.,-1.,5.84083408102033E-16));
#3195=DIRECTION('',(-0.999990306641579,-8.8644090554467E-14,0.00440302428795769));
#3196=DIRECTION('',(8.17586312939052E-6,-0.999999999966577,-3.59988722996184E-8));
#3197=DIRECTION('center_axis',(0.00440302428795769,5.84077746372211E-16,
0.999990306641579));
#3198=DIRECTION('ref_axis',(0.999990306641579,0.,-0.00440302428795769));
#3199=DIRECTION('',(8.17586312939052E-6,-0.999999999966577,-3.59988722996184E-8));
#3200=DIRECTION('',(-0.99999030659216,-9.94181994525138E-6,0.00440302428774009));
#3201=DIRECTION('',(0.,1.,-5.84083408102033E-16));
#3202=DIRECTION('',(-0.999990306641579,-8.8644090554467E-14,0.00440302428795769));
#3203=DIRECTION('',(0.,-1.,5.84083408102033E-16));
#3204=DIRECTION('',(-0.999990306641579,1.09875639162764E-18,0.00440302428795769));
#3205=DIRECTION('',(-8.02917778963683E-14,1.,-2.30553333007289E-16));
#3206=DIRECTION('center_axis',(0.99944645316452,8.17253503179089E-6,-0.0332684112946555));
#3207=DIRECTION('ref_axis',(-0.0332684112957665,0.,-0.999446453197897));
#3208=DIRECTION('',(-0.0332684112957665,-3.45850151194078E-15,-0.999446453197897));
#3209=DIRECTION('',(0.,0.999999969826934,0.000245654495275323));
#3210=DIRECTION('',(-0.0332684112957665,-2.49407704051101E-16,-0.999446453197897));
#3211=DIRECTION('',(8.17706141800105E-6,-0.999999999966568,3.58380283464125E-16));
#3212=DIRECTION('',(-0.0332684112957665,-3.45850151194078E-15,-0.999446453197897));
#3213=DIRECTION('',(8.17706141780481E-6,-0.999999999966568,-5.53694085874376E-15));
#3214=DIRECTION('',(0.0332684112930631,3.30751300842868E-7,0.999446453197932));
#3215=DIRECTION('center_axis',(0.99944645316452,8.17253503179089E-6,-0.0332684112946555));
#3216=DIRECTION('ref_axis',(-0.0332684112957665,0.,-0.999446453197897));
#3217=DIRECTION('',(-0.0332684112930631,-3.30751300842868E-7,-0.999446453197932));
#3218=DIRECTION('center_axis',(-9.94191631378245E-6,0.999999999950579,4.60396457352125E-13));
#3219=DIRECTION('ref_axis',(0.,-4.60396457374878E-13,1.));
#3220=DIRECTION('',(0.0332684112930631,3.30751300842868E-7,0.999446453197932));
#3221=DIRECTION('',(0.,-4.60396457374878E-13,1.));
#3222=DIRECTION('center_axis',(-9.94191631378245E-6,0.999999999950579,4.60396457352125E-13));
#3223=DIRECTION('ref_axis',(0.,-4.60396457374878E-13,1.));
#3224=DIRECTION('',(-0.999999999950579,-9.94191631378245E-6,3.56298678682908E-21));
#3225=DIRECTION('',(-0.0332684112930631,-3.30751300842868E-7,-0.999446453197932));
#3226=DIRECTION('',(0.,4.60396457374878E-13,-1.));
#3227=DIRECTION('center_axis',(9.94191631378245E-6,-0.999999999950579,-4.60396457352125E-13));
#3228=DIRECTION('ref_axis',(0.,4.60396457374878E-13,-1.));
#3229=DIRECTION('',(-0.999999871927215,-9.94191504121784E-6,0.000506010585217377));
#3230=DIRECTION('center_axis',(0.99944645316452,8.17253503179089E-6,-0.0332684112946555));
#3231=DIRECTION('ref_axis',(-0.0332684112957665,0.,-0.999446453197897));
#3232=DIRECTION('',(8.17706141800105E-6,-0.999999999966568,3.58380283464125E-16));
#3233=DIRECTION('',(0.0332684112957665,2.49407704051101E-16,0.999446453197897));
#3234=DIRECTION('',(0.,0.999999969826934,0.000245654495275323));
#3235=DIRECTION('center_axis',(0.99944645316452,8.17253503179089E-6,-0.0332684112946555));
#3236=DIRECTION('ref_axis',(-0.0332684112957665,0.,-0.999446453197897));
#3237=DIRECTION('',(0.,0.999999969826934,0.000245654495275323));
#3238=DIRECTION('center_axis',(-0.000506010585201248,-4.13767409644814E-9,
-0.999999871976636));
#3239=DIRECTION('ref_axis',(-0.999999871976636,0.,0.000506010585201248));
#3240=DIRECTION('',(0.999999871976636,8.86469245386914E-14,-0.000506010585201248));
#3241=DIRECTION('center_axis',(0.,-3.58380283476106E-16,-1.));
#3242=DIRECTION('ref_axis',(-1.,0.,0.));
#3243=DIRECTION('',(0.,1.,-3.58380283476106E-16));
#3244=DIRECTION('',(1.,8.86471937669493E-14,-3.17694064315606E-29));
#3245=DIRECTION('',(-8.02919787398279E-14,1.,-3.58380283476106E-16));
#3246=DIRECTION('',(1.,0.,0.));
#3247=DIRECTION('center_axis',(1.,0.,0.));
#3248=DIRECTION('ref_axis',(0.,0.,-1.));
#3249=DIRECTION('',(0.,2.49545839352452E-16,1.));
#3250=DIRECTION('',(0.,5.09632314824521E-16,1.));
#3251=DIRECTION('center_axis',(0.,-1.,2.49545839352452E-16));
#3252=DIRECTION('ref_axis',(0.,-2.49545839352452E-16,-1.));
#3253=DIRECTION('',(0.,-2.49545839352452E-16,-1.));
#3254=DIRECTION('',(0.00157121178981505,2.49545531324546E-16,0.999998765645994));
#3255=DIRECTION('',(-1.,0.,0.));
#3256=DIRECTION('center_axis',(1.,0.,0.));
#3257=DIRECTION('ref_axis',(0.,0.,-1.));
#3258=DIRECTION('',(0.,-5.09632314824521E-16,-1.));
#3259=DIRECTION('center_axis',(8.86471937669493E-14,-1.,5.09632314824521E-16));
#3260=DIRECTION('ref_axis',(0.,-5.09632314824521E-16,-1.));
#3261=DIRECTION('center_axis',(-1.,0.,0.));
#3262=DIRECTION('ref_axis',(0.,0.,1.));
#3263=DIRECTION('',(0.,1.,-3.58380283476106E-16));
#3264=DIRECTION('',(0.,-5.09632314824521E-16,-1.));
#3265=DIRECTION('center_axis',(0.,-1.,2.49545839352452E-16));
#3266=DIRECTION('ref_axis',(0.,-2.49545839352452E-16,-1.));
#3267=DIRECTION('',(-0.00157121178981505,-2.49545531324546E-16,-0.999998765645994));
#3268=DIRECTION('center_axis',(0.,-3.58380283476106E-16,-1.));
#3269=DIRECTION('ref_axis',(-1.,0.,0.));
#3270=DIRECTION('',(-8.02919787398279E-14,1.,-3.58380283476106E-16));
#3271=DIRECTION('',(-1.,-8.86471937669493E-14,3.17694064315606E-29));
#3272=DIRECTION('center_axis',(0.,-1.,2.49545839352452E-16));
#3273=DIRECTION('ref_axis',(0.,-2.49545839352452E-16,-1.));
#3274=DIRECTION('',(-1.,0.,0.));
#3275=DIRECTION('',(-0.00157121178981505,-2.49545531324546E-16,-0.999998765645994));
#3276=DIRECTION('center_axis',(0.,-3.58380283476106E-16,-1.));
#3277=DIRECTION('ref_axis',(-1.,0.,0.));
#3278=DIRECTION('',(-1.,-8.86471937669493E-14,3.17694064315606E-29));
#3279=DIRECTION('',(8.02919787398279E-14,-1.,3.58380283476106E-16));
#3280=DIRECTION('center_axis',(0.,-3.58380283476106E-16,-1.));
#3281=DIRECTION('ref_axis',(-1.,0.,0.));
#3282=DIRECTION('',(1.,8.86471937669493E-14,-3.17694064315606E-29));
#3283=DIRECTION('',(8.02919787398279E-14,-1.,3.58380283476106E-16));
#3284=DIRECTION('center_axis',(2.13310853784277E-32,-2.20880344436553E-16,
-1.));
#3285=DIRECTION('ref_axis',(-1.,0.,-2.13310853784277E-32));
#3286=DIRECTION('',(-1.1654825751719E-16,-1.,2.20880344436553E-16));
#3287=DIRECTION('',(-1.,1.2868144188605E-16,-4.97542865848107E-32));
#3288=DIRECTION('',(-1.1654825751719E-16,-1.,2.20880344436553E-16));
#3289=DIRECTION('',(1.,-1.2868144188605E-16,4.97542865848107E-32));
#3290=DIRECTION('',(-1.,1.28711303705475E-16,-4.97608824737708E-32));
#3291=DIRECTION('',(1.16521217599792E-16,1.,-2.20880344436553E-16));
#3292=DIRECTION('',(1.,-1.28711303705475E-16,4.97608824737708E-32));
#3293=DIRECTION('',(-1.16521217599792E-16,-1.,2.20880344436553E-16));
#3294=DIRECTION('center_axis',(2.13310853784277E-32,-2.20880344436553E-16,
-1.));
#3295=DIRECTION('ref_axis',(2.70124004787723E-16,1.,-1.99382967416279E-16));
#3296=DIRECTION('center_axis',(2.13310853784277E-32,-2.20880344436553E-16,
-1.));
#3297=DIRECTION('ref_axis',(2.70124004787723E-16,1.,-1.99382967416279E-16));
#3298=DIRECTION('center_axis',(2.13310853784277E-32,-2.20880344436553E-16,
-1.));
#3299=DIRECTION('ref_axis',(2.70124004787723E-16,1.,-1.99382967416279E-16));
#3300=DIRECTION('center_axis',(2.13310853784277E-32,-2.20880344436553E-16,
-1.));
#3301=DIRECTION('ref_axis',(2.70124004787723E-16,1.,-1.99382967416279E-16));
#3302=DIRECTION('center_axis',(-1.,1.1654825751719E-16,-6.14104585610826E-32));
#3303=DIRECTION('ref_axis',(-6.14104585610826E-32,0.,1.));
#3304=DIRECTION('',(1.1654825751719E-16,1.,-2.07324387862745E-16));
#3305=DIRECTION('',(4.1086505480261E-31,2.99836826123279E-15,-1.));
#3306=DIRECTION('',(-4.1086505480261E-31,-2.99836826123279E-15,1.));
#3307=DIRECTION('center_axis',(1.2868144188605E-16,1.,2.99836826123279E-15));
#3308=DIRECTION('ref_axis',(0.,-2.99836826123279E-15,1.));
#3309=DIRECTION('',(0.99999611021992,-1.20317941828997E-16,-0.00278918357783884));
#3310=DIRECTION('',(4.1086505480261E-31,2.99836826123279E-15,-1.));
#3311=DIRECTION('center_axis',(1.2868144188605E-16,1.,2.99836826123279E-15));
#3312=DIRECTION('ref_axis',(0.,-2.99836826123279E-15,1.));
#3313=DIRECTION('',(0.00211102456292699,2.99808993053954E-15,-0.999997771785165));
#3314=DIRECTION('',(-1.,1.2868144188605E-16,-4.97542865848107E-32));
#3315=DIRECTION('',(-0.00211102456292699,-2.99808993053954E-15,0.999997771785165));
#3316=DIRECTION('',(-0.99999611021992,1.20317941828997E-16,0.00278918357783884));
#3317=DIRECTION('',(-4.1086505480261E-31,-2.99836826123279E-15,1.));
#3318=DIRECTION('',(-0.99999611021992,1.20317941828997E-16,0.00278918357783884));
#3319=DIRECTION('center_axis',(-2.13310853784277E-32,2.20880344436553E-16,
1.));
#3320=DIRECTION('ref_axis',(2.70124004787723E-16,1.,-1.99382967416279E-16));
#3321=DIRECTION('',(-8.86044921421075E-33,1.99382967416279E-16,1.));
#3322=DIRECTION('center_axis',(-2.13310853784277E-32,2.20880344436553E-16,
1.));
#3323=DIRECTION('ref_axis',(2.70124004787723E-16,1.,-1.99382967416279E-16));
#3324=DIRECTION('',(-8.86044921421075E-33,1.99382967416279E-16,1.));
#3325=DIRECTION('center_axis',(-2.13310853784277E-32,2.20880344436553E-16,
1.));
#3326=DIRECTION('ref_axis',(2.70124004787723E-16,1.,-1.99382967416279E-16));
#3327=DIRECTION('',(-8.86044921421075E-33,1.99382967416279E-16,1.));
#3328=DIRECTION('center_axis',(-2.13310853784277E-32,2.20880344436553E-16,
1.));
#3329=DIRECTION('ref_axis',(2.70124004787723E-16,1.,-1.99382967416279E-16));
#3330=DIRECTION('',(-8.86044921421075E-33,1.99382967416279E-16,1.));
#3331=DIRECTION('center_axis',(1.,-1.1654825751719E-16,6.14104585610826E-32));
#3332=DIRECTION('ref_axis',(6.14104585610826E-32,0.,-1.));
#3333=DIRECTION('',(-1.1654825751719E-16,-1.,2.07324387862745E-16));
#3334=DIRECTION('center_axis',(-2.13310853784277E-32,2.20880344436553E-16,
1.));
#3335=DIRECTION('ref_axis',(1.,0.,2.13310853784277E-32));
#3336=DIRECTION('',(-1.16545982429237E-16,-1.,2.20880344436553E-16));
#3337=DIRECTION('',(-1.,1.29269752861733E-16,-4.98842329157553E-32));
#3338=DIRECTION('',(1.16545982429237E-16,1.,-2.20880344436553E-16));
#3339=DIRECTION('',(1.,-1.28711303705475E-16,4.97608824737708E-32));
#3340=DIRECTION('',(1.16521217599792E-16,1.,-2.20880344436553E-16));
#3341=DIRECTION('',(-1.,1.28711303705475E-16,-4.97608824737708E-32));
#3342=DIRECTION('',(-1.16521217599792E-16,-1.,2.20880344436553E-16));
#3343=DIRECTION('center_axis',(-0.999997770638206,1.16079135448685E-16,
-0.00211156781057872));
#3344=DIRECTION('ref_axis',(-0.00211156781057872,0.,0.999997770638206));
#3345=DIRECTION('',(0.00211156781057872,3.23929835353086E-17,-0.999997770638206));
#3346=DIRECTION('',(-1.16517174528315E-16,-1.,2.07324301166246E-16));
#3347=DIRECTION('',(-0.00211156781057872,-3.23929835353086E-17,0.999997770638206));
#3348=DIRECTION('center_axis',(1.29391880055919E-16,1.,3.26662760891328E-17));
#3349=DIRECTION('ref_axis',(0.,-3.26662760891328E-17,1.));
#3350=DIRECTION('',(-0.999996110219919,1.29300264509145E-16,0.00278918357783884));
#3351=DIRECTION('',(0.00211156781057872,3.23929835353086E-17,-0.999997770638206));
#3352=DIRECTION('center_axis',(1.29269752861733E-16,1.,-1.09955880310904E-17));
#3353=DIRECTION('ref_axis',(0.,1.09955880310904E-17,1.));
#3354=DIRECTION('',(0.999990306641579,-1.29316913644846E-16,-0.00440302428795769));
#3355=DIRECTION('',(0.00211102456292699,-1.12684551540926E-17,-0.999997771785165));
#3356=DIRECTION('',(0.99999611021992,-1.29299918744388E-16,-0.00278918357783884));
#3357=DIRECTION('',(-0.00211102456292699,1.12684551540926E-17,0.999997771785165));
#3358=DIRECTION('center_axis',(1.29269752861733E-16,1.,-1.09955880310904E-17));
#3359=DIRECTION('ref_axis',(0.,1.09955880310904E-17,1.));
#3360=DIRECTION('',(-0.00211102456292699,1.12684551540926E-17,0.999997771785165));
#3361=DIRECTION('',(-0.999990306641579,1.29316913644846E-16,0.00440302428795769));
#3362=DIRECTION('',(0.00245341128463387,1.0678403068138E-17,0.999996990382005));
#3363=DIRECTION('',(-0.9999960108581,1.29300295134966E-16,0.00282458278112554));
#3364=DIRECTION('',(-0.00245341128463387,-1.0678403068138E-17,-0.999996990382005));
#3365=DIRECTION('',(-0.999990306641579,1.29316913644846E-16,0.00440302428795769));
#3366=DIRECTION('',(0.00211102456292699,-1.12684551540926E-17,-0.999997771785165));
#3367=DIRECTION('center_axis',(-0.00282458278112554,7.53479868433739E-15,
-0.9999960108581));
#3368=DIRECTION('ref_axis',(-0.9999960108581,0.,0.00282458278112554));
#3369=DIRECTION('',(9.42673895244973E-14,-1.,-7.80109584928826E-15));
#3370=DIRECTION('',(-0.9999960108581,-1.04107185678375E-13,0.00282458278112554));
#3371=DIRECTION('',(-9.42673895244973E-14,1.,7.80109584928826E-15));
#3372=DIRECTION('center_axis',(0.999996990382005,9.42862451122546E-14,-0.00245341128463387));
#3373=DIRECTION('ref_axis',(-0.00245341128463387,0.,-0.999996990382005));
#3374=DIRECTION('',(9.42869433388317E-14,-1.,1.6893168232939E-16));
#3375=DIRECTION('',(-0.00245341128463387,4.98162705999883E-13,-0.999996990382005));
#3376=DIRECTION('center_axis',(0.999997771785165,-1.16079438907176E-16,
0.00211102456292699));
#3377=DIRECTION('ref_axis',(0.00211102456292699,0.,-0.999997771785165));
#3378=DIRECTION('',(1.17313805158608E-16,1.,-5.84599948642472E-16));
#3379=DIRECTION('',(1.16517365226275E-16,1.,-2.07324301698139E-16));
#3380=DIRECTION('center_axis',(0.999996990382005,9.42862451122546E-14,-0.00245341128463387));
#3381=DIRECTION('ref_axis',(-0.00245341128463387,0.,-0.999996990382005));
#3382=DIRECTION('',(-9.42869433388317E-14,1.,-1.6893168232939E-16));
#3383=DIRECTION('',(0.00245341128463387,-4.98162705999883E-13,0.999996990382005));
#3384=DIRECTION('center_axis',(-1.02699777628385E-13,1.,4.98416170835522E-13));
#3385=DIRECTION('ref_axis',(0.,-4.98416170835522E-13,1.));
#3386=DIRECTION('',(-0.999990306641579,-1.0489332062833E-13,0.00440302428795769));
#3387=DIRECTION('center_axis',(-0.00440302428795769,-5.84077746372211E-16,
-0.999990306641579));
#3388=DIRECTION('ref_axis',(-0.999990306641579,0.,0.00440302428795769));
#3389=DIRECTION('',(-0.999990306641579,-8.8644090554467E-14,0.00440302428795769));
#3390=DIRECTION('',(8.02917778963683E-14,-1.,2.30553333007289E-16));
#3391=DIRECTION('',(-0.999990306641579,-8.8644090554467E-14,0.00440302428795769));
#3392=DIRECTION('',(-8.02917778963683E-14,1.,-2.30553333007289E-16));
#3393=DIRECTION('',(-1.17313805158608E-16,-1.,5.84599948642472E-16));
#3394=DIRECTION('center_axis',(-8.86471937669493E-14,1.,-5.09632314824521E-16));
#3395=DIRECTION('ref_axis',(0.,5.09632314824521E-16,1.));
#3396=DIRECTION('',(0.00157121178981505,6.48915201738482E-16,0.999998765645994));
#3397=DIRECTION('',(-0.00157121178981505,-6.48915201738482E-16,-0.999998765645994));
#3398=DIRECTION('center_axis',(0.999998765645994,8.02913165397756E-14,-0.00157121178981505));
#3399=DIRECTION('ref_axis',(-0.00157121178981505,0.,-0.999998765645994));
#3400=DIRECTION('',(-0.00157121178981505,-6.48915201738482E-16,-0.999998765645994));
#3401=DIRECTION('center_axis',(0.999998765645994,8.02913165397756E-14,-0.00157121178981505));
#3402=DIRECTION('ref_axis',(-0.00157121178981505,0.,-0.999998765645994));
#3403=DIRECTION('',(0.00157121178981505,6.48915201738482E-16,0.999998765645994));
#3404=DIRECTION('center_axis',(-0.00278918357783884,-2.06998506930578E-16,
-0.999996110219919));
#3405=DIRECTION('ref_axis',(-0.99999611021992,0.,0.00278918357783884));
#3406=DIRECTION('',(-1.16517174528315E-16,-1.,2.07324301166246E-16));
#3407=DIRECTION('',(0.999996110219919,-1.29300264509145E-16,-0.00278918357783884));
#3408=DIRECTION('',(-1.16517365226275E-16,-1.,2.07324301698139E-16));
#3409=DIRECTION('center_axis',(-0.999997771785165,1.16079438907176E-16,
-0.00211102456292699));
#3410=DIRECTION('ref_axis',(-0.00211102456292699,0.,0.999997771785165));
#3411=DIRECTION('center_axis',(-1.,1.16521217599792E-16,-2.58411079990363E-32));
#3412=DIRECTION('ref_axis',(-2.58411079990363E-32,0.,1.));
#3413=DIRECTION('',(-2.58392296301599E-32,1.6120402061089E-20,1.));
#3414=DIRECTION('',(2.58392296301599E-32,-1.6120402061089E-20,-1.));
#3415=DIRECTION('center_axis',(1.28711303705475E-16,1.,-1.6120402061089E-20));
#3416=DIRECTION('ref_axis',(0.,1.6120402061089E-20,1.));
#3417=DIRECTION('',(2.58392296301599E-32,-1.6120402061089E-20,-1.));
#3418=DIRECTION('center_axis',(1.,-1.16521217599792E-16,2.58411079990363E-32));
#3419=DIRECTION('ref_axis',(2.58411079990363E-32,0.,-1.));
#3420=DIRECTION('',(-2.58392296301599E-32,1.6120402061089E-20,1.));
#3421=DIRECTION('center_axis',(1.28711303705475E-16,1.,-1.6120402061089E-20));
#3422=DIRECTION('ref_axis',(0.,1.6120402061089E-20,1.));
#3423=DIRECTION('center_axis',(8.86471937669493E-14,-1.,5.09632314824521E-16));
#3424=DIRECTION('ref_axis',(0.,-5.09632314824521E-16,-1.));
#3425=DIRECTION('center_axis',(-5.25321080413003E-32,-1.06049948867617E-16,
1.));
#3426=DIRECTION('ref_axis',(1.,0.,5.25321080413003E-32));
#3427=DIRECTION('center_axis',(-5.25321080413003E-32,-1.06049948867617E-16,
1.));
#3428=DIRECTION('ref_axis',(2.33117005852502E-16,1.,1.06049948867617E-16));
#3429=DIRECTION('',(-2.53859829302096E-32,1.43373216848039E-16,1.));
#3430=DIRECTION('center_axis',(-3.4451351053454E-16,2.21848503598282E-16,
1.));
#3431=DIRECTION('ref_axis',(1.,0.,3.4451351053454E-16));
#3432=DIRECTION('center_axis',(-3.4451351053454E-16,2.21848503598282E-16,
1.));
#3433=DIRECTION('ref_axis',(-1.74837754389377E-16,-1.,2.21848503598282E-16));
#3434=DIRECTION('',(-7.50640650461147E-17,2.22240879594083E-16,1.));
#3435=DIRECTION('center_axis',(-3.4451351053454E-16,2.21848503598282E-16,
1.));
#3436=DIRECTION('ref_axis',(1.,0.,3.4451351053454E-16));
#3437=DIRECTION('center_axis',(-3.4451351053454E-16,2.21848503598282E-16,
1.));
#3438=DIRECTION('ref_axis',(-1.74837754389377E-16,-1.,2.21848503598282E-16));
#3439=DIRECTION('',(-7.50640650461147E-17,2.22240879594083E-16,1.));
#3440=DIRECTION('center_axis',(-3.4451351053454E-16,2.21848503598282E-16,
1.));
#3441=DIRECTION('ref_axis',(1.,0.,3.4451351053454E-16));
#3442=DIRECTION('center_axis',(-3.4451351053454E-16,2.21848503598282E-16,
1.));
#3443=DIRECTION('ref_axis',(-1.74837754389377E-16,-1.,2.21848503598282E-16));
#3444=DIRECTION('',(-7.50640650461147E-17,2.22240879594083E-16,1.));
#3445=DIRECTION('center_axis',(0.999997770638206,-1.16079135448685E-16,
0.00211156781057872));
#3446=DIRECTION('ref_axis',(0.00211156781057872,0.,-0.999997770638206));
#3447=DIRECTION('',(-0.00211156781057872,-3.23929835353086E-17,0.999997770638206));
#3448=DIRECTION('center_axis',(1.29391880055919E-16,1.,3.26662760891328E-17));
#3449=DIRECTION('ref_axis',(0.,-3.26662760891328E-17,1.));
#3450=DIRECTION('center_axis',(0.999997770638206,-1.16079135448685E-16,
0.00211156781057862));
#3451=DIRECTION('ref_axis',(0.00211156781057862,0.,-0.999997770638206));
#3452=DIRECTION('',(0.00211156781057862,-2.73257592104395E-16,-0.999997770638206));
#3453=DIRECTION('',(-1.16703672461561E-16,-1.,2.95646123718959E-16));
#3454=DIRECTION('',(-0.00211156781057862,2.73257592104395E-16,0.999997770638206));
#3455=DIRECTION('',(-1.16703672461561E-16,-1.,2.95646123718959E-16));
#3456=DIRECTION('',(-1.16703672461561E-16,-1.,2.95646123718959E-16));
#3457=DIRECTION('center_axis',(-0.00278918357783899,-2.95319465753853E-16,
-0.999996110219919));
#3458=DIRECTION('ref_axis',(-0.99999611021992,0.,0.00278918357783899));
#3459=DIRECTION('',(-0.999996110219919,1.29300264509145E-16,0.00278918357783899));
#3460=DIRECTION('',(0.999996110219919,-1.29300264509145E-16,-0.00278918357783899));
#3461=DIRECTION('',(-1.16703672461561E-16,-1.,2.95646123718959E-16));
#3462=DIRECTION('center_axis',(-0.999997770638206,1.16079135448685E-16,
-0.00211156781057862));
#3463=DIRECTION('ref_axis',(-0.00211156781057862,0.,0.999997770638206));
#3464=DIRECTION('',(-0.00211156781057862,2.73257592104395E-16,0.999997770638206));
#3465=DIRECTION('',(0.00211156781057862,-2.73257592104395E-16,-0.999997770638206));
#3466=DIRECTION('',(-1.16703672461561E-16,-1.,2.95646123718959E-16));
#3467=DIRECTION('',(-1.16703672461561E-16,-1.,2.95646123718959E-16));
#3468=DIRECTION('center_axis',(0.00278918357783899,2.95319465753853E-16,
0.999996110219919));
#3469=DIRECTION('ref_axis',(0.99999611021992,0.,-0.00278918357783899));
#3470=DIRECTION('',(0.999996110219919,-1.29300264509145E-16,-0.00278918357783899));
#3471=DIRECTION('',(-0.999996110219919,1.29300264509145E-16,0.00278918357783899));
#3472=DIRECTION('',(-1.16703672461561E-16,-1.,2.95646123718959E-16));
#3473=DIRECTION('center_axis',(0.999997770638206,-1.16079135448685E-16,
0.00211156781057862));
#3474=DIRECTION('ref_axis',(0.00211156781057862,0.,-0.999997770638206));
#3475=DIRECTION('',(0.00211156781057862,-2.73257592104395E-16,-0.999997770638206));
#3476=DIRECTION('',(-0.00211156781057862,2.73257592104395E-16,0.999997770638206));
#3477=DIRECTION('',(-1.16703672461561E-16,-1.,2.95646123718959E-16));
#3478=DIRECTION('center_axis',(0.00278918357783899,2.95319465753853E-16,
0.999996110219919));
#3479=DIRECTION('ref_axis',(0.99999611021992,0.,-0.00278918357783899));
#3480=DIRECTION('',(0.999996110219919,-1.29300264509145E-16,-0.00278918357783899));
#3481=DIRECTION('',(-0.999996110219919,1.29300264509145E-16,0.00278918357783899));
#3482=DIRECTION('',(-1.16703672461561E-16,-1.,2.95646123718959E-16));
#3483=DIRECTION('center_axis',(0.999997770638206,-1.16079135448685E-16,
0.00211156781057862));
#3484=DIRECTION('ref_axis',(0.00211156781057862,0.,-0.999997770638206));
#3485=DIRECTION('',(0.00211156781057862,-2.73257592104395E-16,-0.999997770638206));
#3486=DIRECTION('',(-0.00211156781057862,2.73257592104395E-16,0.999997770638206));
#3487=DIRECTION('',(-1.16703672461561E-16,-1.,2.95646123718959E-16));
#3488=DIRECTION('center_axis',(-0.00278918357783899,-2.95319465753853E-16,
-0.999996110219919));
#3489=DIRECTION('ref_axis',(-0.99999611021992,0.,0.00278918357783899));
#3490=DIRECTION('',(-0.999996110219919,1.29300264509145E-16,0.00278918357783899));
#3491=DIRECTION('',(0.999996110219919,-1.29300264509145E-16,-0.00278918357783899));
#3492=DIRECTION('',(-1.16703672461561E-16,-1.,2.95646123718959E-16));
#3493=DIRECTION('center_axis',(0.999997770638206,-1.16079135448685E-16,
0.00211156781057862));
#3494=DIRECTION('ref_axis',(0.00211156781057862,0.,-0.999997770638206));
#3495=DIRECTION('',(0.00211156781057862,-2.73257592104395E-16,-0.999997770638206));
#3496=DIRECTION('',(-0.00211156781057862,2.73257592104395E-16,0.999997770638206));
#3497=DIRECTION('',(-1.16703672461561E-16,-1.,2.95646123718959E-16));
#3498=DIRECTION('center_axis',(1.28539354252076E-16,1.,-2.72986781127864E-16));
#3499=DIRECTION('ref_axis',(0.,2.72986781127864E-16,1.));
#3500=DIRECTION('center_axis',(1.28539354252076E-16,1.,-2.72986781127864E-16));
#3501=DIRECTION('ref_axis',(0.,2.72986781127864E-16,1.));
#3502=DIRECTION('center_axis',(-0.00278918357783899,-2.95319465753853E-16,
-0.999996110219919));
#3503=DIRECTION('ref_axis',(-0.99999611021992,0.,0.00278918357783899));
#3504=DIRECTION('',(0.999996110219919,-1.29300264509145E-16,-0.00278918357783899));
#3505=DIRECTION('',(-1.16703672461561E-16,-1.,2.95646123718959E-16));
#3506=DIRECTION('',(-0.999996110219919,1.29300264509145E-16,0.00278918357783899));
#3507=DIRECTION('',(-1.16703672461561E-16,-1.,2.95646123718959E-16));
#3508=DIRECTION('center_axis',(-0.00278918357783899,-2.95319465753853E-16,
-0.999996110219919));
#3509=DIRECTION('ref_axis',(-0.99999611021992,0.,0.00278918357783899));
#3510=DIRECTION('',(-0.99999611021992,1.29300264509145E-16,0.00278918357783899));
#3511=DIRECTION('',(-1.16703672461561E-16,-1.,2.95646123718959E-16));
#3512=DIRECTION('',(0.99999611021992,-1.29300264509145E-16,-0.00278918357783899));
#3513=DIRECTION('',(-1.16703672461561E-16,-1.,2.95646123718959E-16));
#3514=DIRECTION('',(-1.16703672461561E-16,-1.,2.95646123718959E-16));
#3515=DIRECTION('center_axis',(1.28539354252076E-16,1.,-2.72986781127864E-16));
#3516=DIRECTION('ref_axis',(0.,2.72986781127864E-16,1.));
#3517=DIRECTION('center_axis',(1.28539354252076E-16,1.,-2.72986781127864E-16));
#3518=DIRECTION('ref_axis',(0.,2.72986781127864E-16,1.));
#3519=DIRECTION('',(-1.16703672461561E-16,-1.,2.95646123718959E-16));
#3520=DIRECTION('',(-1.16703672461561E-16,-1.,2.95646123718959E-16));
#3521=DIRECTION('',(-1.16703672461561E-16,-1.,2.95646123718959E-16));
#3522=DIRECTION('center_axis',(0.999997770638206,-1.16079135448685E-16,
0.00211156781057862));
#3523=DIRECTION('ref_axis',(0.00211156781057862,0.,-0.999997770638206));
#3524=DIRECTION('',(0.00211156781057862,-2.73257592104395E-16,-0.999997770638206));
#3525=DIRECTION('',(-0.00211156781057862,2.73257592104395E-16,0.999997770638206));
#3526=DIRECTION('',(-1.16703672461561E-16,-1.,2.95646123718959E-16));
#3527=DIRECTION('center_axis',(-0.00278918357783899,-2.95319465753853E-16,
-0.999996110219919));
#3528=DIRECTION('ref_axis',(-0.99999611021992,0.,0.00278918357783899));
#3529=DIRECTION('',(-0.999996110219919,1.29300264509145E-16,0.00278918357783899));
#3530=DIRECTION('',(0.999996110219919,-1.29300264509145E-16,-0.00278918357783899));
#3531=DIRECTION('',(-1.16703672461561E-16,-1.,2.95646123718959E-16));
#3532=DIRECTION('center_axis',(-0.986056785279956,6.58782181778493E-17,
-0.16640918304997));
#3533=DIRECTION('ref_axis',(-0.16640918304997,0.,0.986056785279956));
#3534=DIRECTION('',(-0.16640918304997,2.90570596753723E-16,0.986056785279956));
#3535=DIRECTION('',(0.16640918304997,-2.90570596753723E-16,-0.986056785279956));
#3536=DIRECTION('',(-1.16703672461561E-16,-1.,2.95646123718959E-16));
#3537=DIRECTION('center_axis',(-0.00278918357783899,-2.95319465753853E-16,
-0.999996110219919));
#3538=DIRECTION('ref_axis',(-0.99999611021992,0.,0.00278918357783899));
#3539=DIRECTION('',(-0.999996110219919,1.29300264509145E-16,0.00278918357783899));
#3540=DIRECTION('',(0.999996110219919,-1.29300264509145E-16,-0.00278918357783899));
#3541=DIRECTION('',(-1.16703672461561E-16,-1.,2.95646123718959E-16));
#3542=DIRECTION('',(-1.16703672461561E-16,-1.,2.95646123718959E-16));
#3543=DIRECTION('center_axis',(1.28539354252076E-16,1.,-2.72986781127864E-16));
#3544=DIRECTION('ref_axis',(0.,2.72986781127864E-16,1.));
#3545=DIRECTION('center_axis',(1.28539354252076E-16,1.,-2.72986781127864E-16));
#3546=DIRECTION('ref_axis',(0.,2.72986781127864E-16,1.));
#3547=DIRECTION('',(-1.16703672461561E-16,-1.,2.95646123718959E-16));
#3548=DIRECTION('',(-1.16703672461561E-16,-1.,2.95646123718959E-16));
#3549=DIRECTION('center_axis',(1.28539354252076E-16,1.,-2.72986781127864E-16));
#3550=DIRECTION('ref_axis',(0.,2.72986781127864E-16,1.));
#3551=DIRECTION('center_axis',(1.28539354252076E-16,1.,-2.72986781127864E-16));
#3552=DIRECTION('ref_axis',(0.,2.72986781127864E-16,1.));
#3553=DIRECTION('center_axis',(-0.999997770638206,1.16079135448685E-16,
-0.00211156781057862));
#3554=DIRECTION('ref_axis',(-0.00211156781057862,0.,0.999997770638206));
#3555=DIRECTION('',(-0.00211156781057862,2.73257592104395E-16,0.999997770638205));
#3556=DIRECTION('',(-1.16703672461561E-16,-1.,2.95646123718959E-16));
#3557=DIRECTION('',(0.00211156781057862,-2.73257592104395E-16,-0.999997770638205));
#3558=DIRECTION('',(-1.16703672461561E-16,-1.,2.95646123718959E-16));
#3559=DIRECTION('',(-1.16703672461561E-16,-1.,2.95646123718959E-16));
#3560=DIRECTION('center_axis',(-0.999997770638206,1.16079135448685E-16,
-0.00211156781057862));
#3561=DIRECTION('ref_axis',(-0.00211156781057862,0.,0.999997770638206));
#3562=DIRECTION('',(-0.00211156781057862,2.73257592104395E-16,0.999997770638206));
#3563=DIRECTION('',(0.00211156781057862,-2.73257592104395E-16,-0.999997770638206));
#3564=DIRECTION('',(-1.16703672461561E-16,-1.,2.95646123718959E-16));
#3565=DIRECTION('center_axis',(0.00278918357783899,2.95319465753853E-16,
0.999996110219919));
#3566=DIRECTION('ref_axis',(0.99999611021992,0.,-0.00278918357783899));
#3567=DIRECTION('',(0.999996110219919,-1.29300264509145E-16,-0.00278918357783899));
#3568=DIRECTION('',(-0.999996110219919,1.29300264509145E-16,0.00278918357783899));
#3569=DIRECTION('',(-1.16703672461561E-16,-1.,2.95646123718959E-16));
#3570=DIRECTION('center_axis',(0.999997770638206,-1.16079135448685E-16,
0.00211156781057862));
#3571=DIRECTION('ref_axis',(0.00211156781057862,0.,-0.999997770638206));
#3572=DIRECTION('',(0.00211156781057862,-2.73257592104395E-16,-0.999997770638206));
#3573=DIRECTION('',(-0.00211156781057862,2.73257592104395E-16,0.999997770638206));
#3574=DIRECTION('',(-1.16703672461561E-16,-1.,2.95646123718959E-16));
#3575=DIRECTION('',(-1.16703672461561E-16,-1.,2.95646123718959E-16));
#3576=DIRECTION('center_axis',(0.999997770638206,-1.16079135448685E-16,
0.00211156781057862));
#3577=DIRECTION('ref_axis',(0.00211156781057862,0.,-0.999997770638206));
#3578=DIRECTION('',(0.00211156781057862,-2.73257592104395E-16,-0.999997770638206));
#3579=DIRECTION('',(-0.00211156781057862,2.73257592104395E-16,0.999997770638206));
#3580=DIRECTION('',(-1.16703672461561E-16,-1.,2.95646123718959E-16));
#3581=DIRECTION('center_axis',(-0.00278918357783899,-2.95319465753853E-16,
-0.999996110219919));
#3582=DIRECTION('ref_axis',(-0.99999611021992,0.,0.00278918357783899));
#3583=DIRECTION('',(-0.999996110219919,1.29300264509145E-16,0.00278918357783899));
#3584=DIRECTION('',(0.999996110219919,-1.29300264509145E-16,-0.00278918357783899));
#3585=DIRECTION('',(-1.16703672461561E-16,-1.,2.95646123718959E-16));
#3586=DIRECTION('center_axis',(-0.999997770638206,1.16079135448685E-16,
-0.00211156781057862));
#3587=DIRECTION('ref_axis',(-0.00211156781057862,0.,0.999997770638206));
#3588=DIRECTION('',(-0.00211156781057862,2.73257592104395E-16,0.999997770638206));
#3589=DIRECTION('',(0.00211156781057862,-2.73257592104395E-16,-0.999997770638206));
#3590=DIRECTION('',(-1.16703672461561E-16,-1.,2.95646123718959E-16));
#3591=DIRECTION('center_axis',(1.28539354252076E-16,1.,-2.72986781127864E-16));
#3592=DIRECTION('ref_axis',(0.,2.72986781127864E-16,1.));
#3593=DIRECTION('center_axis',(1.28539354252076E-16,1.,-2.72986781127864E-16));
#3594=DIRECTION('ref_axis',(0.,2.72986781127864E-16,1.));
#3595=DIRECTION('center_axis',(-0.999997770638206,1.16079135448685E-16,
-0.00211156781057862));
#3596=DIRECTION('ref_axis',(-0.00211156781057862,0.,0.999997770638206));
#3597=DIRECTION('',(-0.00211156781057862,2.73257592104395E-16,0.999997770638206));
#3598=DIRECTION('',(-1.16703672461561E-16,-1.,2.95646123718959E-16));
#3599=DIRECTION('',(0.00211156781057862,-2.73257592104395E-16,-0.999997770638206));
#3600=DIRECTION('',(-1.16703672461561E-16,-1.,2.95646123718959E-16));
#3601=DIRECTION('center_axis',(0.00278918357783899,2.95319465753853E-16,
0.999996110219919));
#3602=DIRECTION('ref_axis',(0.99999611021992,0.,-0.00278918357783899));
#3603=DIRECTION('',(0.999996110219919,-1.29300264509145E-16,-0.00278918357783899));
#3604=DIRECTION('',(-0.999996110219919,1.29300264509145E-16,0.00278918357783899));
#3605=DIRECTION('',(-1.16703672461561E-16,-1.,2.95646123718959E-16));
#3606=DIRECTION('center_axis',(0.999997770638206,-1.16079135448685E-16,
0.00211156781057862));
#3607=DIRECTION('ref_axis',(0.00211156781057862,0.,-0.999997770638206));
#3608=DIRECTION('',(0.00211156781057862,-2.73257592104395E-16,-0.999997770638206));
#3609=DIRECTION('',(-0.00211156781057862,2.73257592104395E-16,0.999997770638206));
#3610=DIRECTION('',(-1.16703672461561E-16,-1.,2.95646123718959E-16));
#3611=DIRECTION('',(-1.16703672461561E-16,-1.,2.95646123718959E-16));
#3612=DIRECTION('center_axis',(0.951683918636557,-2.02781927673599E-17,
0.307079336668176));
#3613=DIRECTION('ref_axis',(0.307079336668176,0.,-0.951683918636557));
#3614=DIRECTION('',(0.307079336668176,-2.99268909239229E-16,-0.951683918636557));
#3615=DIRECTION('',(-0.307079336668176,2.99268909239229E-16,0.951683918636557));
#3616=DIRECTION('',(-1.16703672461561E-16,-1.,2.95646123718959E-16));
#3617=DIRECTION('',(-1.16703672461561E-16,-1.,2.95646123718959E-16));
#3618=DIRECTION('center_axis',(0.00278918357783899,2.95319465753853E-16,
0.999996110219919));
#3619=DIRECTION('ref_axis',(0.99999611021992,0.,-0.00278918357783899));
#3620=DIRECTION('',(0.99999611021992,-1.29300264509145E-16,-0.00278918357783899));
#3621=DIRECTION('',(-0.99999611021992,1.29300264509145E-16,0.00278918357783899));
#3622=DIRECTION('',(-1.16703672461561E-16,-1.,2.95646123718959E-16));
#3623=DIRECTION('',(-1.16703672461561E-16,-1.,2.95646123718959E-16));
#3624=DIRECTION('center_axis',(-0.950141658709545,2.03072976146169E-16,
0.311818582487759));
#3625=DIRECTION('ref_axis',(0.311818582487759,0.,0.950141658709545));
#3626=DIRECTION('',(0.311818582487759,2.19295153789834E-16,0.950141658709545));
#3627=DIRECTION('',(-0.311818582487759,-2.19295153789834E-16,-0.950141658709545));
#3628=DIRECTION('',(-1.16703672461561E-16,-1.,2.95646123718959E-16));
#3629=DIRECTION('',(-1.16703672461561E-16,-1.,2.95646123718959E-16));
#3630=DIRECTION('center_axis',(-0.999997770638206,1.16079135448685E-16,
-0.00211156781057862));
#3631=DIRECTION('ref_axis',(-0.00211156781057862,0.,0.999997770638206));
#3632=DIRECTION('',(-0.00211156781057862,2.73257592104395E-16,0.999997770638206));
#3633=DIRECTION('',(0.00211156781057862,-2.73257592104395E-16,-0.999997770638206));
#3634=DIRECTION('',(-1.16703672461561E-16,-1.,2.95646123718959E-16));
#3635=DIRECTION('center_axis',(0.00278918357783899,2.95319465753853E-16,
0.999996110219919));
#3636=DIRECTION('ref_axis',(0.99999611021992,0.,-0.00278918357783899));
#3637=DIRECTION('',(0.999996110219919,-1.29300264509145E-16,-0.00278918357783899));
#3638=DIRECTION('',(-0.999996110219919,1.29300264509145E-16,0.00278918357783899));
#3639=DIRECTION('',(-1.16703672461561E-16,-1.,2.95646123718959E-16));
#3640=DIRECTION('center_axis',(0.999997770638206,-1.16079135448685E-16,
0.00211156781057862));
#3641=DIRECTION('ref_axis',(0.00211156781057862,0.,-0.999997770638206));
#3642=DIRECTION('',(0.00211156781057862,-2.73257592104395E-16,-0.999997770638206));
#3643=DIRECTION('',(-0.00211156781057862,2.73257592104395E-16,0.999997770638206));
#3644=DIRECTION('',(-1.16703672461561E-16,-1.,2.95646123718959E-16));
#3645=DIRECTION('',(-1.16703672461561E-16,-1.,2.95646123718959E-16));
#3646=DIRECTION('center_axis',(0.947623945756338,-2.05017094133116E-16,
-0.319388254995685));
#3647=DIRECTION('ref_axis',(-0.319388254995685,0.,-0.947623945756338));
#3648=DIRECTION('',(-0.319388254995685,-2.17634850618866E-16,-0.947623945756338));
#3649=DIRECTION('',(0.319388254995685,2.17634850618866E-16,0.947623945756338));
#3650=DIRECTION('',(-1.16703672461561E-16,-1.,2.95646123718959E-16));
#3651=DIRECTION('center_axis',(-0.00278918357783899,-2.95319465753853E-16,
-0.999996110219919));
#3652=DIRECTION('ref_axis',(-0.99999611021992,0.,0.00278918357783899));
#3653=DIRECTION('',(-0.999996110219919,1.29300264509145E-16,0.00278918357783899));
#3654=DIRECTION('',(0.999996110219919,-1.29300264509145E-16,-0.00278918357783899));
#3655=DIRECTION('',(-1.16703672461561E-16,-1.,2.95646123718959E-16));
#3656=DIRECTION('center_axis',(-0.950285817394219,1.88438581975033E-17,
-0.31137897369508));
#3657=DIRECTION('ref_axis',(-0.31137897369508,0.,0.950285817394219));
#3658=DIRECTION('',(-0.31137897369508,2.99439918648349E-16,0.950285817394219));
#3659=DIRECTION('',(0.31137897369508,-2.99439918648349E-16,-0.950285817394219));
#3660=DIRECTION('',(-1.16703672461561E-16,-1.,2.95646123718959E-16));
#3661=DIRECTION('center_axis',(1.28539354252076E-16,1.,-2.72986781127864E-16));
#3662=DIRECTION('ref_axis',(0.,2.72986781127864E-16,1.));
#3663=DIRECTION('center_axis',(1.28539354252076E-16,1.,-2.72986781127864E-16));
#3664=DIRECTION('ref_axis',(0.,2.72986781127864E-16,1.));
#3665=DIRECTION('center_axis',(-0.999997770638206,1.16079135448685E-16,
-0.00211156781057862));
#3666=DIRECTION('ref_axis',(-0.00211156781057862,0.,0.999997770638206));
#3667=DIRECTION('',(-0.00211156781057862,2.73257592104395E-16,0.999997770638206));
#3668=DIRECTION('',(-1.16703672461561E-16,-1.,2.95646123718959E-16));
#3669=DIRECTION('',(0.00211156781057862,-2.73257592104395E-16,-0.999997770638206));
#3670=DIRECTION('',(-1.16703672461561E-16,-1.,2.95646123718959E-16));
#3671=DIRECTION('',(-1.16703672461561E-16,-1.,2.95646123718959E-16));
#3672=DIRECTION('center_axis',(-0.999997770638206,1.16079135448685E-16,
-0.00211156781057862));
#3673=DIRECTION('ref_axis',(-0.00211156781057862,0.,0.999997770638206));
#3674=DIRECTION('',(-0.00211156781057862,2.73257592104395E-16,0.999997770638206));
#3675=DIRECTION('',(0.00211156781057862,-2.73257592104395E-16,-0.999997770638206));
#3676=DIRECTION('',(-1.16703672461561E-16,-1.,2.95646123718959E-16));
#3677=DIRECTION('',(-1.16703672461561E-16,-1.,2.95646123718959E-16));
#3678=DIRECTION('center_axis',(-0.999997770638206,1.16079135448685E-16,
-0.00211156781057862));
#3679=DIRECTION('ref_axis',(-0.00211156781057862,0.,0.999997770638206));
#3680=DIRECTION('',(-0.00211156781057862,2.73257592104395E-16,0.999997770638206));
#3681=DIRECTION('',(0.00211156781057862,-2.73257592104395E-16,-0.999997770638206));
#3682=DIRECTION('',(-1.16703672461561E-16,-1.,2.95646123718959E-16));
#3683=DIRECTION('center_axis',(0.00278918357783899,2.95319465753853E-16,
0.999996110219919));
#3684=DIRECTION('ref_axis',(0.99999611021992,0.,-0.00278918357783899));
#3685=DIRECTION('',(0.999996110219919,-1.29300264509145E-16,-0.00278918357783899));
#3686=DIRECTION('',(-0.999996110219919,1.29300264509145E-16,0.00278918357783899));
#3687=DIRECTION('',(-1.16703672461561E-16,-1.,2.95646123718959E-16));
#3688=DIRECTION('center_axis',(0.999997770638206,-1.16079135448685E-16,
0.00211156781057862));
#3689=DIRECTION('ref_axis',(0.00211156781057862,0.,-0.999997770638206));
#3690=DIRECTION('',(0.00211156781057862,-2.73257592104395E-16,-0.999997770638206));
#3691=DIRECTION('',(-0.00211156781057862,2.73257592104395E-16,0.999997770638206));
#3692=DIRECTION('',(-1.16703672461561E-16,-1.,2.95646123718959E-16));
#3693=DIRECTION('',(-1.16703672461561E-16,-1.,2.95646123718959E-16));
#3694=DIRECTION('center_axis',(0.999997770638206,-1.16079135448685E-16,
0.00211156781057862));
#3695=DIRECTION('ref_axis',(0.00211156781057862,0.,-0.999997770638206));
#3696=DIRECTION('',(0.00211156781057862,-2.73257592104395E-16,-0.999997770638206));
#3697=DIRECTION('',(-0.00211156781057862,2.73257592104395E-16,0.999997770638206));
#3698=DIRECTION('',(-1.16703672461561E-16,-1.,2.95646123718959E-16));
#3699=DIRECTION('center_axis',(0.00278918357783899,2.95319465753853E-16,
0.999996110219919));
#3700=DIRECTION('ref_axis',(0.99999611021992,0.,-0.00278918357783899));
#3701=DIRECTION('',(0.999996110219919,-1.29300264509145E-16,-0.00278918357783899));
#3702=DIRECTION('',(-0.999996110219919,1.29300264509145E-16,0.00278918357783899));
#3703=DIRECTION('',(-1.16703672461561E-16,-1.,2.95646123718959E-16));
#3704=DIRECTION('',(-1.16703672461561E-16,-1.,2.95646123718959E-16));
#3705=DIRECTION('center_axis',(0.00278918357783899,2.95319465753853E-16,
0.999996110219919));
#3706=DIRECTION('ref_axis',(0.99999611021992,0.,-0.00278918357783899));
#3707=DIRECTION('',(0.999996110219919,-1.29300264509145E-16,-0.00278918357783899));
#3708=DIRECTION('',(-0.999996110219919,1.29300264509145E-16,0.00278918357783899));
#3709=DIRECTION('',(-1.16703672461561E-16,-1.,2.95646123718959E-16));
#3710=DIRECTION('center_axis',(0.999613814964872,-1.24874273008765E-16,
-0.027788863441562));
#3711=DIRECTION('ref_axis',(-0.027788863441562,0.,-0.999613814964873));
#3712=DIRECTION('',(-0.0277888634415621,-2.69309395156028E-16,-0.999613814964872));
#3713=DIRECTION('',(0.0277888634415621,2.69309395156028E-16,0.999613814964872));
#3714=DIRECTION('',(-1.16703672461561E-16,-1.,2.95646123718959E-16));
#3715=DIRECTION('center_axis',(-0.00278918357783899,-2.95319465753853E-16,
-0.999996110219919));
#3716=DIRECTION('ref_axis',(-0.99999611021992,0.,0.00278918357783899));
#3717=DIRECTION('',(-0.999996110219919,1.29300264509145E-16,0.00278918357783899));
#3718=DIRECTION('',(0.999996110219919,-1.29300264509145E-16,-0.00278918357783899));
#3719=DIRECTION('center_axis',(1.28539354252076E-16,1.,-2.72986781127864E-16));
#3720=DIRECTION('ref_axis',(0.,2.72986781127864E-16,1.));
#3721=DIRECTION('center_axis',(1.28539354252076E-16,1.,-2.72986781127864E-16));
#3722=DIRECTION('ref_axis',(0.,2.72986781127864E-16,1.));
#3723=CARTESIAN_POINT('',(0.,0.,0.));
#3724=CARTESIAN_POINT('Origin',(-73.0000915527344,91.5085,9.99999999999998));
#3725=CARTESIAN_POINT('',(-80.0085915527344,91.5085,11.779338222891));
#3726=CARTESIAN_POINT('',(-71.9196356466884,91.5085,11.7437220083317));
#3727=CARTESIAN_POINT('',(-31.8073143776144,91.5085,11.5671047715234));
#3728=CARTESIAN_POINT('',(-80.0085915527344,91.5085,9.98697564638816));
#3729=CARTESIAN_POINT('',(-80.0085915527344,91.5085,9.99999999999998));
#3730=CARTESIAN_POINT('',(-71.9781121766961,91.5085,9.98697564638816));
#3731=CARTESIAN_POINT('',(-33.9303589309445,91.5085,9.98697564638816));
#3732=CARTESIAN_POINT('',(-71.8270880204661,91.5085,14.5240290075905));
#3733=CARTESIAN_POINT('Origin',(-80.0085915527344,9.00000000000001,10.));
#3734=CARTESIAN_POINT('',(-80.0085915527344,-73.3051202392576,20.0085));
#3735=CARTESIAN_POINT('',(-80.0085915527344,-73.3051202392576,11.7793382228911));
#3736=CARTESIAN_POINT('',(-80.0085915527344,-73.3051202392576,11.5004999637604));
#3737=CARTESIAN_POINT('',(-80.0085915527344,-73.5085,20.0085));
#3738=CARTESIAN_POINT('',(-80.0085915527344,9.00000000000001,20.0085));
#3739=CARTESIAN_POINT('',(-80.0085915527344,-73.5085,9.9869756463882));
#3740=CARTESIAN_POINT('',(-80.0085915527344,-73.5085,10.));
#3741=CARTESIAN_POINT('',(-80.0085915527344,-3.2437713696289,9.98697564638818));
#3742=CARTESIAN_POINT('',(-80.0085915527344,9.74942153092119,11.779338222891));
#3743=CARTESIAN_POINT('Origin',(-73.0000915527344,-73.5085,10.));
#3744=CARTESIAN_POINT('',(-71.976762822552,-73.5085,9.9869756463882));
#3745=CARTESIAN_POINT('',(-71.6431779737192,-73.5085,20.0085));
#3746=CARTESIAN_POINT('',(-71.8257401597699,-73.5085,14.5239841415711));
#3747=CARTESIAN_POINT('',(-33.9303589309445,-73.5085,9.9869756463882));
#3748=CARTESIAN_POINT('',(-73.0000915527344,-73.5085,20.0085));
#3749=CARTESIAN_POINT('Origin',(-73.0000915527344,9.00000000000001,20.0085));
#3750=CARTESIAN_POINT('',(-71.6431796367681,-73.3051202392575,20.0085));
#3751=CARTESIAN_POINT('',(-74.8139725898176,-73.3051202392576,20.0085));
#3752=CARTESIAN_POINT('',(-71.6438628688648,10.2496021554683,20.0085));
#3753=CARTESIAN_POINT('Origin',(-76.6278536269007,-73.3051202392576,13.0009999275208));
#3754=CARTESIAN_POINT('',(-80.1653008059367,-73.3051202392576,11.7800282242275));
#3755=CARTESIAN_POINT('',(-33.627766923413,-73.3051202392576,11.5751203459956));
#3756=CARTESIAN_POINT('',(-80.1445262625826,-73.3051202392576,25.0019998550415));
#3757=CARTESIAN_POINT('',(-80.1520705871942,-73.3051202392576,20.2004095486333));
#3758=CARTESIAN_POINT('',(-71.4982512921294,-73.3051202392576,25.0019998550415));
#3759=CARTESIAN_POINT('',(-76.6278536269007,-73.3051202392576,25.0019998550415));
#3760=CARTESIAN_POINT('',(-71.4982512921294,-73.3051202392576,24.3624235681922));
#3761=CARTESIAN_POINT('',(-71.4982512921294,-73.3051202392576,13.0009999275208));
#3762=CARTESIAN_POINT('',(-71.7778577839718,-73.3051202392575,15.9625118898546));
#3763=CARTESIAN_POINT('Origin',(9.3777642751825,10.4988430618424,11.3857641121137));
#3764=CARTESIAN_POINT('',(-71.919642239539,92.3148797607422,11.7437220373605));
#3765=CARTESIAN_POINT('',(-71.9189774094588,10.998684806865,11.7437191100691));
#3766=CARTESIAN_POINT('',(-80.1653008059499,92.3148797607422,11.7800282242274));
#3767=CARTESIAN_POINT('',(-33.1592469881449,92.3148797607422,11.5730574213444));
#3768=CARTESIAN_POINT('',(-80.1653008059434,10.4988430618344,11.7800282242275));
#3769=CARTESIAN_POINT('Origin',(-71.6747122933432,11.4991929687137,19.082031486689));
#3770=CARTESIAN_POINT('',(-71.9781589471817,97.2282180248671,9.98697564638815));
#3771=CARTESIAN_POINT('',(-71.9773475969925,-1.99449141668894,9.98697564638818));
#3772=CARTESIAN_POINT('',(-71.9781667432527,98.1816254397378,9.98697564638815));
#3773=CARTESIAN_POINT('Origin',(-76.6278536269006,97.7048797607422,-129.6985933232));
#3774=CARTESIAN_POINT('',(-71.9781898455296,101.006879615441,9.98697564638816));
#3775=CARTESIAN_POINT('',(-71.9773475969925,-1.99449141668894,9.98697564638818));
#3776=CARTESIAN_POINT('',(-71.3422968537035,101.006885937427,29.0904125281653));
#3777=CARTESIAN_POINT('',(-71.6754442032189,101.006882625309,19.0820314866895));
#3778=CARTESIAN_POINT('',(-71.3422940772405,100.667343061835,29.0904125281653));
#3779=CARTESIAN_POINT('',(-71.3415649438278,11.4991962808322,29.0904125281648));
#3780=CARTESIAN_POINT('',(-71.51167124108,100.667343061835,24.0019998550414));
#3781=CARTESIAN_POINT('',(-71.4989369124141,100.667343061835,24.3845633476541));
#3782=CARTESIAN_POINT('',(-71.5116029424746,92.3148797607422,24.0019998550415));
#3783=CARTESIAN_POINT('',(-71.5112945623832,54.6020541388868,24.0019998550415));
#3784=CARTESIAN_POINT('',(-71.7953194425285,92.3148797607422,15.4786157002749));
#3785=CARTESIAN_POINT('Origin',(83.9999084472656,-73.0085,10.));
#3786=CARTESIAN_POINT('',(98.9349969905117,-73.0085,20.0085));
#3787=CARTESIAN_POINT('',(98.9208293563151,-73.0085,10.9915));
#3788=CARTESIAN_POINT('',(98.932298662244,-73.0085,18.2911472188499));
#3789=CARTESIAN_POINT('',(99.0084084472656,-73.0085,20.0085));
#3790=CARTESIAN_POINT('',(83.9999084472656,-73.0085,20.0085));
#3791=CARTESIAN_POINT('',(99.0084084472656,-73.0085,9.9869756463882));
#3792=CARTESIAN_POINT('',(99.0084084472656,-73.0085,10.));
#3793=CARTESIAN_POINT('',(90.3752091118222,-73.0085,9.9869756463882));
#3794=CARTESIAN_POINT('',(44.5696410690555,-73.0085,9.9869756463882));
#3795=CARTESIAN_POINT('',(90.4098939485714,-73.0085,11.0289742185646));
#3796=CARTESIAN_POINT('',(90.5219027656256,-73.0085,14.3939324648869));
#3797=CARTESIAN_POINT('',(46.6911637724895,-73.0085,11.2214707153061));
#3798=CARTESIAN_POINT('Origin',(99.0084084472656,9.5,10.));
#3799=CARTESIAN_POINT('',(99.0084084472656,92.0085,9.98697564638816));
#3800=CARTESIAN_POINT('',(99.0084084472656,-2.9937713696289,9.98697564638818));
#3801=CARTESIAN_POINT('',(99.0084084472656,92.0085,20.0085));
#3802=CARTESIAN_POINT('',(99.0084084472656,9.50000000000001,20.0085));
#3803=CARTESIAN_POINT('',(99.0084084472656,92.0085,9.99999999999998));
#3804=CARTESIAN_POINT('Origin',(83.9999084472656,92.0085,9.99999999999998));
#3805=CARTESIAN_POINT('',(98.9208293563018,92.0085,10.9915));
#3806=CARTESIAN_POINT('',(98.9349969904985,92.0085,20.0085));
#3807=CARTESIAN_POINT('',(98.9322986622307,92.0085,18.2911472188498));
#3808=CARTESIAN_POINT('',(90.4085447921654,92.0085,11.0289801589905));
#3809=CARTESIAN_POINT('',(46.6911637724895,92.0085,11.221470715306));
#3810=CARTESIAN_POINT('',(90.3738597576782,92.0085,9.98697564638816));
#3811=CARTESIAN_POINT('',(90.5205549049295,92.0085,14.3939773309063));
#3812=CARTESIAN_POINT('',(44.5696410690555,92.0085,9.98697564638816));
#3813=CARTESIAN_POINT('',(83.9999084472656,92.0085,20.0085));
#3814=CARTESIAN_POINT('Origin',(83.9999084472656,9.50000000000001,20.0085));
#3815=CARTESIAN_POINT('',(98.9349969905051,9.99942153092576,20.0085));
#3816=CARTESIAN_POINT('Origin',(5.1393736908454,-15.4875427392578,9.98697564638819));
#3817=CARTESIAN_POINT('',(-83.9219991175916,-85.5555555555555,9.9869756463882));
#3818=CARTESIAN_POINT('',(102.00017134149,-85.5555555555556,9.9869756463882));
#3819=CARTESIAN_POINT('',(7.07468925980603,-85.5555555555556,9.9869756463882));
#3820=CARTESIAN_POINT('',(-83.9219991175916,105.,9.98697564638816));
#3821=CARTESIAN_POINT('',(-83.9219991175916,-2.88266025851778,9.98697564638818));
#3822=CARTESIAN_POINT('',(102.00017134149,105.,9.98697564638816));
#3823=CARTESIAN_POINT('',(7.07468925980605,105.,9.98697564638816));
#3824=CARTESIAN_POINT('',(102.00017134149,-2.8826602585178,9.98697564638818));
#3825=CARTESIAN_POINT('',(-71.9767260257781,-78.0084996977492,9.9869756463882));
#3826=CARTESIAN_POINT('',(-71.9773475969925,-1.99449141668894,9.98697564638818));
#3827=CARTESIAN_POINT('',(90.3752499839283,-78.0068856079902,9.9869756463882));
#3828=CARTESIAN_POINT('',(7.32031780924318,-78.0077113331754,9.9869756463882));
#3829=CARTESIAN_POINT('',(90.3746284138854,-1.99302059318285,9.98697564638818));
#3830=CARTESIAN_POINT('',(90.3737861641768,101.0084937052,9.98697564638816));
#3831=CARTESIAN_POINT('',(90.3746284138854,-1.99302059318285,9.98697564638818));
#3832=CARTESIAN_POINT('',(7.31869602140743,101.007667978445,9.98697564638816));
#3833=CARTESIAN_POINT('',(-76.6278536269006,102.613379760742,9.9869756463881));
#3834=CARTESIAN_POINT('Origin',(-76.6278536269006,97.7048797607422,9.98697564638815));
#3835=CARTESIAN_POINT('Origin',(-76.6278536269006,97.7048797607422,9.98697564638815));
#3836=CARTESIAN_POINT('',(95.9133158154084,-73.7866202392574,9.98697564638821));
#3837=CARTESIAN_POINT('Origin',(95.9133158154084,-78.6951202392574,9.98697564638821));
#3838=CARTESIAN_POINT('',(95.9133158154084,102.613379760742,9.98697564638817));
#3839=CARTESIAN_POINT('Origin',(95.9133158154084,97.7048797607422,9.98697564638817));
#3840=CARTESIAN_POINT('',(-76.6278536269007,-83.6036202392576,9.9869756463882));
#3841=CARTESIAN_POINT('Origin',(-76.6278536269007,-78.6951202392576,9.9869756463882));
#3842=CARTESIAN_POINT('Origin',(9.3777642751825,10.4988430618424,11.3857641121137));
#3843=CARTESIAN_POINT('',(98.9208293563018,92.0227453443684,10.9915));
#3844=CARTESIAN_POINT('',(98.9208293563084,10.4988430618503,10.9915));
#3845=CARTESIAN_POINT('',(90.8279511206229,92.0227453443684,11.0271334848393));
#3846=CARTESIAN_POINT('',(52.6610622028297,92.0227453443684,11.1951848527223));
#3847=CARTESIAN_POINT('',(90.8279511206229,100.66734306185,11.0271334848393));
#3848=CARTESIAN_POINT('',(90.8279511206229,53.9557942031054,11.0271334848393));
#3849=CARTESIAN_POINT('',(90.4084739986496,100.66734306185,11.0289804706991));
#3850=CARTESIAN_POINT('',(9.37776427517526,100.667343061842,11.3857641121137));
#3851=CARTESIAN_POINT('',(90.4092071053035,11.0001553628324,11.0289772427815));
#3852=CARTESIAN_POINT('Origin',(9.3777642751825,10.4988430618424,11.3857641121137));
#3853=CARTESIAN_POINT('',(90.4099348146852,-78.006885263157,11.0289740386284));
#3854=CARTESIAN_POINT('',(90.4092071053035,11.0001553628324,11.0289772427815));
#3855=CARTESIAN_POINT('',(-71.4982512921294,-78.0084949407942,11.7418666247992));
#3856=CARTESIAN_POINT('',(9.42278824371007,-78.0076904305909,11.3855658685652));
#3857=CARTESIAN_POINT('',(-71.4982512921294,-79.6696569381648,11.7418666247992));
#3858=CARTESIAN_POINT('',(-71.4982512921294,-34.0981385887076,11.7418666247992));
#3859=CARTESIAN_POINT('',(90.783713480637,-79.6696569381504,11.0273282661308));
#3860=CARTESIAN_POINT('',(9.37776427518974,-79.6696569381576,11.3857641121138));
#3861=CARTESIAN_POINT('',(90.783713480637,-73.3051202392574,11.0273282661308));
#3862=CARTESIAN_POINT('',(90.783713480637,-34.0981385887075,11.0273282661308));
#3863=CARTESIAN_POINT('',(98.9208293563151,-73.3051202392574,10.9915));
#3864=CARTESIAN_POINT('',(52.6411453024499,-73.3051202392574,11.1952725481686));
#3865=CARTESIAN_POINT('',(98.9208293563084,10.4988430618503,10.9915));
#3866=CARTESIAN_POINT('Origin',(90.6745291878745,11.5008070312863,18.9998810414763));
#3867=CARTESIAN_POINT('',(90.8279511206229,100.66734306185,23.6308723382319));
#3868=CARTESIAN_POINT('',(90.7618273025607,100.66734306185,21.6443868746893));
#3869=CARTESIAN_POINT('',(90.8279511206229,92.0227453443684,23.6287487538787));
#3870=CARTESIAN_POINT('',(90.8279511206229,54.455027353871,23.6195200747987));
#3871=CARTESIAN_POINT('',(90.9069491434674,92.0227453443684,26.0019998550415));
#3872=CARTESIAN_POINT('',(90.593688687872,92.0227453443684,16.5910589931963));
#3873=CARTESIAN_POINT('',(90.906878456061,100.66734306185,26.0019998550414));
#3874=CARTESIAN_POINT('',(90.9072563228655,54.4567564910445,26.0019998550415));
#3875=CARTESIAN_POINT('',(91.0069474171755,100.66734306185,29.0082620829525));
#3876=CARTESIAN_POINT('',(90.7618273025607,100.66734306185,21.6443868746893));
#3877=CARTESIAN_POINT('',(91.0069446275142,101.0085,29.0082620829525));
#3878=CARTESIAN_POINT('',(91.0076765373899,11.5008103434047,29.008262082952));
#3879=CARTESIAN_POINT('',(90.6737972779988,101.008496687882,18.9998810414768));
#3880=CARTESIAN_POINT('Origin',(90.6745291878745,11.5008070312863,18.9998810414763));
#3881=CARTESIAN_POINT('',(90.6752610977502,-78.006882625309,18.9998810414758));
#3882=CARTESIAN_POINT('Origin',(9.50064035714133,-78.0076896565953,19.0409562640821));
#3883=CARTESIAN_POINT('',(-71.4982512921294,-78.0084949408,24.361268163019));
#3884=CARTESIAN_POINT('',(-71.6739803834675,-78.0084966878815,19.0820314866885));
#3885=CARTESIAN_POINT('',(-71.4982512921294,-78.0084949407962,16.0209780958016));
#3886=CARTESIAN_POINT('Origin',(9.50064035714133,-78.0076896565953,19.0409562640821));
#3887=CARTESIAN_POINT('',(90.875052649044,-78.0068806390009,25.0019998550415));
#3888=CARTESIAN_POINT('',(90.783713480637,-78.0068815470872,25.0019998550415));
#3889=CARTESIAN_POINT('',(52.7069746648156,-78.0072601028381,25.0019998550415));
#3890=CARTESIAN_POINT('',(90.783713480637,-78.006881547086,22.2579972305021));
#3891=CARTESIAN_POINT('',(90.6752610977502,-78.006882625309,18.9998810414758));
#3892=CARTESIAN_POINT('',(90.783713480637,-78.0068815470831,16.0209780958016));
#3893=CARTESIAN_POINT('Origin',(9.49917653738991,101.007689656595,19.0409562640831));
#3894=CARTESIAN_POINT('',(9.83232388690536,101.007692968714,29.0493373055589));
#3895=CARTESIAN_POINT('Origin',(90.6745291878745,11.5008070312863,18.9998810414763));
#3896=CARTESIAN_POINT('',(90.8750142024604,-73.3051202392574,25.0019998550415));
#3897=CARTESIAN_POINT('',(90.8746895081648,-33.5971763862023,25.0019998550415));
#3898=CARTESIAN_POINT('',(90.783713480637,-73.3051202392574,22.2591522393379));
#3899=CARTESIAN_POINT('',(90.5783896090586,-73.3051202392574,16.0908319855825));
#3900=CARTESIAN_POINT('',(90.783713480637,-33.5986964808384,22.2689063011195));
#3901=CARTESIAN_POINT('Origin',(-71.6747122933432,11.4991929687137,19.082031486689));
#3902=CARTESIAN_POINT('',(-71.4982512921294,-33.6000100998044,24.3721773072776));
#3903=CARTESIAN_POINT('Origin',(9.83305579678107,11.5000033121185,29.0493373055584));
#3904=CARTESIAN_POINT('',(9.61819523495228,100.667343061842,29.0494456583455));
#3905=CARTESIAN_POINT('Origin',(95.9133158154084,-78.6951202392574,25.0019998550415));
#3906=CARTESIAN_POINT('',(90.783713480637,-79.6696569381504,25.0019998550415));
#3907=CARTESIAN_POINT('',(90.783713480637,-78.6951202392574,25.0019998550415));
#3908=CARTESIAN_POINT('',(98.9428428460415,-79.6696569381497,25.0019998550415));
#3909=CARTESIAN_POINT('',(52.6578066961985,-79.6696569381538,25.0019998550415));
#3910=CARTESIAN_POINT('',(98.942842846041,-73.3051202392574,25.0019998550415));
#3911=CARTESIAN_POINT('',(98.9428428460378,-34.0981385887034,25.0019998550415));
#3912=CARTESIAN_POINT('',(95.9133158154084,-73.3051202392574,25.0019998550415));
#3913=CARTESIAN_POINT('Origin',(90.783713480637,-78.6951202392574,13.0009999275208));
#3914=CARTESIAN_POINT('',(90.783713480637,-73.3051202392574,13.0009999275208));
#3915=CARTESIAN_POINT('',(90.783713480637,-79.6696569381504,20.0004999637604));
#3916=CARTESIAN_POINT('Origin',(95.9575534553942,92.0227453443684,14.0009999275207));
#3917=CARTESIAN_POINT('',(90.8279511206229,92.0227453443684,14.0009999275207));
#3918=CARTESIAN_POINT('',(98.944414059757,92.0227453443684,26.0019998550415));
#3919=CARTESIAN_POINT('',(98.9354566274374,92.0227453443684,20.301036228775));
#3920=CARTESIAN_POINT('',(95.9575534553942,92.0227453443684,26.0019998550415));
#3921=CARTESIAN_POINT('Origin',(90.8279511206229,97.4127453443684,14.0009999275207));
#3922=CARTESIAN_POINT('',(90.8279511206229,100.66734306185,20.5004999637604));
#3923=CARTESIAN_POINT('Origin',(9.40229757697404,100.667343061842,27.));
#3924=CARTESIAN_POINT('Origin',(-71.4982512921294,-78.6951202392576,13.0009999275208));
#3925=CARTESIAN_POINT('',(-71.4982512921294,-79.6696569381648,25.0019998550415));
#3926=CARTESIAN_POINT('',(-71.4982512921294,-78.6951202392576,25.0019998550415));
#3927=CARTESIAN_POINT('',(-71.4982512921294,-79.6696569381648,20.0004999637604));
#3928=CARTESIAN_POINT('Origin',(95.9133158154084,-73.3051202392574,13.0009999275208));
#3929=CARTESIAN_POINT('',(98.9346709679206,-73.3051202392574,19.8010027098205));
#3930=CARTESIAN_POINT('Origin',(95.9575534553942,97.4127453443684,26.0019998550414));
#3931=CARTESIAN_POINT('',(98.9444140597563,100.66734306185,26.0019998550414));
#3932=CARTESIAN_POINT('',(98.94441405976,53.9557942031095,26.0019998550415));
#3933=CARTESIAN_POINT('',(52.679925516184,100.667343061846,26.0019998550414));
#3934=CARTESIAN_POINT('Origin',(-75.6951986569422,92.3148797607422,12.0009999275207));
#3935=CARTESIAN_POINT('',(-80.1460974763251,92.3148797607422,24.0019998550415));
#3936=CARTESIAN_POINT('',(-75.6951986569422,92.3148797607422,24.0019998550415));
#3937=CARTESIAN_POINT('',(-80.152855040907,92.3148797607422,19.7011434813245));
#3938=CARTESIAN_POINT('Origin',(-75.6951986569422,97.7048797607422,24.0019998550414));
#3939=CARTESIAN_POINT('',(-80.1460974763258,100.667343061834,24.0019998550414));
#3940=CARTESIAN_POINT('',(-33.1464505399842,100.667343061839,24.0019998550414));
#3941=CARTESIAN_POINT('',(-80.146097476322,54.1018614112881,24.0019998550415));
#3942=CARTESIAN_POINT('Origin',(-76.6278536269007,-78.6951202392576,25.0019998550415));
#3943=CARTESIAN_POINT('',(-80.144526262582,-79.6696569381656,25.0019998550415));
#3944=CARTESIAN_POINT('',(-33.6127780249561,-79.6696569381614,25.0019998550415));
#3945=CARTESIAN_POINT('',(-80.1445262625857,-34.0981385887117,25.0019998550415));
#3946=CARTESIAN_POINT('Origin',(6.88900382436449,9.45000000000001,47.0000000000001));
#3947=CARTESIAN_POINT('',(-72.3866686221018,88.34,47.0000000000001));
#3948=CARTESIAN_POINT('',(-72.3866686221018,-69.44,47.0000000000001));
#3949=CARTESIAN_POINT('',(-72.3866686221018,9.45000000000002,47.0000000000001));
#3950=CARTESIAN_POINT('',(86.1646762708307,-69.44,47.0000000000001));
#3951=CARTESIAN_POINT('',(6.88900382436448,-69.44,47.0000000000001));
#3952=CARTESIAN_POINT('',(86.1646762708308,88.34,47.0000000000001));
#3953=CARTESIAN_POINT('',(86.1646762708308,9.45,47.0000000000001));
#3954=CARTESIAN_POINT('',(6.8890038243645,88.34,47.0000000000001));
#3955=CARTESIAN_POINT('',(43.2710476527431,-8.68849999999999,47.0000000000001));
#3956=CARTESIAN_POINT('',(-28.5603850340557,-8.68849999999998,47.0000000000001));
#3957=CARTESIAN_POINT('',(7.12216756685409,-8.68849999999998,47.0000000000001));
#3958=CARTESIAN_POINT('',(-28.5603850340557,27.5885,47.0000000000001));
#3959=CARTESIAN_POINT('',(-28.5603850340557,9.45000000000002,47.0000000000001));
#3960=CARTESIAN_POINT('',(43.2710476527431,27.5885,47.0000000000001));
#3961=CARTESIAN_POINT('',(7.1221675668541,27.5885,47.0000000000001));
#3962=CARTESIAN_POINT('',(43.2710476527431,9.45000000000001,47.0000000000001));
#3963=CARTESIAN_POINT('',(-36.4794522787023,29.5314999999998,47.0000000000001));
#3964=CARTESIAN_POINT('Origin',(-36.4794522787023,31.0099999999999,47.0000000000001));
#3965=CARTESIAN_POINT('',(-37.4121072486608,-15.0585000000002,47.0000000000001));
#3966=CARTESIAN_POINT('Origin',(-37.4121072486608,-13.5800000000002,47.0000000000001));
#3967=CARTESIAN_POINT('',(52.1227698673482,-15.5485000000004,47.0000000000001));
#3968=CARTESIAN_POINT('Origin',(52.1227698673482,-14.0700000000003,47.0000000000001));
#3969=CARTESIAN_POINT('',(51.656442382369,29.5314999999996,47.0000000000001));
#3970=CARTESIAN_POINT('Origin',(51.656442382369,31.0099999999997,47.0000000000001));
#3971=CARTESIAN_POINT('Origin',(86.1646762708308,9.45,45.5000000000001));
#3972=CARTESIAN_POINT('',(86.1646762708307,-69.44,46.4488303190399));
#3973=CARTESIAN_POINT('',(86.1646762708308,88.34,46.4488303190399));
#3974=CARTESIAN_POINT('',(86.1646762708308,9.58611111111111,46.4488303190399));
#3975=CARTESIAN_POINT('',(86.1646762708308,88.34,45.5000000000001));
#3976=CARTESIAN_POINT('',(86.1646762708307,-69.44,45.5000000000001));
#3977=CARTESIAN_POINT('Origin',(6.88900382436448,-69.44,45.5000000000001));
#3978=CARTESIAN_POINT('',(-72.3866686221018,-69.44,46.891060846639));
#3979=CARTESIAN_POINT('',(7.92695328619826,-69.44,46.6670505399848));
#3980=CARTESIAN_POINT('',(-72.3866686221018,-69.44,45.5000000000001));
#3981=CARTESIAN_POINT('Origin',(6.8890038243645,88.34,45.5000000000001));
#3982=CARTESIAN_POINT('',(85.9954780667573,88.34,46.4493022457278));
#3983=CARTESIAN_POINT('',(86.0006486154812,88.34,44.0000000000001));
#3984=CARTESIAN_POINT('',(85.9790349935135,88.34,54.2384283856682));
#3985=CARTESIAN_POINT('',(-68.0661389970091,88.34,44.0000000000001));
#3986=CARTESIAN_POINT('',(6.8890038243645,88.34,44.0000000000001));
#3987=CARTESIAN_POINT('',(-68.0722167072688,88.34,46.8790270014018));
#3988=CARTESIAN_POINT('',(-68.0878630229504,88.34,54.2907270322749));
#3989=CARTESIAN_POINT('',(-72.3866686221018,88.34,46.891060846639));
#3990=CARTESIAN_POINT('',(7.92695328619828,88.34,46.6670505399848));
#3991=CARTESIAN_POINT('',(-72.3866686221018,88.34,45.5000000000001));
#3992=CARTESIAN_POINT('',(7.92695328619828,88.34,46.6670505399848));
#3993=CARTESIAN_POINT('Ctrl Pts',(51.656442382369,29.5314999999997,44.0000000000001));
#3994=CARTESIAN_POINT('Ctrl Pts',(53.0639248373066,29.5314999999997,44.0000000000001));
#3995=CARTESIAN_POINT('Ctrl Pts',(53.0639248373066,31.0099999999997,44.0000000000001));
#3996=CARTESIAN_POINT('Ctrl Pts',(53.0639248373066,32.4884999999998,44.0000000000001));
#3997=CARTESIAN_POINT('Ctrl Pts',(51.656442382369,32.4884999999998,44.0000000000001));
#3998=CARTESIAN_POINT('Ctrl Pts',(50.2489599274313,32.4884999999998,44.0000000000001));
#3999=CARTESIAN_POINT('Ctrl Pts',(50.2489599274313,31.0099999999997,44.0000000000001));
#4000=CARTESIAN_POINT('Ctrl Pts',(50.2489599274313,29.5314999999997,44.0000000000001));
#4001=CARTESIAN_POINT('Ctrl Pts',(51.656442382369,29.5314999999997,44.0000000000001));
#4002=CARTESIAN_POINT('Ctrl Pts',(51.656442382369,29.5314999999997,47.0000000000001));
#4003=CARTESIAN_POINT('Ctrl Pts',(53.0639248373066,29.5314999999997,47.0000000000001));
#4004=CARTESIAN_POINT('Ctrl Pts',(53.0639248373066,31.0099999999997,47.0000000000001));
#4005=CARTESIAN_POINT('Ctrl Pts',(53.0639248373066,32.4884999999998,47.0000000000001));
#4006=CARTESIAN_POINT('Ctrl Pts',(51.656442382369,32.4884999999998,47.0000000000001));
#4007=CARTESIAN_POINT('Ctrl Pts',(50.2489599274313,32.4884999999998,47.0000000000001));
#4008=CARTESIAN_POINT('Ctrl Pts',(50.2489599274313,31.0099999999997,47.0000000000001));
#4009=CARTESIAN_POINT('Ctrl Pts',(50.2489599274313,29.5314999999997,47.0000000000001));
#4010=CARTESIAN_POINT('Ctrl Pts',(51.656442382369,29.5314999999997,47.0000000000001));
#4011=CARTESIAN_POINT('',(51.656442382369,29.5314999999996,44.0000000000001));
#4012=CARTESIAN_POINT('Origin',(51.656442382369,31.0099999999997,44.0000000000001));
#4013=CARTESIAN_POINT('',(51.656442382369,29.5314999999997,40.9915000000001));
#4014=CARTESIAN_POINT('Ctrl Pts',(52.1227698673482,-15.5485000000004,44.0000000000001));
#4015=CARTESIAN_POINT('Ctrl Pts',(53.5302523222858,-15.5485000000004,44.0000000000001));
#4016=CARTESIAN_POINT('Ctrl Pts',(53.5302523222858,-14.0700000000003,44.0000000000001));
#4017=CARTESIAN_POINT('Ctrl Pts',(53.5302523222858,-12.5915000000002,44.0000000000001));
#4018=CARTESIAN_POINT('Ctrl Pts',(52.1227698673482,-12.5915000000002,44.0000000000001));
#4019=CARTESIAN_POINT('Ctrl Pts',(50.7152874124105,-12.5915000000002,44.0000000000001));
#4020=CARTESIAN_POINT('Ctrl Pts',(50.7152874124105,-14.0700000000003,44.0000000000001));
#4021=CARTESIAN_POINT('Ctrl Pts',(50.7152874124105,-15.5485000000004,44.0000000000001));
#4022=CARTESIAN_POINT('Ctrl Pts',(52.1227698673482,-15.5485000000004,44.0000000000001));
#4023=CARTESIAN_POINT('Ctrl Pts',(52.1227698673482,-15.5485000000004,47.0000000000001));
#4024=CARTESIAN_POINT('Ctrl Pts',(53.5302523222858,-15.5485000000004,47.0000000000001));
#4025=CARTESIAN_POINT('Ctrl Pts',(53.5302523222858,-14.0700000000003,47.0000000000001));
#4026=CARTESIAN_POINT('Ctrl Pts',(53.5302523222858,-12.5915000000002,47.0000000000001));
#4027=CARTESIAN_POINT('Ctrl Pts',(52.1227698673482,-12.5915000000002,47.0000000000001));
#4028=CARTESIAN_POINT('Ctrl Pts',(50.7152874124105,-12.5915000000002,47.0000000000001));
#4029=CARTESIAN_POINT('Ctrl Pts',(50.7152874124105,-14.0700000000003,47.0000000000001));
#4030=CARTESIAN_POINT('Ctrl Pts',(50.7152874124105,-15.5485000000004,47.0000000000001));
#4031=CARTESIAN_POINT('Ctrl Pts',(52.1227698673482,-15.5485000000004,47.0000000000001));
#4032=CARTESIAN_POINT('',(52.1227698673482,-15.5485000000004,44.0000000000001));
#4033=CARTESIAN_POINT('Origin',(52.1227698673482,-14.0700000000003,44.0000000000001));
#4034=CARTESIAN_POINT('',(52.1227698673482,-15.5485000000004,40.9915000000001));
#4035=CARTESIAN_POINT('Ctrl Pts',(-37.4121072486608,-15.0585000000002,44.0000000000001));
#4036=CARTESIAN_POINT('Ctrl Pts',(-36.0046247937231,-15.0585000000002,44.0000000000001));
#4037=CARTESIAN_POINT('Ctrl Pts',(-36.0046247937231,-13.5800000000002,44.0000000000001));
#4038=CARTESIAN_POINT('Ctrl Pts',(-36.0046247937231,-12.1015000000001,44.0000000000001));
#4039=CARTESIAN_POINT('Ctrl Pts',(-37.4121072486608,-12.1015000000001,44.0000000000001));
#4040=CARTESIAN_POINT('Ctrl Pts',(-38.8195897035984,-12.1015000000001,44.0000000000001));
#4041=CARTESIAN_POINT('Ctrl Pts',(-38.8195897035984,-13.5800000000002,44.0000000000001));
#4042=CARTESIAN_POINT('Ctrl Pts',(-38.8195897035984,-15.0585000000002,44.0000000000001));
#4043=CARTESIAN_POINT('Ctrl Pts',(-37.4121072486608,-15.0585000000002,44.0000000000001));
#4044=CARTESIAN_POINT('Ctrl Pts',(-37.4121072486608,-15.0585000000002,47.0000000000001));
#4045=CARTESIAN_POINT('Ctrl Pts',(-36.0046247937231,-15.0585000000002,47.0000000000001));
#4046=CARTESIAN_POINT('Ctrl Pts',(-36.0046247937231,-13.5800000000002,47.0000000000001));
#4047=CARTESIAN_POINT('Ctrl Pts',(-36.0046247937231,-12.1015000000001,47.0000000000001));
#4048=CARTESIAN_POINT('Ctrl Pts',(-37.4121072486608,-12.1015000000001,47.0000000000001));
#4049=CARTESIAN_POINT('Ctrl Pts',(-38.8195897035984,-12.1015000000001,47.0000000000001));
#4050=CARTESIAN_POINT('Ctrl Pts',(-38.8195897035984,-13.5800000000002,47.0000000000001));
#4051=CARTESIAN_POINT('Ctrl Pts',(-38.8195897035984,-15.0585000000002,47.0000000000001));
#4052=CARTESIAN_POINT('Ctrl Pts',(-37.4121072486608,-15.0585000000002,47.0000000000001));
#4053=CARTESIAN_POINT('',(-37.4121072486608,-15.0585000000002,44.0000000000001));
#4054=CARTESIAN_POINT('Origin',(-37.4121072486608,-13.5800000000002,44.0000000000001));
#4055=CARTESIAN_POINT('',(-37.4121072486608,-15.0585000000002,40.9915000000001));
#4056=CARTESIAN_POINT('Ctrl Pts',(-36.4794522787023,29.5314999999998,44.0000000000001));
#4057=CARTESIAN_POINT('Ctrl Pts',(-35.0719698237647,29.5314999999998,44.0000000000001));
#4058=CARTESIAN_POINT('Ctrl Pts',(-35.0719698237647,31.0099999999999,44.0000000000001));
#4059=CARTESIAN_POINT('Ctrl Pts',(-35.0719698237647,32.4885,44.0000000000001));
#4060=CARTESIAN_POINT('Ctrl Pts',(-36.4794522787023,32.4885,44.0000000000001));
#4061=CARTESIAN_POINT('Ctrl Pts',(-37.88693473364,32.4885,44.0000000000001));
#4062=CARTESIAN_POINT('Ctrl Pts',(-37.88693473364,31.0099999999999,44.0000000000001));
#4063=CARTESIAN_POINT('Ctrl Pts',(-37.88693473364,29.5314999999998,44.0000000000001));
#4064=CARTESIAN_POINT('Ctrl Pts',(-36.4794522787023,29.5314999999998,44.0000000000001));
#4065=CARTESIAN_POINT('Ctrl Pts',(-36.4794522787023,29.5314999999998,47.0000000000001));
#4066=CARTESIAN_POINT('Ctrl Pts',(-35.0719698237647,29.5314999999998,47.0000000000001));
#4067=CARTESIAN_POINT('Ctrl Pts',(-35.0719698237647,31.0099999999999,47.0000000000001));
#4068=CARTESIAN_POINT('Ctrl Pts',(-35.0719698237647,32.4885,47.0000000000001));
#4069=CARTESIAN_POINT('Ctrl Pts',(-36.4794522787023,32.4885,47.0000000000001));
#4070=CARTESIAN_POINT('Ctrl Pts',(-37.88693473364,32.4885,47.0000000000001));
#4071=CARTESIAN_POINT('Ctrl Pts',(-37.88693473364,31.0099999999999,47.0000000000001));
#4072=CARTESIAN_POINT('Ctrl Pts',(-37.88693473364,29.5314999999998,47.0000000000001));
#4073=CARTESIAN_POINT('Ctrl Pts',(-36.4794522787023,29.5314999999998,47.0000000000001));
#4074=CARTESIAN_POINT('',(-36.4794522787023,29.5314999999998,44.0000000000001));
#4075=CARTESIAN_POINT('Origin',(-36.4794522787023,31.0099999999999,44.0000000000001));
#4076=CARTESIAN_POINT('',(-36.4794522787023,29.5314999999998,40.9915000000001));
#4077=CARTESIAN_POINT('Origin',(-72.3866686221018,9.45000000000002,45.5000000000001));
#4078=CARTESIAN_POINT('',(-72.3866686221018,9.58611111111113,46.891060846639));
#4079=CARTESIAN_POINT('Origin',(6.88900382436449,9.45000000000002,44.0000000000001));
#4080=CARTESIAN_POINT('',(86.0006486154811,-69.2307222222223,44.0000000000001));
#4081=CARTESIAN_POINT('',(86.0006486154812,9.58611111111108,44.0000000000001));
#4082=CARTESIAN_POINT('',(-68.0661389970091,-69.2307222222223,44.0000000000001));
#4083=CARTESIAN_POINT('',(7.90804838852459,-69.2307222222223,44.0000000000001));
#4084=CARTESIAN_POINT('',(-68.0661389970091,9.5861111111111,44.0000000000001));
#4085=CARTESIAN_POINT('',(-28.5603850340557,-8.68849999999998,44.0000000000001));
#4086=CARTESIAN_POINT('',(43.2710476527431,-8.68849999999999,44.0000000000001));
#4087=CARTESIAN_POINT('',(7.12216756685409,-8.68849999999999,44.0000000000001));
#4088=CARTESIAN_POINT('',(43.2710476527431,27.5885,44.0000000000001));
#4089=CARTESIAN_POINT('',(43.2710476527431,9.45000000000001,44.0000000000001));
#4090=CARTESIAN_POINT('',(-28.5603850340557,27.5885,44.0000000000001));
#4091=CARTESIAN_POINT('',(7.1221675668541,27.5885,44.0000000000001));
#4092=CARTESIAN_POINT('',(-28.5603850340557,9.45000000000002,44.0000000000001));
#4093=CARTESIAN_POINT('Origin',(101.971637563866,9.72222222222222,23.5000221462214));
#4094=CARTESIAN_POINT('',(101.923272302818,105.,46.4048765308071));
#4095=CARTESIAN_POINT('',(101.971637563866,105.,23.5000221462214));
#4096=CARTESIAN_POINT('',(101.923272302818,-85.5555555555556,46.4048765308071));
#4097=CARTESIAN_POINT('',(101.923272302818,9.72222222222221,46.4048765308071));
#4098=CARTESIAN_POINT('',(101.971637563866,-85.5555555555556,23.5000221462214));
#4099=CARTESIAN_POINT('Origin',(9.01000482876667,-85.5555555555556,23.7593102141888));
#4100=CARTESIAN_POINT('',(-83.9999931673809,-85.5555555555555,46.9234526667419));
#4101=CARTESIAN_POINT('',(8.96163956771852,-85.5555555555556,46.6641645987745));
#4102=CARTESIAN_POINT('',(-83.9516279063328,-85.5555555555555,24.0185982821562));
#4103=CARTESIAN_POINT('Origin',(8.92709295268472,88.6751666666666,63.0247748734785));
#4104=CARTESIAN_POINT('',(-68.0639338853207,88.6751666666666,42.9554329145801));
#4105=CARTESIAN_POINT('',(86.0042857917697,88.6751666666666,42.2770602256298));
#4106=CARTESIAN_POINT('',(9.13203314596766,88.6751666666666,42.615533902046));
#4107=CARTESIAN_POINT('',(85.9954780667573,88.6751666666666,46.4493022457278));
#4108=CARTESIAN_POINT('',(85.9609404564227,88.6751666666666,62.8098572027321));
#4109=CARTESIAN_POINT('',(-68.0722167072688,88.6751666666666,46.8790270014018));
#4110=CARTESIAN_POINT('',(8.92155011057996,88.6751666666666,46.6642764160649));
#4111=CARTESIAN_POINT('',(-68.1067545510533,88.6751666666666,63.239692544225));
#4112=CARTESIAN_POINT('Origin',(8.9270929526847,-69.2307222222223,63.0247748734786));
#4113=CARTESIAN_POINT('',(86.0042857917697,-69.2307222222223,42.2770602256299));
#4114=CARTESIAN_POINT('',(85.9609404564227,-69.2307222222223,62.8098572027321));
#4115=CARTESIAN_POINT('',(85.9434214847776,-69.2307222222223,42.2773282152496));
#4116=CARTESIAN_POINT('',(9.13203314596764,-69.2307222222223,42.615533902046));
#4117=CARTESIAN_POINT('',(85.9449407594454,-69.2307222222223,42.8965762413963));
#4118=CARTESIAN_POINT('',(85.9571230097861,-69.2307222222223,47.861994699003));
#4119=CARTESIAN_POINT('',(-67.9595906483279,-69.2307222222223,43.331294064899));
#4120=CARTESIAN_POINT('',(8.93176447039219,-69.2307222222223,43.114107200824));
#4121=CARTESIAN_POINT('',(-67.9605139102921,-69.2307222222223,42.9549775495042));
#4122=CARTESIAN_POINT('',(-67.947478474039,-69.2307222222223,48.2681499079405));
#4123=CARTESIAN_POINT('',(-68.0639338853207,-69.2307222222223,42.9554329145801));
#4124=CARTESIAN_POINT('',(9.13203314596764,-69.2307222222223,42.615533902046));
#4125=CARTESIAN_POINT('',(-68.1067545510533,-69.2307222222223,63.239692544225));
#4126=CARTESIAN_POINT('Origin',(8.99267505555129,9.54741057524435,43.1139351531483));
#4127=CARTESIAN_POINT('',(85.9449407594454,-69.3510894247426,42.8965762413963));
#4128=CARTESIAN_POINT('',(85.944940759438,9.54741057525236,42.8965762413969));
#4129=CARTESIAN_POINT('',(-67.9595906483279,-69.3510894247586,43.331294064899));
#4130=CARTESIAN_POINT('',(8.99267505555873,-69.3510894247506,43.1139351531476));
#4131=CARTESIAN_POINT('',(-67.9595906483354,9.54741057523634,43.3312940648996));
#4132=CARTESIAN_POINT('Origin',(85.9203862469831,9.54741057525735,32.8882915689633));
#4133=CARTESIAN_POINT('',(85.9434214847776,-69.3510894247423,42.2773282152496));
#4134=CARTESIAN_POINT('',(85.9434214847702,10.0231268185535,42.2773282152496));
#4135=CARTESIAN_POINT('',(85.9203862469905,-69.3510894247376,32.8882915689627));
#4136=CARTESIAN_POINT('Origin',(-68.1067545510533,9.72222222222218,63.239692544225));
#4137=CARTESIAN_POINT('',(-68.0639338853207,10.1105326420323,42.9554329145801));
#4138=CARTESIAN_POINT('',(-68.0722167072688,9.7222222222222,46.8790270014018));
#4139=CARTESIAN_POINT('Origin',(-67.9841451607902,9.54741057524133,33.323009392466));
#4140=CARTESIAN_POINT('',(-67.9605139102921,-69.3510894247584,42.9549775495042));
#4141=CARTESIAN_POINT('',(-67.9605139102995,10.0231268185382,42.9549775495042));
#4142=CARTESIAN_POINT('',(-67.9841451607828,-69.3510894247536,33.3230093924654));
#4143=CARTESIAN_POINT('Origin',(8.96812054310385,-69.3510894247456,33.105650480714));
#4144=CARTESIAN_POINT('',(9.21841322070058,-69.3510894247503,42.6151535647923));
#4145=CARTESIAN_POINT('Origin',(9.42683087878006,10.4988430618424,42.6142358878863));
#4146=CARTESIAN_POINT('',(98.9698959598987,100.66734306185,42.2199717757725));
#4147=CARTESIAN_POINT('',(-80.116234202353,100.667343061834,43.0085));
#4148=CARTESIAN_POINT('',(9.42683087877282,100.667343061842,42.6142358878863));
#4149=CARTESIAN_POINT('',(98.9698959599132,-79.6696569381497,42.2199717757726));
#4150=CARTESIAN_POINT('',(98.9698959599059,10.4988430618503,42.2199717757726));
#4151=CARTESIAN_POINT('',(-80.1162342023386,-79.6696569381656,43.0085));
#4152=CARTESIAN_POINT('',(9.4268308787873,-79.6696569381576,42.6142358878863));
#4153=CARTESIAN_POINT('',(-80.1162342023458,10.4988430618345,43.0085));
#4154=CARTESIAN_POINT('',(86.0042857917697,10.1105326420323,42.2770602256299));
#4155=CARTESIAN_POINT('Origin',(9.40229757698852,-79.6696569381576,27.));
#4156=CARTESIAN_POINT('',(-80.1407675041373,-79.6696569381656,27.3942641121138));
#4157=CARTESIAN_POINT('',(98.9453626581144,-79.6696569381497,26.6057358878863));
#4158=CARTESIAN_POINT('Origin',(-80.1407675041446,10.4988430618344,27.3942641121137));
#4159=CARTESIAN_POINT('',(-80.1407675041518,100.667343061834,27.3942641121137));
#4160=CARTESIAN_POINT('Origin',(98.9453626581071,10.4988430618503,26.6057358878863));
#4161=CARTESIAN_POINT('',(98.9453626580999,100.66734306185,26.6057358878863));
#4162=CARTESIAN_POINT('Origin',(8.96163956771853,9.72222222222223,46.6641645987745));
#4163=CARTESIAN_POINT('',(-83.9999931673809,105.,46.9234526667419));
#4164=CARTESIAN_POINT('',(-83.9999931673809,9.72222222222224,46.9234526667419));
#4165=CARTESIAN_POINT('',(8.96163956771854,105.,46.6641645987745));
#4166=CARTESIAN_POINT('',(85.9954780667573,9.72222222222218,46.4493022457278));
#4167=CARTESIAN_POINT('Origin',(85.9609404564227,9.72222222222216,62.8098572027321));
#4168=CARTESIAN_POINT('Origin',(43.2710476527431,9.45000000000001,47.));
#4169=CARTESIAN_POINT('',(43.2710476527431,-8.68849999999999,47.));
#4170=CARTESIAN_POINT('',(43.2710476527431,27.5885,47.));
#4171=CARTESIAN_POINT('Origin',(7.3553313093437,-8.68849999999999,47.));
#4172=CARTESIAN_POINT('',(-28.5603850340557,-8.68849999999998,47.));
#4173=CARTESIAN_POINT('Origin',(-28.5603850340557,9.45000000000002,47.));
#4174=CARTESIAN_POINT('',(-28.5603850340557,27.5885,47.));
#4175=CARTESIAN_POINT('Origin',(7.3553313093437,27.5885,47.));
#4176=CARTESIAN_POINT('Origin',(9.40229757697404,100.667343061842,27.));
#4177=CARTESIAN_POINT('Origin',(-76.6278536269007,-78.6951202392576,19.0085));
#4178=CARTESIAN_POINT('',(-76.6278536269007,-83.6036202392576,19.0085));
#4179=CARTESIAN_POINT('Origin',(-76.6278536269007,-78.6951202392576,19.0085));
#4180=CARTESIAN_POINT('Ctrl Pts',(-76.6278536269007,-83.6036202392576,9.98697564638819));
#4181=CARTESIAN_POINT('Ctrl Pts',(-71.9560787771086,-83.6036202392576,9.98697564638819));
#4182=CARTESIAN_POINT('Ctrl Pts',(-71.9560787771086,-78.6951202392576,9.98697564638819));
#4183=CARTESIAN_POINT('Ctrl Pts',(-71.9560787771086,-73.7866202392576,9.98697564638819));
#4184=CARTESIAN_POINT('Ctrl Pts',(-76.6278536269007,-73.7866202392576,9.98697564638819));
#4185=CARTESIAN_POINT('Ctrl Pts',(-81.2996284766929,-73.7866202392576,9.98697564638819));
#4186=CARTESIAN_POINT('Ctrl Pts',(-81.2996284766929,-78.6951202392576,9.98697564638819));
#4187=CARTESIAN_POINT('Ctrl Pts',(-81.2996284766929,-83.6036202392576,9.98697564638819));
#4188=CARTESIAN_POINT('Ctrl Pts',(-76.6278536269007,-83.6036202392576,9.98697564638819));
#4189=CARTESIAN_POINT('Ctrl Pts',(-76.6278536269007,-83.6036202392576,19.0085));
#4190=CARTESIAN_POINT('Ctrl Pts',(-71.9560787771086,-83.6036202392576,19.0085));
#4191=CARTESIAN_POINT('Ctrl Pts',(-71.9560787771086,-78.6951202392576,19.0085));
#4192=CARTESIAN_POINT('Ctrl Pts',(-71.9560787771086,-73.7866202392576,19.0085));
#4193=CARTESIAN_POINT('Ctrl Pts',(-76.6278536269007,-73.7866202392576,19.0085));
#4194=CARTESIAN_POINT('Ctrl Pts',(-81.2996284766929,-73.7866202392576,19.0085));
#4195=CARTESIAN_POINT('Ctrl Pts',(-81.2996284766929,-78.6951202392576,19.0085));
#4196=CARTESIAN_POINT('Ctrl Pts',(-81.2996284766929,-83.6036202392576,19.0085));
#4197=CARTESIAN_POINT('Ctrl Pts',(-76.6278536269007,-83.6036202392576,19.0085));
#4198=CARTESIAN_POINT('',(-76.6278536269007,-83.6036202392576,-1.00849999999997));
#4199=CARTESIAN_POINT('Origin',(-76.6278536269006,97.7048797607422,17.0085000000001));
#4200=CARTESIAN_POINT('',(-76.6278536269006,102.613379760742,17.0085000000001));
#4201=CARTESIAN_POINT('Origin',(-76.6278536269006,97.7048797607422,17.0085000000001));
#4202=CARTESIAN_POINT('Ctrl Pts',(-76.6278536269006,102.613379760742,9.9869756463881));
#4203=CARTESIAN_POINT('Ctrl Pts',(-81.2996284766927,102.613379760742,9.9869756463881));
#4204=CARTESIAN_POINT('Ctrl Pts',(-81.2996284766927,97.7048797607422,9.9869756463881));
#4205=CARTESIAN_POINT('Ctrl Pts',(-81.2996284766927,92.7963797607422,9.9869756463881));
#4206=CARTESIAN_POINT('Ctrl Pts',(-76.6278536269006,92.7963797607422,9.9869756463881));
#4207=CARTESIAN_POINT('Ctrl Pts',(-71.9560787771084,92.7963797607422,9.9869756463881));
#4208=CARTESIAN_POINT('Ctrl Pts',(-71.9560787771084,97.7048797607422,9.9869756463881));
#4209=CARTESIAN_POINT('Ctrl Pts',(-71.9560787771084,102.613379760742,9.9869756463881));
#4210=CARTESIAN_POINT('Ctrl Pts',(-76.6278536269006,102.613379760742,9.9869756463881));
#4211=CARTESIAN_POINT('Ctrl Pts',(-76.6278536269006,102.613379760742,17.0085000000001));
#4212=CARTESIAN_POINT('Ctrl Pts',(-81.2996284766927,102.613379760742,17.0085000000001));
#4213=CARTESIAN_POINT('Ctrl Pts',(-81.2996284766927,97.7048797607422,17.0085000000001));
#4214=CARTESIAN_POINT('Ctrl Pts',(-81.2996284766927,92.7963797607422,17.0085000000001));
#4215=CARTESIAN_POINT('Ctrl Pts',(-76.6278536269006,92.7963797607422,17.0085000000001));
#4216=CARTESIAN_POINT('Ctrl Pts',(-71.9560787771084,92.7963797607422,17.0085000000001));
#4217=CARTESIAN_POINT('Ctrl Pts',(-71.9560787771084,97.7048797607422,17.0085000000001));
#4218=CARTESIAN_POINT('Ctrl Pts',(-71.9560787771084,102.613379760742,17.0085000000001));
#4219=CARTESIAN_POINT('Ctrl Pts',(-76.6278536269006,102.613379760742,17.0085000000001));
#4220=CARTESIAN_POINT('',(-76.6278536269006,102.613379760742,-3.00849999999995));
#4221=CARTESIAN_POINT('Origin',(95.9133158154084,97.7048797607422,19.0085));
#4222=CARTESIAN_POINT('',(95.9133158154084,102.613379760742,19.0085));
#4223=CARTESIAN_POINT('Origin',(95.9133158154084,97.7048797607422,19.0085));
#4224=CARTESIAN_POINT('Ctrl Pts',(95.9133158154084,102.613379760742,9.98697564638817));
#4225=CARTESIAN_POINT('Ctrl Pts',(91.2415409656162,102.613379760742,9.98697564638817));
#4226=CARTESIAN_POINT('Ctrl Pts',(91.2415409656162,97.7048797607422,9.98697564638817));
#4227=CARTESIAN_POINT('Ctrl Pts',(91.2415409656162,92.7963797607422,9.98697564638817));
#4228=CARTESIAN_POINT('Ctrl Pts',(95.9133158154084,92.7963797607422,9.98697564638817));
#4229=CARTESIAN_POINT('Ctrl Pts',(100.585090665201,92.7963797607422,9.98697564638817));
#4230=CARTESIAN_POINT('Ctrl Pts',(100.585090665201,97.7048797607422,9.98697564638817));
#4231=CARTESIAN_POINT('Ctrl Pts',(100.585090665201,102.613379760742,9.98697564638817));
#4232=CARTESIAN_POINT('Ctrl Pts',(95.9133158154084,102.613379760742,9.98697564638817));
#4233=CARTESIAN_POINT('Ctrl Pts',(95.9133158154084,102.613379760742,19.0085));
#4234=CARTESIAN_POINT('Ctrl Pts',(91.2415409656162,102.613379760742,19.0085));
#4235=CARTESIAN_POINT('Ctrl Pts',(91.2415409656162,97.7048797607422,19.0085));
#4236=CARTESIAN_POINT('Ctrl Pts',(91.2415409656162,92.7963797607422,19.0085));
#4237=CARTESIAN_POINT('Ctrl Pts',(95.9133158154084,92.7963797607422,19.0085));
#4238=CARTESIAN_POINT('Ctrl Pts',(100.585090665201,92.7963797607422,19.0085));
#4239=CARTESIAN_POINT('Ctrl Pts',(100.585090665201,97.7048797607422,19.0085));
#4240=CARTESIAN_POINT('Ctrl Pts',(100.585090665201,102.613379760742,19.0085));
#4241=CARTESIAN_POINT('Ctrl Pts',(95.9133158154084,102.613379760742,19.0085));
#4242=CARTESIAN_POINT('',(95.9133158154084,102.613379760742,-1.00850000000001));
#4243=CARTESIAN_POINT('Origin',(95.9133158154084,-78.6951202392574,20.0085));
#4244=CARTESIAN_POINT('',(95.9133158154084,-73.7866202392574,20.0085));
#4245=CARTESIAN_POINT('Origin',(95.9133158154084,-78.6951202392574,20.0085));
#4246=CARTESIAN_POINT('Ctrl Pts',(95.9133158154084,-73.7866202392574,9.98697564638821));
#4247=CARTESIAN_POINT('Ctrl Pts',(91.2415409656163,-73.7866202392574,9.98697564638821));
#4248=CARTESIAN_POINT('Ctrl Pts',(91.2415409656162,-78.6951202392574,9.98697564638821));
#4249=CARTESIAN_POINT('Ctrl Pts',(91.2415409656163,-83.6036202392574,9.98697564638821));
#4250=CARTESIAN_POINT('Ctrl Pts',(95.9133158154084,-83.6036202392574,9.98697564638821));
#4251=CARTESIAN_POINT('Ctrl Pts',(100.5850906652,-83.6036202392574,9.98697564638821));
#4252=CARTESIAN_POINT('Ctrl Pts',(100.585090665201,-78.6951202392574,9.98697564638821));
#4253=CARTESIAN_POINT('Ctrl Pts',(100.5850906652,-73.7866202392574,9.98697564638821));
#4254=CARTESIAN_POINT('Ctrl Pts',(95.9133158154084,-73.7866202392574,9.98697564638821));
#4255=CARTESIAN_POINT('Ctrl Pts',(95.9133158154084,-73.7866202392574,20.0085));
#4256=CARTESIAN_POINT('Ctrl Pts',(91.2415409656162,-73.7866202392574,20.0085));
#4257=CARTESIAN_POINT('Ctrl Pts',(91.2415409656162,-78.6951202392574,20.0085));
#4258=CARTESIAN_POINT('Ctrl Pts',(91.2415409656162,-83.6036202392574,20.0085));
#4259=CARTESIAN_POINT('Ctrl Pts',(95.9133158154084,-83.6036202392574,20.0085));
#4260=CARTESIAN_POINT('Ctrl Pts',(100.585090665201,-83.6036202392574,20.0085));
#4261=CARTESIAN_POINT('Ctrl Pts',(100.585090665201,-78.6951202392574,20.0085));
#4262=CARTESIAN_POINT('Ctrl Pts',(100.585090665201,-73.7866202392574,20.0085));
#4263=CARTESIAN_POINT('Ctrl Pts',(95.9133158154084,-73.7866202392574,20.0085));
#4264=CARTESIAN_POINT('',(95.9133158154084,-73.7866202392574,-0.00849999999996538));
#4265=CARTESIAN_POINT('Origin',(-83.9516279063328,9.72222222222224,24.0185982821562));
#4266=CARTESIAN_POINT('',(-83.9516279063328,105.,24.0185982821561));
#4267=CARTESIAN_POINT('Origin',(9.01000482876669,105.,23.7593102141888));
#4268=CARTESIAN_POINT('Origin',(29.4824874456933,-90.4555555474427,14.3034070345812));
#4269=CARTESIAN_POINT('',(29.4799308024083,-90.4555555474427,15.5141839618096));
#4270=CARTESIAN_POINT('',(29.4824874456933,-90.4555555474427,14.3034070345812));
#4271=CARTESIAN_POINT('',(29.4799308024083,-90.4555555474427,15.5141839618096));
#4272=CARTESIAN_POINT('',(29.4799308024083,-90.9999999918871,15.5141839618096));
#4273=CARTESIAN_POINT('',(29.4799308024083,-90.4555555474427,15.5141839618096));
#4274=CARTESIAN_POINT('',(29.4824874456933,-90.9999999918871,14.3034070345812));
#4275=CARTESIAN_POINT('',(29.4799308024083,-90.9999999918871,15.5141839618096));
#4276=CARTESIAN_POINT('',(29.4824874456933,-90.4555555474427,14.3034070345812));
#4277=CARTESIAN_POINT('Ctrl Pts',(23.3862088743789,-90.4555555474427,28.0772606671921));
#4278=CARTESIAN_POINT('Ctrl Pts',(23.3862088743789,-90.6370370289242,28.0772606671921));
#4279=CARTESIAN_POINT('Ctrl Pts',(23.3862088743789,-90.8185185104057,28.0772606671921));
#4280=CARTESIAN_POINT('Ctrl Pts',(23.3862088743789,-90.9999999918871,28.0772606671921));
#4281=CARTESIAN_POINT('Ctrl Pts',(23.3930265898056,-90.4555555474427,24.8485221945832));
#4282=CARTESIAN_POINT('Ctrl Pts',(23.3930265898056,-90.6370370289242,24.8485221945832));
#4283=CARTESIAN_POINT('Ctrl Pts',(23.3930265898056,-90.8185185104057,24.8485221945832));
#4284=CARTESIAN_POINT('Ctrl Pts',(23.3930265898056,-90.9999999918871,24.8485221945832));
#4285=CARTESIAN_POINT('Ctrl Pts',(23.3998443052323,-90.4555555474427,21.6197837219744));
#4286=CARTESIAN_POINT('Ctrl Pts',(23.3998443052323,-90.6370370289242,21.6197837219744));
#4287=CARTESIAN_POINT('Ctrl Pts',(23.3998443052323,-90.8185185104056,21.6197837219744));
#4288=CARTESIAN_POINT('Ctrl Pts',(23.3998443052323,-90.9999999918871,21.6197837219744));
#4289=CARTESIAN_POINT('Ctrl Pts',(23.4084252229245,-90.4555555474427,17.5560266788633));
#4290=CARTESIAN_POINT('Ctrl Pts',(23.4084252229245,-90.6370370289242,17.5560266788633));
#4291=CARTESIAN_POINT('Ctrl Pts',(23.4084252229245,-90.8185185104057,17.5560266788633));
#4292=CARTESIAN_POINT('Ctrl Pts',(23.4084252229245,-90.9999999918872,17.5560266788633));
#4293=CARTESIAN_POINT('Ctrl Pts',(23.4701276475094,-90.4555555474427,16.8504999432484));
#4294=CARTESIAN_POINT('Ctrl Pts',(23.4701276475094,-90.6370370289242,16.8504999432484));
#4295=CARTESIAN_POINT('Ctrl Pts',(23.4701276475094,-90.8185185104056,16.8504999432484));
#4296=CARTESIAN_POINT('Ctrl Pts',(23.4701276475094,-90.9999999918871,16.8504999432484));
#4297=CARTESIAN_POINT('Ctrl Pts',(23.7670479370908,-90.4555555474427,15.6971210333784));
#4298=CARTESIAN_POINT('Ctrl Pts',(23.7670479370908,-90.6370370289242,15.6971210333784));
#4299=CARTESIAN_POINT('Ctrl Pts',(23.7670479370908,-90.8185185104057,15.6971210333784));
#4300=CARTESIAN_POINT('Ctrl Pts',(23.7670479370908,-90.9999999918872,15.6971210333784));
#4301=CARTESIAN_POINT('Ctrl Pts',(24.004674394894,-90.4555555474426,15.2372688379931));
#4302=CARTESIAN_POINT('Ctrl Pts',(24.004674394894,-90.6370370289241,15.2372688379931));
#4303=CARTESIAN_POINT('Ctrl Pts',(24.004674394894,-90.8185185104057,15.2372688379931));
#4304=CARTESIAN_POINT('Ctrl Pts',(24.004674394894,-90.9999999918871,15.2372688379931));
#4305=CARTESIAN_POINT('Ctrl Pts',(24.6095797011551,-90.4555555474428,14.5327103819585));
#4306=CARTESIAN_POINT('Ctrl Pts',(24.6095797011551,-90.6370370289243,14.5327103819585));
#4307=CARTESIAN_POINT('Ctrl Pts',(24.6095797011551,-90.8185185104057,14.5327103819585));
#4308=CARTESIAN_POINT('Ctrl Pts',(24.6095797011551,-90.9999999918872,14.5327103819585));
#4309=CARTESIAN_POINT('Ctrl Pts',(25.0096248305564,-90.4555555474426,14.3176090255222));
#4310=CARTESIAN_POINT('Ctrl Pts',(25.0096248305564,-90.6370370289241,14.3176090255222));
#4311=CARTESIAN_POINT('Ctrl Pts',(25.0096248305564,-90.8185185104056,14.3176090255222));
#4312=CARTESIAN_POINT('Ctrl Pts',(25.0096248305564,-90.9999999918871,14.3176090255222));
#4313=CARTESIAN_POINT('Ctrl Pts',(25.9610880345808,-90.4555555474428,13.9792234411593));
#4314=CARTESIAN_POINT('Ctrl Pts',(25.9610880345808,-90.6370370289243,13.9792234411593));
#4315=CARTESIAN_POINT('Ctrl Pts',(25.9610880345808,-90.8185185104057,13.9792234411593));
#4316=CARTESIAN_POINT('Ctrl Pts',(25.9610880345808,-90.9999999918872,13.9792234411593));
#4317=CARTESIAN_POINT('Ctrl Pts',(26.5275391374463,-90.4555555474427,13.8941421336411));
#4318=CARTESIAN_POINT('Ctrl Pts',(26.5275391374463,-90.6370370289241,13.8941421336411));
#4319=CARTESIAN_POINT('Ctrl Pts',(26.5275391374463,-90.8185185104056,13.8941421336411));
#4320=CARTESIAN_POINT('Ctrl Pts',(26.5275391374463,-90.9999999918871,13.8941421336411));
#4321=CARTESIAN_POINT('Ctrl Pts',(27.3862855111188,-90.4555555474427,13.8917469230412));
#4322=CARTESIAN_POINT('Ctrl Pts',(27.3862855111188,-90.6370370289242,13.8917469230412));
#4323=CARTESIAN_POINT('Ctrl Pts',(27.3862855111188,-90.8185185104057,13.8917469230412));
#4324=CARTESIAN_POINT('Ctrl Pts',(27.3862855111188,-90.9999999918872,13.8917469230412));
#4325=CARTESIAN_POINT('Ctrl Pts',(27.5978313179279,-90.4555555474428,13.9050737748656));
#4326=CARTESIAN_POINT('Ctrl Pts',(27.5978313179279,-90.6370370289242,13.9050737748656));
#4327=CARTESIAN_POINT('Ctrl Pts',(27.5978313179279,-90.8185185104057,13.9050737748656));
#4328=CARTESIAN_POINT('Ctrl Pts',(27.5978313179279,-90.9999999918871,13.9050737748656));
#4329=CARTESIAN_POINT('Ctrl Pts',(28.058049902869,-90.4555555474427,13.960985667102));
#4330=CARTESIAN_POINT('Ctrl Pts',(28.058049902869,-90.6370370289242,13.960985667102));
#4331=CARTESIAN_POINT('Ctrl Pts',(28.058049902869,-90.8185185104057,13.960985667102));
#4332=CARTESIAN_POINT('Ctrl Pts',(28.058049902869,-90.9999999918871,13.960985667102));
#4333=CARTESIAN_POINT('Ctrl Pts',(28.2759254835541,-90.4555555474427,13.9936422507615));
#4334=CARTESIAN_POINT('Ctrl Pts',(28.2759254835541,-90.6370370289242,13.9936422507615));
#4335=CARTESIAN_POINT('Ctrl Pts',(28.2759254835541,-90.8185185104057,13.9936422507615));
#4336=CARTESIAN_POINT('Ctrl Pts',(28.2759254835541,-90.9999999918871,13.9936422507615));
#4337=CARTESIAN_POINT('Ctrl Pts',(28.6842597541814,-90.4555555474427,14.0781550138551));
#4338=CARTESIAN_POINT('Ctrl Pts',(28.6842597541814,-90.6370370289242,14.0781550138551));
#4339=CARTESIAN_POINT('Ctrl Pts',(28.6842597541814,-90.8185185104057,14.0781550138551));
#4340=CARTESIAN_POINT('Ctrl Pts',(28.6842597541814,-90.9999999918871,14.0781550138551));
#4341=CARTESIAN_POINT('Ctrl Pts',(28.8763242455072,-90.4555555474427,14.1165128365302));
#4342=CARTESIAN_POINT('Ctrl Pts',(28.8763242455072,-90.6370370289242,14.1165128365302));
#4343=CARTESIAN_POINT('Ctrl Pts',(28.8763242455072,-90.8185185104057,14.1165128365302));
#4344=CARTESIAN_POINT('Ctrl Pts',(28.8763242455072,-90.9999999918871,14.1165128365302));
#4345=CARTESIAN_POINT('Ctrl Pts',(29.2275730537984,-90.4555555474427,14.199741333809));
#4346=CARTESIAN_POINT('Ctrl Pts',(29.2275730537984,-90.6370370289242,14.199741333809));
#4347=CARTESIAN_POINT('Ctrl Pts',(29.2275730537984,-90.8185185104057,14.199741333809));
#4348=CARTESIAN_POINT('Ctrl Pts',(29.2275730537984,-90.9999999918871,14.199741333809));
#4349=CARTESIAN_POINT('Ctrl Pts',(29.370594595945,-90.4555555474427,14.248051548655));
#4350=CARTESIAN_POINT('Ctrl Pts',(29.370594595945,-90.6370370289242,14.248051548655));
#4351=CARTESIAN_POINT('Ctrl Pts',(29.370594595945,-90.8185185104057,14.248051548655));
#4352=CARTESIAN_POINT('Ctrl Pts',(29.370594595945,-90.9999999918871,14.248051548655));
#4353=CARTESIAN_POINT('Ctrl Pts',(29.4824874456933,-90.4555555474427,14.3034070345812));
#4354=CARTESIAN_POINT('Ctrl Pts',(29.4824874456933,-90.6370370289242,14.3034070345812));
#4355=CARTESIAN_POINT('Ctrl Pts',(29.4824874456933,-90.8185185104057,14.3034070345812));
#4356=CARTESIAN_POINT('Ctrl Pts',(29.4824874456933,-90.9999999918871,14.3034070345812));
#4357=CARTESIAN_POINT('',(23.3862088743789,-90.4555555474427,28.0772606671921));
#4358=CARTESIAN_POINT('Ctrl Pts',(29.4824874456933,-90.4555555474427,14.3034070345812));
#4359=CARTESIAN_POINT('Ctrl Pts',(29.370594595945,-90.4555555474427,14.248051548655));
#4360=CARTESIAN_POINT('Ctrl Pts',(29.2275730537984,-90.4555555474427,14.199741333809));
#4361=CARTESIAN_POINT('Ctrl Pts',(29.0534228192536,-90.4555555474427,14.1584763900432));
#4362=CARTESIAN_POINT('Ctrl Pts',(28.8763242455072,-90.4555555474427,14.1165128365302));
#4363=CARTESIAN_POINT('Ctrl Pts',(28.6842597541814,-90.4555555474427,14.0781550138551));
#4364=CARTESIAN_POINT('Ctrl Pts',(28.4749669173359,-90.4555555474427,14.034837768133));
#4365=CARTESIAN_POINT('Ctrl Pts',(28.2759254835541,-90.4555555474427,13.9936422507615));
#4366=CARTESIAN_POINT('Ctrl Pts',(28.058049902869,-90.4555555474427,13.9609856671021));
#4367=CARTESIAN_POINT('Ctrl Pts',(27.8217933376509,-90.4555555474427,13.9322828896679));
#4368=CARTESIAN_POINT('Ctrl Pts',(27.5978313179279,-90.4555555474427,13.9050737748656));
#4369=CARTESIAN_POINT('Ctrl Pts',(27.3862855111188,-90.4555555474427,13.8917469230412));
#4370=CARTESIAN_POINT('Ctrl Pts',(27.1871559172237,-90.4555555474427,13.8923023341948));
#4371=CARTESIAN_POINT('Ctrl Pts',(26.5275391374463,-90.4555555474427,13.8941421336411));
#4372=CARTESIAN_POINT('Ctrl Pts',(25.9610880345807,-90.4555555474427,13.9792234411593));
#4373=CARTESIAN_POINT('Ctrl Pts',(25.4878026086269,-90.4555555474427,14.1475462567495));
#4374=CARTESIAN_POINT('Ctrl Pts',(25.0096248305564,-90.4555555474427,14.3176090255222));
#4375=CARTESIAN_POINT('Ctrl Pts',(24.6095797011551,-90.4555555474427,14.5327103819585));
#4376=CARTESIAN_POINT('Ctrl Pts',(24.3101506427019,-90.4555555474427,14.8814679030648));
#4377=CARTESIAN_POINT('Ctrl Pts',(24.004674394894,-90.4555555474427,15.2372688379931));
#4378=CARTESIAN_POINT('Ctrl Pts',(23.7670479370908,-90.4555555474427,15.6971210333784));
#4379=CARTESIAN_POINT('Ctrl Pts',(23.6164665000837,-90.4555555474427,16.2820505910951));
#4380=CARTESIAN_POINT('Ctrl Pts',(23.4701276475094,-90.4555555474427,16.8504999432484));
#4381=CARTESIAN_POINT('Ctrl Pts',(23.4084252229245,-90.4555555474427,17.5560266788633));
#4382=CARTESIAN_POINT('Ctrl Pts',(23.4066620206589,-90.4555555474427,18.3910452493656));
#4383=CARTESIAN_POINT('Ctrl Pts',(23.3998443052323,-90.4555555474427,21.6197837219744));
#4384=CARTESIAN_POINT('Ctrl Pts',(23.3930265898056,-90.4555555474427,24.8485221945832));
#4385=CARTESIAN_POINT('Ctrl Pts',(23.3862088743789,-90.4555555474427,28.0772606671921));
#4386=CARTESIAN_POINT('',(23.3862088743789,-90.9999999918871,28.0772606671921));
#4387=CARTESIAN_POINT('Ctrl Pts',(23.3862088743789,-90.9999999918871,28.0772606671921));
#4388=CARTESIAN_POINT('Ctrl Pts',(23.3930265898056,-90.9999999918871,24.8485221945832));
#4389=CARTESIAN_POINT('Ctrl Pts',(23.3998443052323,-90.9999999918871,21.6197837219744));
#4390=CARTESIAN_POINT('Ctrl Pts',(23.4066620206589,-90.9999999918871,18.3910452493656));
#4391=CARTESIAN_POINT('Ctrl Pts',(23.4084252229245,-90.9999999918871,17.5560266788633));
#4392=CARTESIAN_POINT('Ctrl Pts',(23.4701276475094,-90.9999999918871,16.8504999432484));
#4393=CARTESIAN_POINT('Ctrl Pts',(23.6164665000837,-90.9999999918871,16.2820505910951));
#4394=CARTESIAN_POINT('Ctrl Pts',(23.7670479370908,-90.9999999918871,15.6971210333784));
#4395=CARTESIAN_POINT('Ctrl Pts',(24.004674394894,-90.9999999918871,15.2372688379931));
#4396=CARTESIAN_POINT('Ctrl Pts',(24.3101506427019,-90.9999999918871,14.8814679030648));
#4397=CARTESIAN_POINT('Ctrl Pts',(24.6095797011551,-90.9999999918871,14.5327103819585));
#4398=CARTESIAN_POINT('Ctrl Pts',(25.0096248305564,-90.9999999918871,14.3176090255222));
#4399=CARTESIAN_POINT('Ctrl Pts',(25.4878026086269,-90.9999999918871,14.1475462567495));
#4400=CARTESIAN_POINT('Ctrl Pts',(25.9610880345807,-90.9999999918871,13.9792234411593));
#4401=CARTESIAN_POINT('Ctrl Pts',(26.5275391374463,-90.9999999918871,13.8941421336411));
#4402=CARTESIAN_POINT('Ctrl Pts',(27.1871559172237,-90.9999999918871,13.8923023341948));
#4403=CARTESIAN_POINT('Ctrl Pts',(27.3862855111188,-90.9999999918871,13.8917469230412));
#4404=CARTESIAN_POINT('Ctrl Pts',(27.5978313179279,-90.9999999918871,13.9050737748656));
#4405=CARTESIAN_POINT('Ctrl Pts',(27.8217933376509,-90.9999999918871,13.9322828896679));
#4406=CARTESIAN_POINT('Ctrl Pts',(28.058049902869,-90.9999999918871,13.9609856671021));
#4407=CARTESIAN_POINT('Ctrl Pts',(28.2759254835541,-90.9999999918871,13.9936422507615));
#4408=CARTESIAN_POINT('Ctrl Pts',(28.4749669173359,-90.9999999918871,14.034837768133));
#4409=CARTESIAN_POINT('Ctrl Pts',(28.6842597541814,-90.9999999918871,14.0781550138551));
#4410=CARTESIAN_POINT('Ctrl Pts',(28.8763242455072,-90.9999999918871,14.1165128365302));
#4411=CARTESIAN_POINT('Ctrl Pts',(29.0534228192536,-90.9999999918871,14.1584763900432));
#4412=CARTESIAN_POINT('Ctrl Pts',(29.2275730537984,-90.9999999918871,14.199741333809));
#4413=CARTESIAN_POINT('Ctrl Pts',(29.370594595945,-90.9999999918871,14.248051548655));
#4414=CARTESIAN_POINT('Ctrl Pts',(29.4824874456933,-90.9999999918871,14.3034070345812));
#4415=CARTESIAN_POINT('',(23.3862088743789,-90.4555555474427,28.0772606671921));
#4416=CARTESIAN_POINT('Origin',(21.4073585350468,-90.4555555474427,28.0827800655308));
#4417=CARTESIAN_POINT('',(21.4073585350468,-90.4555555474427,28.0827800655308));
#4418=CARTESIAN_POINT('',(23.3862088743789,-90.4555555474427,28.0772606671921));
#4419=CARTESIAN_POINT('',(21.4073585350468,-90.9999999918871,28.0827800655308));
#4420=CARTESIAN_POINT('',(23.3862088743789,-90.9999999918871,28.0772606671921));
#4421=CARTESIAN_POINT('',(21.4073585350468,-90.4555555474427,28.0827800655308));
#4422=CARTESIAN_POINT('Origin',(21.404890051875,-90.4555555474427,29.251806064234));
#4423=CARTESIAN_POINT('',(21.404890051875,-90.4555555474427,29.251806064234));
#4424=CARTESIAN_POINT('',(21.4073585350468,-90.4555555474427,28.0827800655308));
#4425=CARTESIAN_POINT('',(21.404890051875,-90.9999999918871,29.251806064234));
#4426=CARTESIAN_POINT('',(21.4073585350468,-90.9999999918871,28.0827800655308));
#4427=CARTESIAN_POINT('',(21.404890051875,-90.4555555474427,29.251806064234));
#4428=CARTESIAN_POINT('Ctrl Pts',(24.6072591423884,-90.4555555474427,33.3135655905811));
#4429=CARTESIAN_POINT('Ctrl Pts',(24.6072591423884,-90.6370370289242,33.3135655905811));
#4430=CARTESIAN_POINT('Ctrl Pts',(24.6072591423884,-90.8185185104057,33.3135655905811));
#4431=CARTESIAN_POINT('Ctrl Pts',(24.6072591423884,-90.9999999918871,33.3135655905811));
#4432=CARTESIAN_POINT('Ctrl Pts',(24.4719444286245,-90.4555555474427,32.5624307222972));
#4433=CARTESIAN_POINT('Ctrl Pts',(24.4719444286245,-90.6370370289242,32.5624307222972));
#4434=CARTESIAN_POINT('Ctrl Pts',(24.4719444286245,-90.8185185104057,32.5624307222972));
#4435=CARTESIAN_POINT('Ctrl Pts',(24.4719444286245,-90.9999999918871,32.5624307222972));
#4436=CARTESIAN_POINT('Ctrl Pts',(24.3328414309654,-90.4555555474427,31.9296456425716));
#4437=CARTESIAN_POINT('Ctrl Pts',(24.3328414309654,-90.6370370289242,31.9296456425716));
#4438=CARTESIAN_POINT('Ctrl Pts',(24.3328414309654,-90.8185185104057,31.9296456425716));
#4439=CARTESIAN_POINT('Ctrl Pts',(24.3328414309654,-90.9999999918871,31.9296456425716));
#4440=CARTESIAN_POINT('Ctrl Pts',(23.9588609021725,-90.4555555474427,30.9495020836723));
#4441=CARTESIAN_POINT('Ctrl Pts',(23.9588609021725,-90.6370370289242,30.9495020836723));
#4442=CARTESIAN_POINT('Ctrl Pts',(23.9588609021725,-90.8185185104056,30.9495020836723));
#4443=CARTESIAN_POINT('Ctrl Pts',(23.9588609021725,-90.9999999918871,30.9495020836723));
#4444=CARTESIAN_POINT('Ctrl Pts',(23.7230814891068,-90.4555555474427,30.5193838366934));
#4445=CARTESIAN_POINT('Ctrl Pts',(23.7230814891068,-90.6370370289242,30.5193838366934));
#4446=CARTESIAN_POINT('Ctrl Pts',(23.7230814891068,-90.8185185104057,30.5193838366934));
#4447=CARTESIAN_POINT('Ctrl Pts',(23.7230814891068,-90.9999999918871,30.5193838366934));
#4448=CARTESIAN_POINT('Ctrl Pts',(23.1335941572525,-90.4555555474427,29.8314939291888));
#4449=CARTESIAN_POINT('Ctrl Pts',(23.1335941572525,-90.6370370289242,29.8314939291888));
#4450=CARTESIAN_POINT('Ctrl Pts',(23.1335941572525,-90.8185185104056,29.8314939291888));
#4451=CARTESIAN_POINT('Ctrl Pts',(23.1335941572525,-90.9999999918871,29.8314939291888));
#4452=CARTESIAN_POINT('Ctrl Pts',(22.804285341339,-90.4555555474427,29.5958252339363));
#4453=CARTESIAN_POINT('Ctrl Pts',(22.804285341339,-90.6370370289242,29.5958252339363));
#4454=CARTESIAN_POINT('Ctrl Pts',(22.804285341339,-90.8185185104057,29.5958252339363));
#4455=CARTESIAN_POINT('Ctrl Pts',(22.804285341339,-90.9999999918871,29.5958252339363));
#4456=CARTESIAN_POINT('Ctrl Pts',(22.0581370983211,-90.4555555474427,29.3195685022615));
#4457=CARTESIAN_POINT('Ctrl Pts',(22.0581370983211,-90.6370370289242,29.3195685022615));
#4458=CARTESIAN_POINT('Ctrl Pts',(22.0581370983211,-90.8185185104057,29.3195685022615));
#4459=CARTESIAN_POINT('Ctrl Pts',(22.0581370983211,-90.9999999918871,29.3195685022615));
#4460=CARTESIAN_POINT('Ctrl Pts',(21.7160300423361,-90.4555555474427,29.2509382343065));
#4461=CARTESIAN_POINT('Ctrl Pts',(21.7160300423361,-90.6370370289242,29.2509382343065));
#4462=CARTESIAN_POINT('Ctrl Pts',(21.7160300423361,-90.8185185104057,29.2509382343065));
#4463=CARTESIAN_POINT('Ctrl Pts',(21.7160300423361,-90.9999999918871,29.2509382343065));
#4464=CARTESIAN_POINT('Ctrl Pts',(21.404890051875,-90.4555555474427,29.251806064234));
#4465=CARTESIAN_POINT('Ctrl Pts',(21.404890051875,-90.6370370289242,29.251806064234));
#4466=CARTESIAN_POINT('Ctrl Pts',(21.404890051875,-90.8185185104057,29.251806064234));
#4467=CARTESIAN_POINT('Ctrl Pts',(21.404890051875,-90.9999999918871,29.251806064234));
#4468=CARTESIAN_POINT('',(24.6072591423884,-90.4555555474427,33.3135655905811));
#4469=CARTESIAN_POINT('Ctrl Pts',(21.404890051875,-90.4555555474427,29.251806064234));
#4470=CARTESIAN_POINT('Ctrl Pts',(21.7160300423361,-90.4555555474427,29.2509382343065));
#4471=CARTESIAN_POINT('Ctrl Pts',(22.0581370983211,-90.4555555474427,29.3195685022615));
#4472=CARTESIAN_POINT('Ctrl Pts',(22.43121121983,-90.4555555474427,29.4576968680989));
#4473=CARTESIAN_POINT('Ctrl Pts',(22.804285341339,-90.4555555474427,29.5958252339363));
#4474=CARTESIAN_POINT('Ctrl Pts',(23.1335941572524,-90.4555555474427,29.8314939291888));
#4475=CARTESIAN_POINT('Ctrl Pts',(23.4191376675704,-90.4555555474427,30.1647029538565));
#4476=CARTESIAN_POINT('Ctrl Pts',(23.7230814891068,-90.4555555474427,30.5193838366934));
#4477=CARTESIAN_POINT('Ctrl Pts',(23.9588609021725,-90.4555555474427,30.9495020836723));
#4478=CARTESIAN_POINT('Ctrl Pts',(24.1445163617943,-90.4555555474427,31.4360755518422));
#4479=CARTESIAN_POINT('Ctrl Pts',(24.3328414309654,-90.4555555474427,31.9296456425716));
#4480=CARTESIAN_POINT('Ctrl Pts',(24.4719444286245,-90.4555555474427,32.5624307222972));
#4481=CARTESIAN_POINT('Ctrl Pts',(24.6072591423884,-90.4555555474427,33.3135655905811));
#4482=CARTESIAN_POINT('',(24.6072591423884,-90.9999999918871,33.3135655905811));
#4483=CARTESIAN_POINT('Ctrl Pts',(24.6072591423884,-90.9999999918871,33.3135655905811));
#4484=CARTESIAN_POINT('Ctrl Pts',(24.4719444286245,-90.9999999918871,32.5624307222972));
#4485=CARTESIAN_POINT('Ctrl Pts',(24.3328414309654,-90.9999999918871,31.9296456425716));
#4486=CARTESIAN_POINT('Ctrl Pts',(24.1445163617943,-90.9999999918871,31.4360755518422));
#4487=CARTESIAN_POINT('Ctrl Pts',(23.9588609021725,-90.9999999918871,30.9495020836723));
#4488=CARTESIAN_POINT('Ctrl Pts',(23.7230814891068,-90.9999999918871,30.5193838366934));
#4489=CARTESIAN_POINT('Ctrl Pts',(23.4191376675704,-90.9999999918871,30.1647029538565));
#4490=CARTESIAN_POINT('Ctrl Pts',(23.1335941572524,-90.9999999918871,29.8314939291888));
#4491=CARTESIAN_POINT('Ctrl Pts',(22.804285341339,-90.9999999918871,29.5958252339363));
#4492=CARTESIAN_POINT('Ctrl Pts',(22.43121121983,-90.9999999918871,29.4576968680989));
#4493=CARTESIAN_POINT('Ctrl Pts',(22.0581370983211,-90.9999999918871,29.3195685022615));
#4494=CARTESIAN_POINT('Ctrl Pts',(21.7160300423361,-90.9999999918871,29.2509382343065));
#4495=CARTESIAN_POINT('Ctrl Pts',(21.404890051875,-90.9999999918871,29.251806064234));
#4496=CARTESIAN_POINT('',(24.6072591423884,-90.4555555474427,33.3135655905811));
#4497=CARTESIAN_POINT('Origin',(25.8020367057587,-90.4555555474427,33.3102331236596));
#4498=CARTESIAN_POINT('',(25.8020367057587,-90.4555555474427,33.3102331236596));
#4499=CARTESIAN_POINT('',(24.6072591423884,-90.4555555474427,33.3135655905811));
#4500=CARTESIAN_POINT('',(25.8020367057587,-90.9999999918871,33.3102331236596));
#4501=CARTESIAN_POINT('',(24.6072591423884,-90.9999999918871,33.3135655905811));
#4502=CARTESIAN_POINT('',(25.8020367057587,-90.4555555474427,33.3102331236596));
#4503=CARTESIAN_POINT('Origin',(25.8095743954438,-90.4555555474427,29.7405287347624));
#4504=CARTESIAN_POINT('',(25.8095743954438,-90.4555555474427,29.7405287347624));
#4505=CARTESIAN_POINT('',(25.8020367057587,-90.4555555474427,33.3102331236596));
#4506=CARTESIAN_POINT('',(25.8095743954438,-90.9999999918871,29.7405287347624));
#4507=CARTESIAN_POINT('',(25.8020367057587,-90.9999999918871,33.3102331236596));
#4508=CARTESIAN_POINT('',(25.8095743954438,-90.4555555474427,29.7405287347624));
#4509=CARTESIAN_POINT('Origin',(29.2072230912781,-90.4555555474427,29.7310520319544));
#4510=CARTESIAN_POINT('',(29.2072230912781,-90.4555555474427,29.7310520319544));
#4511=CARTESIAN_POINT('',(25.8095743954438,-90.4555555474427,29.7405287347624));
#4512=CARTESIAN_POINT('',(29.2072230912781,-90.9999999918871,29.7310520319544));
#4513=CARTESIAN_POINT('',(25.8095743954438,-90.9999999918871,29.7405287347624));
#4514=CARTESIAN_POINT('',(29.2072230912781,-90.4555555474427,29.7310520319544));
#4515=CARTESIAN_POINT('Origin',(29.2107494958092,-90.4555555474427,28.0610148909498));
#4516=CARTESIAN_POINT('',(29.2107494958092,-90.4555555474427,28.0610148909498));
#4517=CARTESIAN_POINT('',(29.2072230912781,-90.4555555474427,29.7310520319544));
#4518=CARTESIAN_POINT('',(29.2107494958092,-90.9999999918871,28.0610148909498));
#4519=CARTESIAN_POINT('',(29.2072230912781,-90.9999999918871,29.7310520319544));
#4520=CARTESIAN_POINT('',(29.2107494958092,-90.4555555474427,28.0610148909498));
#4521=CARTESIAN_POINT('Origin',(25.8131007999748,-90.4555555474427,28.0704915937578));
#4522=CARTESIAN_POINT('',(25.8131007999748,-90.4555555474427,28.0704915937578));
#4523=CARTESIAN_POINT('',(29.2107494958092,-90.4555555474427,28.0610148909498));
#4524=CARTESIAN_POINT('',(25.8131007999748,-90.9999999918871,28.0704915937578));
#4525=CARTESIAN_POINT('',(29.2107494958092,-90.9999999918871,28.0610148909498));
#4526=CARTESIAN_POINT('',(25.8131007999748,-90.4555555474427,28.0704915937578));
#4527=CARTESIAN_POINT('Origin',(25.833906586708,-90.4555555474427,18.2172724618308));
#4528=CARTESIAN_POINT('',(25.833906586708,-90.4555555474427,18.2172724618308));
#4529=CARTESIAN_POINT('',(25.8131007999749,-90.4555555474427,28.0704915937578));
#4530=CARTESIAN_POINT('',(25.833906586708,-90.9999999918871,18.2172724618308));
#4531=CARTESIAN_POINT('',(25.8131007999749,-90.9999999918871,28.0704915937578));
#4532=CARTESIAN_POINT('',(25.833906586708,-90.4555555474427,18.2172724618308));
#4533=CARTESIAN_POINT('Ctrl Pts',(29.4799308024083,-90.4555555474427,15.5141839618096));
#4534=CARTESIAN_POINT('Ctrl Pts',(29.4799308024083,-90.6370370289242,15.5141839618096));
#4535=CARTESIAN_POINT('Ctrl Pts',(29.4799308024083,-90.8185185104057,15.5141839618096));
#4536=CARTESIAN_POINT('Ctrl Pts',(29.4799308024083,-90.9999999918871,15.5141839618096));
#4537=CARTESIAN_POINT('Ctrl Pts',(29.2062451576203,-90.4555555474427,15.4592797474456));
#4538=CARTESIAN_POINT('Ctrl Pts',(29.2062451576203,-90.6370370289242,15.4592797474456));
#4539=CARTESIAN_POINT('Ctrl Pts',(29.2062451576203,-90.8185185104057,15.4592797474456));
#4540=CARTESIAN_POINT('Ctrl Pts',(29.2062451576203,-90.9999999918871,15.4592797474456));
#4541=CARTESIAN_POINT('Ctrl Pts',(28.9402608763753,-90.4555555474427,15.3975515381843));
#4542=CARTESIAN_POINT('Ctrl Pts',(28.9402608763753,-90.6370370289242,15.3975515381843));
#4543=CARTESIAN_POINT('Ctrl Pts',(28.9402608763753,-90.8185185104057,15.3975515381843));
#4544=CARTESIAN_POINT('Ctrl Pts',(28.9402608763753,-90.9999999918871,15.3975515381843));
#4545=CARTESIAN_POINT('Ctrl Pts',(28.4161993688369,-90.4555555474427,15.3431897379735));
#4546=CARTESIAN_POINT('Ctrl Pts',(28.4161993688369,-90.6370370289241,15.3431897379735));
#4547=CARTESIAN_POINT('Ctrl Pts',(28.4161993688369,-90.8185185104057,15.3431897379735));
#4548=CARTESIAN_POINT('Ctrl Pts',(28.4161993688369,-90.9999999918871,15.3431897379735));
#4549=CARTESIAN_POINT('Ctrl Pts',(28.1299799643172,-90.4555555474427,15.3300711653318));
#4550=CARTESIAN_POINT('Ctrl Pts',(28.1299799643172,-90.6370370289242,15.3300711653318));
#4551=CARTESIAN_POINT('Ctrl Pts',(28.1299799643172,-90.8185185104057,15.3300711653318));
#4552=CARTESIAN_POINT('Ctrl Pts',(28.1299799643172,-90.9999999918871,15.3300711653318));
#4553=CARTESIAN_POINT('Ctrl Pts',(27.221451192171,-90.4555555474427,15.33260522872));
#4554=CARTESIAN_POINT('Ctrl Pts',(27.221451192171,-90.6370370289242,15.33260522872));
#4555=CARTESIAN_POINT('Ctrl Pts',(27.221451192171,-90.8185185104057,15.33260522872));
#4556=CARTESIAN_POINT('Ctrl Pts',(27.221451192171,-90.9999999918871,15.33260522872));
#4557=CARTESIAN_POINT('Ctrl Pts',(26.741810726238,-90.4555555474427,15.5635717936964));
#4558=CARTESIAN_POINT('Ctrl Pts',(26.741810726238,-90.6370370289242,15.5635717936964));
#4559=CARTESIAN_POINT('Ctrl Pts',(26.741810726238,-90.8185185104057,15.5635717936964));
#4560=CARTESIAN_POINT('Ctrl Pts',(26.741810726238,-90.9999999918871,15.5635717936964));
#4561=CARTESIAN_POINT('Ctrl Pts',(26.0117984679967,-90.4555555474427,16.4920265179397));
#4562=CARTESIAN_POINT('Ctrl Pts',(26.0117984679967,-90.6370370289242,16.4920265179397));
#4563=CARTESIAN_POINT('Ctrl Pts',(26.0117984679967,-90.8185185104056,16.4920265179397));
#4564=CARTESIAN_POINT('Ctrl Pts',(26.0117984679967,-90.9999999918871,16.4920265179397));
#4565=CARTESIAN_POINT('Ctrl Pts',(25.8359930427222,-90.4555555474427,17.2291671534031));
#4566=CARTESIAN_POINT('Ctrl Pts',(25.8359930427222,-90.6370370289242,17.2291671534031));
#4567=CARTESIAN_POINT('Ctrl Pts',(25.8359930427222,-90.8185185104057,17.2291671534031));
#4568=CARTESIAN_POINT('Ctrl Pts',(25.8359930427222,-90.9999999918871,17.2291671534031));
#4569=CARTESIAN_POINT('Ctrl Pts',(25.833906586708,-90.4555555474427,18.2172724618308));
#4570=CARTESIAN_POINT('Ctrl Pts',(25.833906586708,-90.6370370289242,18.2172724618308));
#4571=CARTESIAN_POINT('Ctrl Pts',(25.833906586708,-90.8185185104057,18.2172724618308));
#4572=CARTESIAN_POINT('Ctrl Pts',(25.833906586708,-90.9999999918871,18.2172724618308));
#4573=CARTESIAN_POINT('Ctrl Pts',(25.833906586708,-90.4555555474427,18.2172724618308));
#4574=CARTESIAN_POINT('Ctrl Pts',(25.8359930427222,-90.4555555474427,17.2291671534031));
#4575=CARTESIAN_POINT('Ctrl Pts',(26.0117984679967,-90.4555555474427,16.4920265179397));
#4576=CARTESIAN_POINT('Ctrl Pts',(26.3799185760572,-90.4555555474427,16.0238386901885));
#4577=CARTESIAN_POINT('Ctrl Pts',(26.741810726238,-90.4555555474427,15.5635717936964));
#4578=CARTESIAN_POINT('Ctrl Pts',(27.221451192171,-90.4555555474427,15.33260522872));
#4579=CARTESIAN_POINT('Ctrl Pts',(27.8188399738562,-90.4555555474427,15.3309389952592));
#4580=CARTESIAN_POINT('Ctrl Pts',(28.1299799643172,-90.4555555474427,15.3300711653318));
#4581=CARTESIAN_POINT('Ctrl Pts',(28.4161993688369,-90.4555555474427,15.3431897379735));
#4582=CARTESIAN_POINT('Ctrl Pts',(28.6774981874153,-90.4555555474427,15.3702947131845));
#4583=CARTESIAN_POINT('Ctrl Pts',(28.9402608763753,-90.4555555474427,15.3975515381843));
#4584=CARTESIAN_POINT('Ctrl Pts',(29.2062451576203,-90.4555555474427,15.4592797474456));
#4585=CARTESIAN_POINT('Ctrl Pts',(29.4799308024083,-90.4555555474427,15.5141839618096));
#4586=CARTESIAN_POINT('Ctrl Pts',(29.4799308024083,-90.9999999918871,15.5141839618096));
#4587=CARTESIAN_POINT('Ctrl Pts',(29.2062451576203,-90.9999999918871,15.4592797474456));
#4588=CARTESIAN_POINT('Ctrl Pts',(28.9402608763753,-90.9999999918871,15.3975515381843));
#4589=CARTESIAN_POINT('Ctrl Pts',(28.6774981874153,-90.9999999918871,15.3702947131845));
#4590=CARTESIAN_POINT('Ctrl Pts',(28.4161993688369,-90.9999999918871,15.3431897379735));
#4591=CARTESIAN_POINT('Ctrl Pts',(28.1299799643172,-90.9999999918871,15.3300711653318));
#4592=CARTESIAN_POINT('Ctrl Pts',(27.8188399738562,-90.9999999918871,15.3309389952592));
#4593=CARTESIAN_POINT('Ctrl Pts',(27.221451192171,-90.9999999918871,15.33260522872));
#4594=CARTESIAN_POINT('Ctrl Pts',(26.741810726238,-90.9999999918871,15.5635717936964));
#4595=CARTESIAN_POINT('Ctrl Pts',(26.3799185760572,-90.9999999918871,16.0238386901885));
#4596=CARTESIAN_POINT('Ctrl Pts',(26.0117984679967,-90.9999999918871,16.4920265179397));
#4597=CARTESIAN_POINT('Ctrl Pts',(25.8359930427222,-90.9999999918871,17.2291671534031));
#4598=CARTESIAN_POINT('Ctrl Pts',(25.833906586708,-90.9999999918871,18.2172724618308));
#4599=CARTESIAN_POINT('Origin',(-31.3948986075703,-90.4555555474427,14.3479538526148));
#4600=CARTESIAN_POINT('Origin',(-31.3948986075703,-90.9999999918871,14.3479538526148));
#4601=CARTESIAN_POINT('Origin',(-12.2417594601697,-90.4555555474427,23.4379315194841));
#4602=CARTESIAN_POINT('',(-12.2417594601697,-90.4555555474427,23.4379315194841));
#4603=CARTESIAN_POINT('',(-6.19319804560742,-90.4555555474427,23.421060905694));
#4604=CARTESIAN_POINT('',(-21.8279825662738,-90.4555555474427,23.4646693595494));
#4605=CARTESIAN_POINT('',(-12.2417594601697,-90.9999999918871,23.4379315194841));
#4606=CARTESIAN_POINT('',(-12.2417594601697,-90.4555555474427,23.4379315194841));
#4607=CARTESIAN_POINT('',(-6.19319804560742,-90.9999999918871,23.421060905694));
#4608=CARTESIAN_POINT('',(-21.8279825662738,-90.9999999918871,23.4646693595494));
#4609=CARTESIAN_POINT('',(-6.19319804560742,-90.4555555474427,23.421060905694));
#4610=CARTESIAN_POINT('Ctrl Pts',(-6.19319804560742,-90.4555555474427,23.421060905694));
#4611=CARTESIAN_POINT('Ctrl Pts',(-6.19319804560742,-90.6370370289242,23.421060905694));
#4612=CARTESIAN_POINT('Ctrl Pts',(-6.19319804560742,-90.8185185104057,23.421060905694));
#4613=CARTESIAN_POINT('Ctrl Pts',(-6.19319804560742,-90.9999999918871,23.421060905694));
#4614=CARTESIAN_POINT('Ctrl Pts',(-6.19475554094197,-90.4555555474427,24.1586606429711));
#4615=CARTESIAN_POINT('Ctrl Pts',(-6.19475554094197,-90.6370370289242,24.1586606429711));
#4616=CARTESIAN_POINT('Ctrl Pts',(-6.19475554094197,-90.8185185104057,24.1586606429711));
#4617=CARTESIAN_POINT('Ctrl Pts',(-6.19475554094197,-90.9999999918871,24.1586606429711));
#4618=CARTESIAN_POINT('Ctrl Pts',(-6.26203744726166,-90.4555555474427,24.8386754104507));
#4619=CARTESIAN_POINT('Ctrl Pts',(-6.26203744726166,-90.6370370289242,24.8386754104507));
#4620=CARTESIAN_POINT('Ctrl Pts',(-6.26203744726166,-90.8185185104056,24.8386754104507));
#4621=CARTESIAN_POINT('Ctrl Pts',(-6.26203744726166,-90.9999999918871,24.8386754104507));
#4622=CARTESIAN_POINT('Ctrl Pts',(-6.46639129794915,-90.4555555474427,26.0799496888639));
#4623=CARTESIAN_POINT('Ctrl Pts',(-6.46639129794915,-90.6370370289241,26.0799496888639));
#4624=CARTESIAN_POINT('Ctrl Pts',(-6.46639129794915,-90.8185185104056,26.0799496888639));
#4625=CARTESIAN_POINT('Ctrl Pts',(-6.46639129794915,-90.9999999918871,26.0799496888639));
#4626=CARTESIAN_POINT('Ctrl Pts',(-6.62930078775705,-90.4555555474427,26.6092460550777));
#4627=CARTESIAN_POINT('Ctrl Pts',(-6.62930078775705,-90.6370370289241,26.6092460550777));
#4628=CARTESIAN_POINT('Ctrl Pts',(-6.62930078775705,-90.8185185104056,26.6092460550777));
#4629=CARTESIAN_POINT('Ctrl Pts',(-6.62930078775705,-90.9999999918871,26.6092460550777));
#4630=CARTESIAN_POINT('Ctrl Pts',(-7.07922312310415,-90.4555555474427,27.5011822053757));
#4631=CARTESIAN_POINT('Ctrl Pts',(-7.07922312310415,-90.6370370289242,27.5011822053757));
#4632=CARTESIAN_POINT('Ctrl Pts',(-7.07922312310415,-90.8185185104056,27.5011822053757));
#4633=CARTESIAN_POINT('Ctrl Pts',(-7.07922312310415,-90.9999999918871,27.5011822053757));
#4634=CARTESIAN_POINT('Ctrl Pts',(-7.37241468839592,-90.4555555474427,27.8429638817959));
#4635=CARTESIAN_POINT('Ctrl Pts',(-7.37241468839592,-90.6370370289242,27.8429638817959));
#4636=CARTESIAN_POINT('Ctrl Pts',(-7.37241468839592,-90.8185185104057,27.8429638817959));
#4637=CARTESIAN_POINT('Ctrl Pts',(-7.37241468839592,-90.9999999918871,27.8429638817959));
#4638=CARTESIAN_POINT('Ctrl Pts',(-8.09525861421596,-90.4555555474427,28.3181544371789));
#4639=CARTESIAN_POINT('Ctrl Pts',(-8.09525861421596,-90.6370370289242,28.3181544371789));
#4640=CARTESIAN_POINT('Ctrl Pts',(-8.09525861421596,-90.8185185104056,28.3181544371789));
#4641=CARTESIAN_POINT('Ctrl Pts',(-8.09525861421596,-90.9999999918871,28.3181544371789));
#4642=CARTESIAN_POINT('Ctrl Pts',(-8.54354998746745,-90.4555555474427,28.4376984097623));
#4643=CARTESIAN_POINT('Ctrl Pts',(-8.54354998746745,-90.6370370289242,28.4376984097623));
#4644=CARTESIAN_POINT('Ctrl Pts',(-8.54354998746745,-90.8185185104057,28.4376984097623));
#4645=CARTESIAN_POINT('Ctrl Pts',(-8.54354998746745,-90.9999999918871,28.4376984097623));
#4646=CARTESIAN_POINT('Ctrl Pts',(-10.0494675412988,-90.4555555474427,28.4418987066113));
#4647=CARTESIAN_POINT('Ctrl Pts',(-10.0494675412988,-90.6370370289242,28.4418987066113));
#4648=CARTESIAN_POINT('Ctrl Pts',(-10.0494675412988,-90.8185185104057,28.4418987066113));
#4649=CARTESIAN_POINT('Ctrl Pts',(-10.0494675412988,-90.9999999918871,28.4418987066113));
#4650=CARTESIAN_POINT('Ctrl Pts',(-10.7953072239203,-90.4555555474427,28.0195137250986));
#4651=CARTESIAN_POINT('Ctrl Pts',(-10.7953072239203,-90.6370370289242,28.0195137250986));
#4652=CARTESIAN_POINT('Ctrl Pts',(-10.7953072239203,-90.8185185104056,28.0195137250986));
#4653=CARTESIAN_POINT('Ctrl Pts',(-10.7953072239203,-90.9999999918871,28.0195137250986));
#4654=CARTESIAN_POINT('Ctrl Pts',(-11.8371524139294,-90.4555555474427,26.3245585403002));
#4655=CARTESIAN_POINT('Ctrl Pts',(-11.8371524139294,-90.6370370289241,26.3245585403002));
#4656=CARTESIAN_POINT('Ctrl Pts',(-11.8371524139294,-90.8185185104057,26.3245585403002));
#4657=CARTESIAN_POINT('Ctrl Pts',(-11.8371524139294,-90.9999999918871,26.3245585403002));
#4658=CARTESIAN_POINT('Ctrl Pts',(-12.1456622943443,-90.4555555474427,25.0798570025618));
#4659=CARTESIAN_POINT('Ctrl Pts',(-12.1456622943443,-90.6370370289242,25.0798570025618));
#4660=CARTESIAN_POINT('Ctrl Pts',(-12.1456622943443,-90.8185185104057,25.0798570025618));
#4661=CARTESIAN_POINT('Ctrl Pts',(-12.1456622943443,-90.9999999918871,25.0798570025618));
#4662=CARTESIAN_POINT('Ctrl Pts',(-12.2417594601697,-90.4555555474427,23.4379315194841));
#4663=CARTESIAN_POINT('Ctrl Pts',(-12.2417594601697,-90.6370370289242,23.4379315194841));
#4664=CARTESIAN_POINT('Ctrl Pts',(-12.2417594601697,-90.8185185104057,23.4379315194841));
#4665=CARTESIAN_POINT('Ctrl Pts',(-12.2417594601697,-90.9999999918871,23.4379315194841));
#4666=CARTESIAN_POINT('Ctrl Pts',(-6.19319804560742,-90.4555555474427,23.421060905694));
#4667=CARTESIAN_POINT('Ctrl Pts',(-6.19475554094197,-90.4555555474427,24.1586606429711));
#4668=CARTESIAN_POINT('Ctrl Pts',(-6.26203744726166,-90.4555555474427,24.8386754104507));
#4669=CARTESIAN_POINT('Ctrl Pts',(-6.3655334860069,-90.4555555474427,25.4673250315855));
#4670=CARTESIAN_POINT('Ctrl Pts',(-6.46639129794916,-90.4555555474427,26.0799496888639));
#4671=CARTESIAN_POINT('Ctrl Pts',(-6.62930078775705,-90.4555555474427,26.6092460550777));
#4672=CARTESIAN_POINT('Ctrl Pts',(-6.8542619554306,-90.4555555474427,27.0552141302267));
#4673=CARTESIAN_POINT('Ctrl Pts',(-7.07922312310415,-90.4555555474427,27.5011822053757));
#4674=CARTESIAN_POINT('Ctrl Pts',(-7.37241468839593,-90.4555555474427,27.8429638817959));
#4675=CARTESIAN_POINT('Ctrl Pts',(-7.73383665130594,-90.4555555474427,28.0805591594874));
#4676=CARTESIAN_POINT('Ctrl Pts',(-8.09525861421596,-90.4555555474427,28.3181544371789));
#4677=CARTESIAN_POINT('Ctrl Pts',(-8.54354998746745,-90.4555555474427,28.4376984097623));
#4678=CARTESIAN_POINT('Ctrl Pts',(-9.0787107710604,-90.4555555474427,28.4391910772376));
#4679=CARTESIAN_POINT('Ctrl Pts',(-10.0494675412988,-90.4555555474427,28.4418987066113));
#4680=CARTESIAN_POINT('Ctrl Pts',(-10.7953072239203,-90.4555555474427,28.0195137250985));
#4681=CARTESIAN_POINT('Ctrl Pts',(-11.3162298189248,-90.4555555474427,27.1720361326994));
#4682=CARTESIAN_POINT('Ctrl Pts',(-11.8371524139294,-90.4555555474427,26.3245585403002));
#4683=CARTESIAN_POINT('Ctrl Pts',(-12.1456622943444,-90.4555555474427,25.0798570025618));
#4684=CARTESIAN_POINT('Ctrl Pts',(-12.2417594601697,-90.4555555474427,23.4379315194841));
#4685=CARTESIAN_POINT('Ctrl Pts',(-12.2417594601697,-90.9999999918871,23.4379315194841));
#4686=CARTESIAN_POINT('Ctrl Pts',(-12.1456622943444,-90.9999999918871,25.0798570025618));
#4687=CARTESIAN_POINT('Ctrl Pts',(-11.8371524139294,-90.9999999918871,26.3245585403002));
#4688=CARTESIAN_POINT('Ctrl Pts',(-11.3162298189248,-90.9999999918871,27.1720361326994));
#4689=CARTESIAN_POINT('Ctrl Pts',(-10.7953072239203,-90.9999999918871,28.0195137250985));
#4690=CARTESIAN_POINT('Ctrl Pts',(-10.0494675412988,-90.9999999918871,28.4418987066113));
#4691=CARTESIAN_POINT('Ctrl Pts',(-9.0787107710604,-90.9999999918871,28.4391910772376));
#4692=CARTESIAN_POINT('Ctrl Pts',(-8.54354998746745,-90.9999999918871,28.4376984097623));
#4693=CARTESIAN_POINT('Ctrl Pts',(-8.09525861421596,-90.9999999918871,28.3181544371789));
#4694=CARTESIAN_POINT('Ctrl Pts',(-7.73383665130594,-90.9999999918871,28.0805591594874));
#4695=CARTESIAN_POINT('Ctrl Pts',(-7.37241468839593,-90.9999999918871,27.8429638817959));
#4696=CARTESIAN_POINT('Ctrl Pts',(-7.07922312310415,-90.9999999918871,27.5011822053757));
#4697=CARTESIAN_POINT('Ctrl Pts',(-6.8542619554306,-90.9999999918871,27.0552141302267));
#4698=CARTESIAN_POINT('Ctrl Pts',(-6.62930078775705,-90.9999999918871,26.6092460550777));
#4699=CARTESIAN_POINT('Ctrl Pts',(-6.46639129794916,-90.9999999918871,26.0799496888639));
#4700=CARTESIAN_POINT('Ctrl Pts',(-6.3655334860069,-90.9999999918871,25.4673250315855));
#4701=CARTESIAN_POINT('Ctrl Pts',(-6.26203744726166,-90.9999999918871,24.8386754104507));
#4702=CARTESIAN_POINT('Ctrl Pts',(-6.19475554094197,-90.9999999918871,24.1586606429711));
#4703=CARTESIAN_POINT('Ctrl Pts',(-6.19319804560742,-90.9999999918871,23.421060905694));
#4704=CARTESIAN_POINT('Origin',(-12.2942382539216,-90.4555555474427,21.7680505878664));
#4705=CARTESIAN_POINT('',(-3.6694377183421,-90.4555555474427,21.7439943422769));
#4706=CARTESIAN_POINT('',(-12.2942382539216,-90.4555555474427,21.7680505878664));
#4707=CARTESIAN_POINT('',(-3.66943771834211,-90.4555555474427,21.7439943422769));
#4708=CARTESIAN_POINT('',(-3.6694377183421,-90.9999999918871,21.7439943422769));
#4709=CARTESIAN_POINT('',(-3.6694377183421,-90.4555555474427,21.7439943422769));
#4710=CARTESIAN_POINT('',(-12.2942382539216,-90.9999999918871,21.7680505878664));
#4711=CARTESIAN_POINT('',(-3.66943771834211,-90.9999999918871,21.7439943422769));
#4712=CARTESIAN_POINT('',(-12.2942382539216,-90.4555555474427,21.7680505878664));
#4713=CARTESIAN_POINT('Ctrl Pts',(-4.74391783449849,-90.4555555474427,17.8224271090638));
#4714=CARTESIAN_POINT('Ctrl Pts',(-4.74391783449849,-90.6370370289242,17.8224271090638));
#4715=CARTESIAN_POINT('Ctrl Pts',(-4.74391783449849,-90.8185185104057,17.8224271090638));
#4716=CARTESIAN_POINT('Ctrl Pts',(-4.74391783449849,-90.9999999918871,17.8224271090638));
#4717=CARTESIAN_POINT('Ctrl Pts',(-4.8927066825357,-90.4555555474427,17.5584211201033));
#4718=CARTESIAN_POINT('Ctrl Pts',(-4.8927066825357,-90.6370370289242,17.5584211201033));
#4719=CARTESIAN_POINT('Ctrl Pts',(-4.8927066825357,-90.8185185104057,17.5584211201033));
#4720=CARTESIAN_POINT('Ctrl Pts',(-4.8927066825357,-90.9999999918871,17.5584211201033));
#4721=CARTESIAN_POINT('Ctrl Pts',(-5.08508451594188,-90.4555555474427,17.3084536035076));
#4722=CARTESIAN_POINT('Ctrl Pts',(-5.08508451594188,-90.6370370289242,17.3084536035076));
#4723=CARTESIAN_POINT('Ctrl Pts',(-5.08508451594188,-90.8185185104057,17.3084536035076));
#4724=CARTESIAN_POINT('Ctrl Pts',(-5.08508451594188,-90.9999999918871,17.3084536035076));
#4725=CARTESIAN_POINT('Ctrl Pts',(-5.55701815349217,-90.4555555474427,16.8365955150461));
#4726=CARTESIAN_POINT('Ctrl Pts',(-5.55701815349217,-90.6370370289242,16.8365955150461));
#4727=CARTESIAN_POINT('Ctrl Pts',(-5.55701815349217,-90.8185185104056,16.8365955150461));
#4728=CARTESIAN_POINT('Ctrl Pts',(-5.55701815349217,-90.9999999918871,16.8365955150461));
#4729=CARTESIAN_POINT('Ctrl Pts',(-5.83038054453149,-90.4555555474427,16.6286045627567));
#4730=CARTESIAN_POINT('Ctrl Pts',(-5.83038054453149,-90.6370370289242,16.6286045627567));
#4731=CARTESIAN_POINT('Ctrl Pts',(-5.83038054453149,-90.8185185104057,16.6286045627567));
#4732=CARTESIAN_POINT('Ctrl Pts',(-5.83038054453149,-90.9999999918871,16.6286045627567));
#4733=CARTESIAN_POINT('Ctrl Pts',(-6.45713596930828,-90.4555555474427,16.2654630819397));
#4734=CARTESIAN_POINT('Ctrl Pts',(-6.45713596930828,-90.6370370289241,16.2654630819397));
#4735=CARTESIAN_POINT('Ctrl Pts',(-6.45713596930828,-90.8185185104057,16.2654630819397));
#4736=CARTESIAN_POINT('Ctrl Pts',(-6.45713596930828,-90.9999999918871,16.2654630819397));
#4737=CARTESIAN_POINT('Ctrl Pts',(-6.80002062000171,-90.4555555474427,16.1024670974789));
#4738=CARTESIAN_POINT('Ctrl Pts',(-6.80002062000171,-90.6370370289241,16.1024670974789));
#4739=CARTESIAN_POINT('Ctrl Pts',(-6.80002062000171,-90.8185185104057,16.1024670974789));
#4740=CARTESIAN_POINT('Ctrl Pts',(-6.80002062000171,-90.9999999918871,16.1024670974789));
#4741=CARTESIAN_POINT('Ctrl Pts',(-7.57117760907423,-90.4555555474427,15.8819476968984));
#4742=CARTESIAN_POINT('Ctrl Pts',(-7.57117760907423,-90.6370370289241,15.8819476968984));
#4743=CARTESIAN_POINT('Ctrl Pts',(-7.57117760907423,-90.8185185104057,15.8819476968984));
#4744=CARTESIAN_POINT('Ctrl Pts',(-7.57117760907423,-90.9999999918871,15.8819476968984));
#4745=CARTESIAN_POINT('Ctrl Pts',(-7.9879876494743,-90.4555555474427,15.8274426843011));
#4746=CARTESIAN_POINT('Ctrl Pts',(-7.9879876494743,-90.6370370289242,15.8274426843011));
#4747=CARTESIAN_POINT('Ctrl Pts',(-7.9879876494743,-90.8185185104057,15.8274426843011));
#4748=CARTESIAN_POINT('Ctrl Pts',(-7.9879876494743,-90.9999999918872,15.8274426843011));
#4749=CARTESIAN_POINT('Ctrl Pts',(-9.04586361704178,-90.4555555474427,15.8303933060545));
#4750=CARTESIAN_POINT('Ctrl Pts',(-9.04586361704178,-90.6370370289242,15.8303933060545));
#4751=CARTESIAN_POINT('Ctrl Pts',(-9.04586361704178,-90.8185185104057,15.8303933060545));
#4752=CARTESIAN_POINT('Ctrl Pts',(-9.04586361704178,-90.9999999918872,15.8303933060545));
#4753=CARTESIAN_POINT('Ctrl Pts',(-9.58295366500585,-90.4555555474427,15.9619510254644));
#4754=CARTESIAN_POINT('Ctrl Pts',(-9.58295366500585,-90.6370370289242,15.9619510254644));
#4755=CARTESIAN_POINT('Ctrl Pts',(-9.58295366500585,-90.8185185104057,15.9619510254644));
#4756=CARTESIAN_POINT('Ctrl Pts',(-9.58295366500585,-90.9999999918872,15.9619510254644));
#4757=CARTESIAN_POINT('Ctrl Pts',(-10.5343323196791,-90.4555555474427,16.4120960443719));
#4758=CARTESIAN_POINT('Ctrl Pts',(-10.5343323196791,-90.6370370289241,16.4120960443719));
#4759=CARTESIAN_POINT('Ctrl Pts',(-10.5343323196791,-90.8185185104056,16.4120960443719));
#4760=CARTESIAN_POINT('Ctrl Pts',(-10.5343323196791,-90.9999999918871,16.4120960443719));
#4761=CARTESIAN_POINT('Ctrl Pts',(-10.9354716214147,-90.4555555474427,16.7663316841949));
#4762=CARTESIAN_POINT('Ctrl Pts',(-10.9354716214147,-90.6370370289242,16.7663316841949));
#4763=CARTESIAN_POINT('Ctrl Pts',(-10.9354716214147,-90.8185185104057,16.7663316841949));
#4764=CARTESIAN_POINT('Ctrl Pts',(-10.9354716214147,-90.9999999918872,16.7663316841949));
#4765=CARTESIAN_POINT('Ctrl Pts',(-11.5700941315779,-90.4555555474427,17.7301314882722));
#4766=CARTESIAN_POINT('Ctrl Pts',(-11.5700941315779,-90.6370370289242,17.7301314882722));
#4767=CARTESIAN_POINT('Ctrl Pts',(-11.5700941315779,-90.8185185104057,17.7301314882722));
#4768=CARTESIAN_POINT('Ctrl Pts',(-11.5700941315779,-90.9999999918871,17.7301314882722));
#4769=CARTESIAN_POINT('Ctrl Pts',(-11.8140763391322,-90.4555555474427,18.3431553473173));
#4770=CARTESIAN_POINT('Ctrl Pts',(-11.8140763391322,-90.6370370289242,18.3431553473173));
#4771=CARTESIAN_POINT('Ctrl Pts',(-11.8140763391322,-90.8185185104057,18.3431553473173));
#4772=CARTESIAN_POINT('Ctrl Pts',(-11.8140763391322,-90.9999999918871,18.3431553473173));
#4773=CARTESIAN_POINT('Ctrl Pts',(-12.1657268925265,-90.4555555474427,19.8471607437402));
#4774=CARTESIAN_POINT('Ctrl Pts',(-12.1657268925265,-90.6370370289242,19.8471607437402));
#4775=CARTESIAN_POINT('Ctrl Pts',(-12.1657268925265,-90.8185185104057,19.8471607437402));
#4776=CARTESIAN_POINT('Ctrl Pts',(-12.1657268925265,-90.9999999918871,19.8471607437402));
#4777=CARTESIAN_POINT('Ctrl Pts',(-12.2671724385573,-90.4555555474427,20.7381249245194));
#4778=CARTESIAN_POINT('Ctrl Pts',(-12.2671724385573,-90.6370370289242,20.7381249245194));
#4779=CARTESIAN_POINT('Ctrl Pts',(-12.2671724385573,-90.8185185104057,20.7381249245194));
#4780=CARTESIAN_POINT('Ctrl Pts',(-12.2671724385573,-90.9999999918871,20.7381249245194));
#4781=CARTESIAN_POINT('Ctrl Pts',(-12.2942382539216,-90.4555555474427,21.7680505878664));
#4782=CARTESIAN_POINT('Ctrl Pts',(-12.2942382539216,-90.6370370289242,21.7680505878664));
#4783=CARTESIAN_POINT('Ctrl Pts',(-12.2942382539216,-90.8185185104057,21.7680505878664));
#4784=CARTESIAN_POINT('Ctrl Pts',(-12.2942382539216,-90.9999999918871,21.7680505878664));
#4785=CARTESIAN_POINT('',(-4.74391783449849,-90.4555555474427,17.8224271090638));
#4786=CARTESIAN_POINT('Ctrl Pts',(-12.2942382539216,-90.4555555474427,21.7680505878664));
#4787=CARTESIAN_POINT('Ctrl Pts',(-12.2671724385573,-90.4555555474427,20.7381249245194));
#4788=CARTESIAN_POINT('Ctrl Pts',(-12.1657268925265,-90.4555555474427,19.8471607437402));
#4789=CARTESIAN_POINT('Ctrl Pts',(-11.9899016158294,-90.4555555474427,19.0951580455287));
#4790=CARTESIAN_POINT('Ctrl Pts',(-11.8140763391322,-90.4555555474427,18.3431553473173));
#4791=CARTESIAN_POINT('Ctrl Pts',(-11.5700941315779,-90.4555555474427,17.7301314882722));
#4792=CARTESIAN_POINT('Ctrl Pts',(-11.2579549931664,-90.4555555474427,17.2560864683934));
#4793=CARTESIAN_POINT('Ctrl Pts',(-10.9354716214146,-90.4555555474427,16.7663316841949));
#4794=CARTESIAN_POINT('Ctrl Pts',(-10.5343323196791,-90.4555555474427,16.4120960443719));
#4795=CARTESIAN_POINT('Ctrl Pts',(-10.0609293469075,-90.4555555474427,16.1881053240815));
#4796=CARTESIAN_POINT('Ctrl Pts',(-9.58295366500585,-90.4555555474427,15.9619510254644));
#4797=CARTESIAN_POINT('Ctrl Pts',(-9.04586361704177,-90.4555555474427,15.8303933060545));
#4798=CARTESIAN_POINT('Ctrl Pts',(-8.43602923573817,-90.4555555474427,15.8286923593967));
#4799=CARTESIAN_POINT('Ctrl Pts',(-7.9879876494743,-90.4555555474427,15.8274426843011));
#4800=CARTESIAN_POINT('Ctrl Pts',(-7.57117760907424,-90.4555555474427,15.8819476968985));
#4801=CARTESIAN_POINT('Ctrl Pts',(-7.18559911453797,-90.4555555474427,15.9922073971887));
#4802=CARTESIAN_POINT('Ctrl Pts',(-6.80002062000171,-90.4555555474427,16.1024670974789));
#4803=CARTESIAN_POINT('Ctrl Pts',(-6.45713596930829,-90.4555555474427,16.2654630819397));
#4804=CARTESIAN_POINT('Ctrl Pts',(-6.14113850783498,-90.4555555474427,16.4485517024087));
#4805=CARTESIAN_POINT('Ctrl Pts',(-5.83038054453148,-90.4555555474427,16.6286045627567));
#4806=CARTESIAN_POINT('Ctrl Pts',(-5.55701815349217,-90.4555555474427,16.8365955150461));
#4807=CARTESIAN_POINT('Ctrl Pts',(-5.32105133471702,-90.4555555474427,17.0725245592768));
#4808=CARTESIAN_POINT('Ctrl Pts',(-5.08508451594188,-90.4555555474427,17.3084536035076));
#4809=CARTESIAN_POINT('Ctrl Pts',(-4.8927066825357,-90.4555555474427,17.5584211201033));
#4810=CARTESIAN_POINT('Ctrl Pts',(-4.74391783449849,-90.4555555474427,17.8224271090638));
#4811=CARTESIAN_POINT('',(-4.74391783449849,-90.9999999918871,17.8224271090638));
#4812=CARTESIAN_POINT('Ctrl Pts',(-4.74391783449849,-90.9999999918871,17.8224271090638));
#4813=CARTESIAN_POINT('Ctrl Pts',(-4.8927066825357,-90.9999999918871,17.5584211201033));
#4814=CARTESIAN_POINT('Ctrl Pts',(-5.08508451594188,-90.9999999918871,17.3084536035076));
#4815=CARTESIAN_POINT('Ctrl Pts',(-5.32105133471702,-90.9999999918871,17.0725245592768));
#4816=CARTESIAN_POINT('Ctrl Pts',(-5.55701815349217,-90.9999999918871,16.8365955150461));
#4817=CARTESIAN_POINT('Ctrl Pts',(-5.83038054453148,-90.9999999918871,16.6286045627567));
#4818=CARTESIAN_POINT('Ctrl Pts',(-6.14113850783498,-90.9999999918871,16.4485517024087));
#4819=CARTESIAN_POINT('Ctrl Pts',(-6.45713596930829,-90.9999999918871,16.2654630819397));
#4820=CARTESIAN_POINT('Ctrl Pts',(-6.80002062000171,-90.9999999918871,16.1024670974789));
#4821=CARTESIAN_POINT('Ctrl Pts',(-7.18559911453797,-90.9999999918871,15.9922073971887));
#4822=CARTESIAN_POINT('Ctrl Pts',(-7.57117760907424,-90.9999999918871,15.8819476968985));
#4823=CARTESIAN_POINT('Ctrl Pts',(-7.9879876494743,-90.9999999918871,15.8274426843011));
#4824=CARTESIAN_POINT('Ctrl Pts',(-8.43602923573817,-90.9999999918871,15.8286923593967));
#4825=CARTESIAN_POINT('Ctrl Pts',(-9.04586361704177,-90.9999999918871,15.8303933060545));
#4826=CARTESIAN_POINT('Ctrl Pts',(-9.58295366500585,-90.9999999918871,15.9619510254644));
#4827=CARTESIAN_POINT('Ctrl Pts',(-10.0609293469075,-90.9999999918871,16.1881053240815));
#4828=CARTESIAN_POINT('Ctrl Pts',(-10.5343323196791,-90.9999999918871,16.4120960443719));
#4829=CARTESIAN_POINT('Ctrl Pts',(-10.9354716214146,-90.9999999918871,16.7663316841949));
#4830=CARTESIAN_POINT('Ctrl Pts',(-11.2579549931664,-90.9999999918871,17.2560864683934));
#4831=CARTESIAN_POINT('Ctrl Pts',(-11.5700941315779,-90.9999999918871,17.7301314882722));
#4832=CARTESIAN_POINT('Ctrl Pts',(-11.8140763391322,-90.9999999918871,18.3431553473173));
#4833=CARTESIAN_POINT('Ctrl Pts',(-11.9899016158294,-90.9999999918871,19.0951580455287));
#4834=CARTESIAN_POINT('Ctrl Pts',(-12.1657268925265,-90.9999999918871,19.8471607437402));
#4835=CARTESIAN_POINT('Ctrl Pts',(-12.2671724385573,-90.9999999918871,20.7381249245194));
#4836=CARTESIAN_POINT('Ctrl Pts',(-12.2942382539216,-90.9999999918871,21.7680505878664));
#4837=CARTESIAN_POINT('',(-4.74391783449849,-90.4555555474427,17.8224271090638));
#4838=CARTESIAN_POINT('Ctrl Pts',(-3.6694377183421,-90.4555555474427,21.743994342277));
#4839=CARTESIAN_POINT('Ctrl Pts',(-3.6694377183421,-90.6370370289242,21.743994342277));
#4840=CARTESIAN_POINT('Ctrl Pts',(-3.6694377183421,-90.8185185104057,21.743994342277));
#4841=CARTESIAN_POINT('Ctrl Pts',(-3.6694377183421,-90.9999999918871,21.743994342277));
#4842=CARTESIAN_POINT('Ctrl Pts',(-3.67039278623592,-90.4555555474427,22.1962960679657));
#4843=CARTESIAN_POINT('Ctrl Pts',(-3.67039278623592,-90.6370370289242,22.1962960679657));
#4844=CARTESIAN_POINT('Ctrl Pts',(-3.67039278623592,-90.8185185104057,22.1962960679657));
#4845=CARTESIAN_POINT('Ctrl Pts',(-3.67039278623592,-90.9999999918871,22.1962960679657));
#4846=CARTESIAN_POINT('Ctrl Pts',(-3.67134785412975,-90.4555555474427,22.6485977936544));
#4847=CARTESIAN_POINT('Ctrl Pts',(-3.67134785412975,-90.6370370289242,22.6485977936544));
#4848=CARTESIAN_POINT('Ctrl Pts',(-3.67134785412975,-90.8185185104057,22.6485977936544));
#4849=CARTESIAN_POINT('Ctrl Pts',(-3.67134785412975,-90.9999999918871,22.6485977936544));
#4850=CARTESIAN_POINT('Ctrl Pts',(-3.67471263178646,-90.4555555474427,24.2420915656963));
#4851=CARTESIAN_POINT('Ctrl Pts',(-3.67471263178646,-90.6370370289241,24.2420915656963));
#4852=CARTESIAN_POINT('Ctrl Pts',(-3.67471263178646,-90.8185185104056,24.2420915656963));
#4853=CARTESIAN_POINT('Ctrl Pts',(-3.67471263178646,-90.9999999918871,24.2420915656963));
#4854=CARTESIAN_POINT('Ctrl Pts',(-3.80129916404171,-90.4555555474427,25.2514194703576));
#4855=CARTESIAN_POINT('Ctrl Pts',(-3.80129916404171,-90.6370370289242,25.2514194703576));
#4856=CARTESIAN_POINT('Ctrl Pts',(-3.80129916404171,-90.8185185104057,25.2514194703576));
#4857=CARTESIAN_POINT('Ctrl Pts',(-3.80129916404171,-90.9999999918872,25.2514194703576));
#4858=CARTESIAN_POINT('Ctrl Pts',(-4.30282587353694,-90.4555555474427,27.0063469962963));
#4859=CARTESIAN_POINT('Ctrl Pts',(-4.30282587353694,-90.6370370289241,27.0063469962963));
#4860=CARTESIAN_POINT('Ctrl Pts',(-4.30282587353694,-90.8185185104056,27.0063469962963));
#4861=CARTESIAN_POINT('Ctrl Pts',(-4.30282587353694,-90.9999999918871,27.0063469962963));
#4862=CARTESIAN_POINT('Ctrl Pts',(-4.66529106445406,-90.4555555474427,27.7379949282016));
#4863=CARTESIAN_POINT('Ctrl Pts',(-4.66529106445406,-90.6370370289241,27.7379949282016));
#4864=CARTESIAN_POINT('Ctrl Pts',(-4.66529106445406,-90.8185185104057,27.7379949282016));
#4865=CARTESIAN_POINT('Ctrl Pts',(-4.66529106445406,-90.9999999918871,27.7379949282016));
#4866=CARTESIAN_POINT('Ctrl Pts',(-5.60804955014345,-90.4555555474427,28.9027705298517));
#4867=CARTESIAN_POINT('Ctrl Pts',(-5.60804955014345,-90.6370370289241,28.9027705298517));
#4868=CARTESIAN_POINT('Ctrl Pts',(-5.60804955014345,-90.8185185104057,28.9027705298517));
#4869=CARTESIAN_POINT('Ctrl Pts',(-5.60804955014345,-90.9999999918871,28.9027705298517));
#4870=CARTESIAN_POINT('Ctrl Pts',(-6.16215718302809,-90.4555555474427,29.3495712600704));
#4871=CARTESIAN_POINT('Ctrl Pts',(-6.16215718302809,-90.6370370289241,29.3495712600704));
#4872=CARTESIAN_POINT('Ctrl Pts',(-6.16215718302809,-90.8185185104056,29.3495712600704));
#4873=CARTESIAN_POINT('Ctrl Pts',(-6.16215718302809,-90.9999999918871,29.3495712600704));
#4874=CARTESIAN_POINT('Ctrl Pts',(-7.49768929277297,-90.4555555474427,29.9444741429659));
#4875=CARTESIAN_POINT('Ctrl Pts',(-7.49768929277297,-90.6370370289242,29.9444741429659));
#4876=CARTESIAN_POINT('Ctrl Pts',(-7.49768929277297,-90.8185185104057,29.9444741429659));
#4877=CARTESIAN_POINT('Ctrl Pts',(-7.49768929277297,-90.9999999918871,29.9444741429659));
#4878=CARTESIAN_POINT('Ctrl Pts',(-8.24838200115591,-90.4555555474427,30.1069024340365));
#4879=CARTESIAN_POINT('Ctrl Pts',(-8.24838200115591,-90.6370370289241,30.1069024340365));
#4880=CARTESIAN_POINT('Ctrl Pts',(-8.24838200115591,-90.8185185104057,30.1069024340365));
#4881=CARTESIAN_POINT('Ctrl Pts',(-8.24838200115591,-90.9999999918871,30.1069024340365));
#4882=CARTESIAN_POINT('Ctrl Pts',(-10.9241859191207,-90.4555555474427,30.1143657714128));
#4883=CARTESIAN_POINT('Ctrl Pts',(-10.9241859191207,-90.6370370289242,30.1143657714128));
#4884=CARTESIAN_POINT('Ctrl Pts',(-10.9241859191207,-90.8185185104055,30.1143657714128));
#4885=CARTESIAN_POINT('Ctrl Pts',(-10.9241859191207,-90.999999991887,30.1143657714128));
#4886=CARTESIAN_POINT('Ctrl Pts',(-12.3429942454207,-90.4555555474427,29.4307561601575));
#4887=CARTESIAN_POINT('Ctrl Pts',(-12.3429942454207,-90.6370370289242,29.4307561601575));
#4888=CARTESIAN_POINT('Ctrl Pts',(-12.3429942454207,-90.8185185104057,29.4307561601575));
#4889=CARTESIAN_POINT('Ctrl Pts',(-12.3429942454207,-90.9999999918872,29.4307561601575));
#4890=CARTESIAN_POINT('Ctrl Pts',(-14.3145907923142,-90.4555555474427,26.6933078470738));
#4891=CARTESIAN_POINT('Ctrl Pts',(-14.3145907923142,-90.6370370289241,26.6933078470738));
#4892=CARTESIAN_POINT('Ctrl Pts',(-14.3145907923142,-90.8185185104056,26.6933078470738));
#4893=CARTESIAN_POINT('Ctrl Pts',(-14.3145907923142,-90.9999999918871,26.6933078470738));
#4894=CARTESIAN_POINT('Ctrl Pts',(-14.8018868250443,-90.4555555474427,24.6558420087162));
#4895=CARTESIAN_POINT('Ctrl Pts',(-14.8018868250443,-90.6370370289242,24.6558420087162));
#4896=CARTESIAN_POINT('Ctrl Pts',(-14.8018868250443,-90.8185185104057,24.6558420087162));
#4897=CARTESIAN_POINT('Ctrl Pts',(-14.8018868250443,-90.9999999918872,24.6558420087162));
#4898=CARTESIAN_POINT('Ctrl Pts',(-14.793511614283,-90.4555555474427,20.6895037988303));
#4899=CARTESIAN_POINT('Ctrl Pts',(-14.793511614283,-90.6370370289241,20.6895037988303));
#4900=CARTESIAN_POINT('Ctrl Pts',(-14.793511614283,-90.8185185104057,20.6895037988303));
#4901=CARTESIAN_POINT('Ctrl Pts',(-14.793511614283,-90.9999999918871,20.6895037988303));
#4902=CARTESIAN_POINT('Ctrl Pts',(-14.6718370934088,-90.4555555474427,19.5650018373534));
#4903=CARTESIAN_POINT('Ctrl Pts',(-14.6718370934088,-90.6370370289242,19.5650018373534));
#4904=CARTESIAN_POINT('Ctrl Pts',(-14.6718370934088,-90.8185185104056,19.5650018373534));
#4905=CARTESIAN_POINT('Ctrl Pts',(-14.6718370934088,-90.9999999918871,19.5650018373534));
#4906=CARTESIAN_POINT('Ctrl Pts',(-14.1211334929618,-90.4555555474426,17.5911194438396));
#4907=CARTESIAN_POINT('Ctrl Pts',(-14.1211334929618,-90.6370370289241,17.5911194438396));
#4908=CARTESIAN_POINT('Ctrl Pts',(-14.1211334929618,-90.8185185104057,17.5911194438396));
#4909=CARTESIAN_POINT('Ctrl Pts',(-14.1211334929618,-90.9999999918872,17.5911194438396));
#4910=CARTESIAN_POINT('Ctrl Pts',(-13.7138416622313,-90.4555555474427,16.7618677642173));
#4911=CARTESIAN_POINT('Ctrl Pts',(-13.7138416622313,-90.6370370289241,16.7618677642173));
#4912=CARTESIAN_POINT('Ctrl Pts',(-13.7138416622313,-90.8185185104056,16.7618677642173));
#4913=CARTESIAN_POINT('Ctrl Pts',(-13.7138416622313,-90.9999999918871,16.7618677642173));
#4914=CARTESIAN_POINT('Ctrl Pts',(-12.6852464375419,-90.4555555474427,15.3882451905172));
#4915=CARTESIAN_POINT('Ctrl Pts',(-12.6852464375419,-90.6370370289241,15.3882451905172));
#4916=CARTESIAN_POINT('Ctrl Pts',(-12.6852464375419,-90.8185185104057,15.3882451905172));
#4917=CARTESIAN_POINT('Ctrl Pts',(-12.6852464375419,-90.9999999918871,15.3882451905172));
#4918=CARTESIAN_POINT('Ctrl Pts',(-12.0556563487469,-90.4555555474427,14.8715640555873));
#4919=CARTESIAN_POINT('Ctrl Pts',(-12.0556563487469,-90.6370370289241,14.8715640555873));
#4920=CARTESIAN_POINT('Ctrl Pts',(-12.0556563487469,-90.8185185104056,14.8715640555873));
#4921=CARTESIAN_POINT('Ctrl Pts',(-12.0556563487469,-90.9999999918871,14.8715640555873));
#4922=CARTESIAN_POINT('Ctrl Pts',(-10.5607150593127,-90.4555555474427,14.1715496631835));
#4923=CARTESIAN_POINT('Ctrl Pts',(-10.5607150593127,-90.6370370289242,14.1715496631835));
#4924=CARTESIAN_POINT('Ctrl Pts',(-10.5607150593127,-90.8185185104057,14.1715496631835));
#4925=CARTESIAN_POINT('Ctrl Pts',(-10.5607150593127,-90.9999999918871,14.1715496631835));
#4926=CARTESIAN_POINT('Ctrl Pts',(-9.72026975126264,-90.4555555474427,13.9952443201914));
#4927=CARTESIAN_POINT('Ctrl Pts',(-9.72026975126264,-90.6370370289241,13.9952443201914));
#4928=CARTESIAN_POINT('Ctrl Pts',(-9.72026975126264,-90.8185185104056,13.9952443201914));
#4929=CARTESIAN_POINT('Ctrl Pts',(-9.72026975126264,-90.9999999918871,13.9952443201914));
#4930=CARTESIAN_POINT('Ctrl Pts',(-8.0276682031547,-90.4555555474427,13.9905233253859));
#4931=CARTESIAN_POINT('Ctrl Pts',(-8.0276682031547,-90.6370370289241,13.9905233253859));
#4932=CARTESIAN_POINT('Ctrl Pts',(-8.0276682031547,-90.8185185104057,13.9905233253859));
#4933=CARTESIAN_POINT('Ctrl Pts',(-8.0276682031547,-90.9999999918872,13.9905233253859));
#4934=CARTESIAN_POINT('Ctrl Pts',(-7.36543390452903,-90.4555555474427,14.098945627323));
#4935=CARTESIAN_POINT('Ctrl Pts',(-7.36543390452903,-90.6370370289241,14.098945627323));
#4936=CARTESIAN_POINT('Ctrl Pts',(-7.36543390452903,-90.8185185104056,14.098945627323));
#4937=CARTESIAN_POINT('Ctrl Pts',(-7.36543390452903,-90.9999999918871,14.098945627323));
#4938=CARTESIAN_POINT('Ctrl Pts',(-6.21783260662201,-90.4555555474427,14.4586497451594));
#4939=CARTESIAN_POINT('Ctrl Pts',(-6.21783260662201,-90.6370370289242,14.4586497451594));
#4940=CARTESIAN_POINT('Ctrl Pts',(-6.21783260662201,-90.8185185104057,14.4586497451594));
#4941=CARTESIAN_POINT('Ctrl Pts',(-6.21783260662201,-90.9999999918872,14.4586497451594));
#4942=CARTESIAN_POINT('Ctrl Pts',(-5.74909843064178,-90.4555555474427,14.6932801621063));
#4943=CARTESIAN_POINT('Ctrl Pts',(-5.74909843064178,-90.6370370289241,14.6932801621063));
#4944=CARTESIAN_POINT('Ctrl Pts',(-5.74909843064178,-90.8185185104056,14.6932801621063));
#4945=CARTESIAN_POINT('Ctrl Pts',(-5.74909843064178,-90.9999999918871,14.6932801621063));
#4946=CARTESIAN_POINT('Ctrl Pts',(-4.9873785931964,-90.4555555474427,15.2415222925362));
#4947=CARTESIAN_POINT('Ctrl Pts',(-4.9873785931964,-90.6370370289242,15.2415222925362));
#4948=CARTESIAN_POINT('Ctrl Pts',(-4.9873785931964,-90.8185185104057,15.2415222925362));
#4949=CARTESIAN_POINT('Ctrl Pts',(-4.9873785931964,-90.9999999918871,15.2415222925362));
#4950=CARTESIAN_POINT('Ctrl Pts',(-4.70177630946961,-90.4555555474427,15.5468973648538));
#4951=CARTESIAN_POINT('Ctrl Pts',(-4.70177630946961,-90.6370370289242,15.5468973648538));
#4952=CARTESIAN_POINT('Ctrl Pts',(-4.70177630946961,-90.8185185104056,15.5468973648538));
#4953=CARTESIAN_POINT('Ctrl Pts',(-4.70177630946961,-90.9999999918871,15.5468973648538));
#4954=CARTESIAN_POINT('Ctrl Pts',(-4.32981888272881,-90.4555555474427,16.2138708253426));
#4955=CARTESIAN_POINT('Ctrl Pts',(-4.32981888272881,-90.6370370289242,16.2138708253426));
#4956=CARTESIAN_POINT('Ctrl Pts',(-4.32981888272881,-90.8185185104057,16.2138708253426));
#4957=CARTESIAN_POINT('Ctrl Pts',(-4.32981888272881,-90.9999999918872,16.2138708253426));
#4958=CARTESIAN_POINT('Ctrl Pts',(-4.23713808644007,-90.4555555474427,16.5267424403028));
#4959=CARTESIAN_POINT('Ctrl Pts',(-4.23713808644007,-90.6370370289242,16.5267424403028));
#4960=CARTESIAN_POINT('Ctrl Pts',(-4.23713808644007,-90.8185185104057,16.5267424403028));
#4961=CARTESIAN_POINT('Ctrl Pts',(-4.23713808644007,-90.9999999918872,16.5267424403028));
#4962=CARTESIAN_POINT('Ctrl Pts',(-4.23828416791267,-90.4555555474427,17.0695045111292));
#4963=CARTESIAN_POINT('Ctrl Pts',(-4.23828416791267,-90.6370370289241,17.0695045111292));
#4964=CARTESIAN_POINT('Ctrl Pts',(-4.23828416791267,-90.8185185104057,17.0695045111292));
#4965=CARTESIAN_POINT('Ctrl Pts',(-4.23828416791267,-90.9999999918871,17.0695045111292));
#4966=CARTESIAN_POINT('Ctrl Pts',(-4.2975955466617,-90.4555555474427,17.2832125720174));
#4967=CARTESIAN_POINT('Ctrl Pts',(-4.2975955466617,-90.6370370289242,17.2832125720174));
#4968=CARTESIAN_POINT('Ctrl Pts',(-4.2975955466617,-90.8185185104057,17.2832125720174));
#4969=CARTESIAN_POINT('Ctrl Pts',(-4.2975955466617,-90.9999999918871,17.2832125720174));
#4970=CARTESIAN_POINT('Ctrl Pts',(-4.50705472123837,-90.4555555474427,17.6338883799559));
#4971=CARTESIAN_POINT('Ctrl Pts',(-4.50705472123837,-90.6370370289242,17.6338883799559));
#4972=CARTESIAN_POINT('Ctrl Pts',(-4.50705472123837,-90.8185185104057,17.6338883799559));
#4973=CARTESIAN_POINT('Ctrl Pts',(-4.50705472123837,-90.9999999918871,17.6338883799559));
#4974=CARTESIAN_POINT('Ctrl Pts',(-4.61931490479196,-90.4555555474427,17.7524950962176));
#4975=CARTESIAN_POINT('Ctrl Pts',(-4.61931490479196,-90.6370370289242,17.7524950962176));
#4976=CARTESIAN_POINT('Ctrl Pts',(-4.61931490479196,-90.8185185104057,17.7524950962176));
#4977=CARTESIAN_POINT('Ctrl Pts',(-4.61931490479196,-90.9999999918871,17.7524950962176));
#4978=CARTESIAN_POINT('Ctrl Pts',(-4.74391783449849,-90.4555555474427,17.8224271090638));
#4979=CARTESIAN_POINT('Ctrl Pts',(-4.74391783449849,-90.6370370289242,17.8224271090638));
#4980=CARTESIAN_POINT('Ctrl Pts',(-4.74391783449849,-90.8185185104057,17.8224271090638));
#4981=CARTESIAN_POINT('Ctrl Pts',(-4.74391783449849,-90.9999999918871,17.8224271090638));
#4982=CARTESIAN_POINT('Ctrl Pts',(-4.74391783449849,-90.4555555474427,17.8224271090638));
#4983=CARTESIAN_POINT('Ctrl Pts',(-4.61931490479196,-90.4555555474427,17.7524950962176));
#4984=CARTESIAN_POINT('Ctrl Pts',(-4.50705472123838,-90.4555555474427,17.6338883799559));
#4985=CARTESIAN_POINT('Ctrl Pts',(-4.40713728383774,-90.4555555474427,17.4666069602787));
#4986=CARTESIAN_POINT('Ctrl Pts',(-4.29759554666171,-90.4555555474427,17.2832125720174));
#4987=CARTESIAN_POINT('Ctrl Pts',(-4.23828416791267,-90.4555555474427,17.0695045111292));
#4988=CARTESIAN_POINT('Ctrl Pts',(-4.23775520723301,-90.4555555474427,16.8189989399786));
#4989=CARTESIAN_POINT('Ctrl Pts',(-4.23713808644007,-90.4555555474427,16.5267424403028));
#4990=CARTESIAN_POINT('Ctrl Pts',(-4.32981888272881,-90.4555555474427,16.2138708253426));
#4991=CARTESIAN_POINT('Ctrl Pts',(-4.51579759609921,-90.4555555474427,15.8803840950982));
#4992=CARTESIAN_POINT('Ctrl Pts',(-4.70177630946962,-90.4555555474427,15.5468973648538));
#4993=CARTESIAN_POINT('Ctrl Pts',(-4.9873785931964,-90.4555555474427,15.2415222925362));
#4994=CARTESIAN_POINT('Ctrl Pts',(-5.37260444727956,-90.4555555474427,14.9642588781455));
#4995=CARTESIAN_POINT('Ctrl Pts',(-5.74909843064178,-90.4555555474427,14.6932801621063));
#4996=CARTESIAN_POINT('Ctrl Pts',(-6.21783260662201,-90.4555555474427,14.4586497451593));
#4997=CARTESIAN_POINT('Ctrl Pts',(-6.78994816191276,-90.4555555474427,14.2793258619504));
#4998=CARTESIAN_POINT('Ctrl Pts',(-7.36543390452903,-90.4555555474427,14.098945627323));
#4999=CARTESIAN_POINT('Ctrl Pts',(-8.02766820315469,-90.4555555474427,13.9905233253859));
#5000=CARTESIAN_POINT('Ctrl Pts',(-8.78684977987958,-90.4555555474427,13.992640830409));
#5001=CARTESIAN_POINT('Ctrl Pts',(-9.72026975126265,-90.4555555474427,13.9952443201914));
#5002=CARTESIAN_POINT('Ctrl Pts',(-10.5607150593127,-90.4555555474427,14.1715496631835));
#5003=CARTESIAN_POINT('Ctrl Pts',(-11.3081857040298,-90.4555555474427,14.5215568593854));
#5004=CARTESIAN_POINT('Ctrl Pts',(-12.0556563487469,-90.4555555474427,14.8715640555873));
#5005=CARTESIAN_POINT('Ctrl Pts',(-12.6852464375419,-90.4555555474427,15.3882451905172));
#5006=CARTESIAN_POINT('Ctrl Pts',(-13.1969559704148,-90.4555555474427,16.0716002641751));
#5007=CARTESIAN_POINT('Ctrl Pts',(-13.7138416622313,-90.4555555474427,16.7618677642173));
#5008=CARTESIAN_POINT('Ctrl Pts',(-14.1211334929618,-90.4555555474427,17.5911194438396));
#5009=CARTESIAN_POINT('Ctrl Pts',(-14.3970231405817,-90.4555555474427,18.5799884426034));
#5010=CARTESIAN_POINT('Ctrl Pts',(-14.6718370934088,-90.4555555474427,19.5650018373534));
#5011=CARTESIAN_POINT('Ctrl Pts',(-14.793511614283,-90.4555555474427,20.6895037988303));
#5012=CARTESIAN_POINT('Ctrl Pts',(-14.7961564176813,-90.4555555474427,21.9420316545838));
#5013=CARTESIAN_POINT('Ctrl Pts',(-14.8018868250443,-90.4555555474427,24.6558420087162));
#5014=CARTESIAN_POINT('Ctrl Pts',(-14.3145907923142,-90.4555555474427,26.6933078470739));
#5015=CARTESIAN_POINT('Ctrl Pts',(-13.334268319491,-90.4555555474427,28.0544291696568));
#5016=CARTESIAN_POINT('Ctrl Pts',(-12.3429942454206,-90.4555555474427,29.4307561601575));
#5017=CARTESIAN_POINT('Ctrl Pts',(-10.9241859191207,-90.4555555474427,30.1143657714128));
#5018=CARTESIAN_POINT('Ctrl Pts',(-9.08223717559145,-90.4555555474427,30.1092282182421));
#5019=CARTESIAN_POINT('Ctrl Pts',(-8.24838200115591,-90.4555555474427,30.1069024340365));
#5020=CARTESIAN_POINT('Ctrl Pts',(-7.49768929277296,-90.4555555474427,29.9444741429659));
#5021=CARTESIAN_POINT('Ctrl Pts',(-6.8223910835984,-90.4555555474427,29.6436675591925));
#5022=CARTESIAN_POINT('Ctrl Pts',(-6.1621571830281,-90.4555555474427,29.3495712600704));
#5023=CARTESIAN_POINT('Ctrl Pts',(-5.60804955014345,-90.4555555474427,28.9027705298517));
#5024=CARTESIAN_POINT('Ctrl Pts',(-5.13945809154068,-90.4555555474427,28.323827029043));
#5025=CARTESIAN_POINT('Ctrl Pts',(-4.66529106445406,-90.4555555474427,27.7379949282017));
#5026=CARTESIAN_POINT('Ctrl Pts',(-4.30282587353694,-90.4555555474427,27.0063469962963));
#5027=CARTESIAN_POINT('Ctrl Pts',(-4.05206251878933,-90.4555555474427,26.1288832333269));
#5028=CARTESIAN_POINT('Ctrl Pts',(-3.80129916404171,-90.4555555474427,25.2514194703575));
#5029=CARTESIAN_POINT('Ctrl Pts',(-3.67471263178646,-90.4555555474427,24.2420915656963));
#5030=CARTESIAN_POINT('Ctrl Pts',(-3.67230292202357,-90.4555555474427,23.1008995193432));
#5031=CARTESIAN_POINT('Ctrl Pts',(-3.67134785412975,-90.4555555474427,22.6485977936544));
#5032=CARTESIAN_POINT('Ctrl Pts',(-3.67039278623592,-90.4555555474427,22.1962960679657));
#5033=CARTESIAN_POINT('Ctrl Pts',(-3.6694377183421,-90.4555555474427,21.743994342277));
#5034=CARTESIAN_POINT('Ctrl Pts',(-3.6694377183421,-90.9999999918871,21.743994342277));
#5035=CARTESIAN_POINT('Ctrl Pts',(-3.67039278623592,-90.9999999918871,22.1962960679657));
#5036=CARTESIAN_POINT('Ctrl Pts',(-3.67134785412975,-90.9999999918871,22.6485977936544));
#5037=CARTESIAN_POINT('Ctrl Pts',(-3.67230292202357,-90.9999999918871,23.1008995193432));
#5038=CARTESIAN_POINT('Ctrl Pts',(-3.67471263178646,-90.9999999918871,24.2420915656963));
#5039=CARTESIAN_POINT('Ctrl Pts',(-3.80129916404171,-90.9999999918871,25.2514194703575));
#5040=CARTESIAN_POINT('Ctrl Pts',(-4.05206251878933,-90.9999999918871,26.1288832333269));
#5041=CARTESIAN_POINT('Ctrl Pts',(-4.30282587353694,-90.9999999918871,27.0063469962963));
#5042=CARTESIAN_POINT('Ctrl Pts',(-4.66529106445406,-90.9999999918871,27.7379949282017));
#5043=CARTESIAN_POINT('Ctrl Pts',(-5.13945809154068,-90.9999999918871,28.323827029043));
#5044=CARTESIAN_POINT('Ctrl Pts',(-5.60804955014345,-90.9999999918871,28.9027705298517));
#5045=CARTESIAN_POINT('Ctrl Pts',(-6.1621571830281,-90.9999999918871,29.3495712600704));
#5046=CARTESIAN_POINT('Ctrl Pts',(-6.8223910835984,-90.9999999918871,29.6436675591925));
#5047=CARTESIAN_POINT('Ctrl Pts',(-7.49768929277296,-90.9999999918871,29.9444741429659));
#5048=CARTESIAN_POINT('Ctrl Pts',(-8.24838200115591,-90.9999999918871,30.1069024340365));
#5049=CARTESIAN_POINT('Ctrl Pts',(-9.08223717559145,-90.9999999918871,30.1092282182421));
#5050=CARTESIAN_POINT('Ctrl Pts',(-10.9241859191207,-90.9999999918871,30.1143657714128));
#5051=CARTESIAN_POINT('Ctrl Pts',(-12.3429942454206,-90.9999999918871,29.4307561601575));
#5052=CARTESIAN_POINT('Ctrl Pts',(-13.334268319491,-90.9999999918871,28.0544291696568));
#5053=CARTESIAN_POINT('Ctrl Pts',(-14.3145907923142,-90.9999999918871,26.6933078470739));
#5054=CARTESIAN_POINT('Ctrl Pts',(-14.8018868250443,-90.9999999918871,24.6558420087162));
#5055=CARTESIAN_POINT('Ctrl Pts',(-14.7961564176813,-90.9999999918871,21.9420316545838));
#5056=CARTESIAN_POINT('Ctrl Pts',(-14.793511614283,-90.9999999918871,20.6895037988303));
#5057=CARTESIAN_POINT('Ctrl Pts',(-14.6718370934088,-90.9999999918871,19.5650018373534));
#5058=CARTESIAN_POINT('Ctrl Pts',(-14.3970231405817,-90.9999999918871,18.5799884426034));
#5059=CARTESIAN_POINT('Ctrl Pts',(-14.1211334929618,-90.9999999918871,17.5911194438396));
#5060=CARTESIAN_POINT('Ctrl Pts',(-13.7138416622313,-90.9999999918871,16.7618677642173));
#5061=CARTESIAN_POINT('Ctrl Pts',(-13.1969559704148,-90.9999999918871,16.0716002641751));
#5062=CARTESIAN_POINT('Ctrl Pts',(-12.6852464375419,-90.9999999918871,15.3882451905172));
#5063=CARTESIAN_POINT('Ctrl Pts',(-12.0556563487469,-90.9999999918871,14.8715640555873));
#5064=CARTESIAN_POINT('Ctrl Pts',(-11.3081857040298,-90.9999999918871,14.5215568593854));
#5065=CARTESIAN_POINT('Ctrl Pts',(-10.5607150593127,-90.9999999918871,14.1715496631835));
#5066=CARTESIAN_POINT('Ctrl Pts',(-9.72026975126265,-90.9999999918871,13.9952443201914));
#5067=CARTESIAN_POINT('Ctrl Pts',(-8.78684977987958,-90.9999999918871,13.992640830409));
#5068=CARTESIAN_POINT('Ctrl Pts',(-8.02766820315469,-90.9999999918871,13.9905233253859));
#5069=CARTESIAN_POINT('Ctrl Pts',(-7.36543390452903,-90.9999999918871,14.098945627323));
#5070=CARTESIAN_POINT('Ctrl Pts',(-6.78994816191276,-90.9999999918871,14.2793258619504));
#5071=CARTESIAN_POINT('Ctrl Pts',(-6.21783260662201,-90.9999999918871,14.4586497451593));
#5072=CARTESIAN_POINT('Ctrl Pts',(-5.74909843064178,-90.9999999918871,14.6932801621063));
#5073=CARTESIAN_POINT('Ctrl Pts',(-5.37260444727956,-90.9999999918871,14.9642588781455));
#5074=CARTESIAN_POINT('Ctrl Pts',(-4.9873785931964,-90.9999999918871,15.2415222925362));
#5075=CARTESIAN_POINT('Ctrl Pts',(-4.70177630946962,-90.9999999918871,15.5468973648538));
#5076=CARTESIAN_POINT('Ctrl Pts',(-4.51579759609921,-90.9999999918871,15.8803840950982));
#5077=CARTESIAN_POINT('Ctrl Pts',(-4.32981888272881,-90.9999999918871,16.2138708253426));
#5078=CARTESIAN_POINT('Ctrl Pts',(-4.23713808644007,-90.9999999918871,16.5267424403028));
#5079=CARTESIAN_POINT('Ctrl Pts',(-4.23775520723301,-90.9999999918871,16.8189989399786));
#5080=CARTESIAN_POINT('Ctrl Pts',(-4.23828416791267,-90.9999999918871,17.0695045111292));
#5081=CARTESIAN_POINT('Ctrl Pts',(-4.29759554666171,-90.9999999918871,17.2832125720174));
#5082=CARTESIAN_POINT('Ctrl Pts',(-4.40713728383774,-90.9999999918871,17.4666069602787));
#5083=CARTESIAN_POINT('Ctrl Pts',(-4.50705472123838,-90.9999999918871,17.6338883799559));
#5084=CARTESIAN_POINT('Ctrl Pts',(-4.61931490479196,-90.9999999918871,17.7524950962176));
#5085=CARTESIAN_POINT('Ctrl Pts',(-4.74391783449849,-90.9999999918871,17.8224271090638));
#5086=CARTESIAN_POINT('Origin',(-31.3948986075703,-90.4555555474427,14.3479538526148));
#5087=CARTESIAN_POINT('Origin',(-31.3948986075703,-90.9999999918871,14.3479538526148));
#5088=CARTESIAN_POINT('Ctrl Pts',(39.4164787997373,-90.4555555474427,21.9787001463843));
#5089=CARTESIAN_POINT('Ctrl Pts',(39.4164787997373,-90.6370370289242,21.9787001463843));
#5090=CARTESIAN_POINT('Ctrl Pts',(39.4164787997373,-90.8185185104057,21.9787001463843));
#5091=CARTESIAN_POINT('Ctrl Pts',(39.4164787997373,-90.9999999918871,21.9787001463843));
#5092=CARTESIAN_POINT('Ctrl Pts',(38.8627083901255,-90.4555555474427,21.9524109313051));
#5093=CARTESIAN_POINT('Ctrl Pts',(38.8627083901255,-90.6370370289242,21.9524109313051));
#5094=CARTESIAN_POINT('Ctrl Pts',(38.8627083901255,-90.8185185104057,21.9524109313051));
#5095=CARTESIAN_POINT('Ctrl Pts',(38.8627083901255,-90.9999999918871,21.9524109313051));
#5096=CARTESIAN_POINT('Ctrl Pts',(38.3089379805138,-90.4555555474427,21.926121716226));
#5097=CARTESIAN_POINT('Ctrl Pts',(38.3089379805138,-90.6370370289242,21.926121716226));
#5098=CARTESIAN_POINT('Ctrl Pts',(38.3089379805138,-90.8185185104057,21.926121716226));
#5099=CARTESIAN_POINT('Ctrl Pts',(38.3089379805138,-90.9999999918872,21.926121716226));
#5100=CARTESIAN_POINT('Ctrl Pts',(37.0207479606375,-90.4555555474427,21.8649673029392));
#5101=CARTESIAN_POINT('Ctrl Pts',(37.0207479606375,-90.6370370289242,21.8649673029392));
#5102=CARTESIAN_POINT('Ctrl Pts',(37.0207479606375,-90.8185185104057,21.8649673029392));
#5103=CARTESIAN_POINT('Ctrl Pts',(37.0207479606375,-90.9999999918871,21.8649673029392));
#5104=CARTESIAN_POINT('Ctrl Pts',(36.4051138793454,-90.4555555474427,21.7644291212816));
#5105=CARTESIAN_POINT('Ctrl Pts',(36.4051138793454,-90.6370370289242,21.7644291212816));
#5106=CARTESIAN_POINT('Ctrl Pts',(36.4051138793454,-90.8185185104057,21.7644291212816));
#5107=CARTESIAN_POINT('Ctrl Pts',(36.4051138793454,-90.9999999918872,21.7644291212816));
#5108=CARTESIAN_POINT('Ctrl Pts',(35.4067990705379,-90.4555555474427,21.460022393571));
#5109=CARTESIAN_POINT('Ctrl Pts',(35.4067990705379,-90.6370370289242,21.460022393571));
#5110=CARTESIAN_POINT('Ctrl Pts',(35.4067990705379,-90.8185185104057,21.460022393571));
#5111=CARTESIAN_POINT('Ctrl Pts',(35.4067990705379,-90.9999999918871,21.460022393571));
#5112=CARTESIAN_POINT('Ctrl Pts',(35.0123674969049,-90.4555555474427,21.2185964404427));
#5113=CARTESIAN_POINT('Ctrl Pts',(35.0123674969049,-90.6370370289242,21.2185964404427));
#5114=CARTESIAN_POINT('Ctrl Pts',(35.0123674969049,-90.8185185104057,21.2185964404427));
#5115=CARTESIAN_POINT('Ctrl Pts',(35.0123674969049,-90.9999999918872,21.2185964404427));
#5116=CARTESIAN_POINT('Ctrl Pts',(34.4099766587321,-90.4555555474427,20.6296525874397));
#5117=CARTESIAN_POINT('Ctrl Pts',(34.4099766587321,-90.6370370289241,20.6296525874397));
#5118=CARTESIAN_POINT('Ctrl Pts',(34.4099766587321,-90.8185185104056,20.6296525874397));
#5119=CARTESIAN_POINT('Ctrl Pts',(34.4099766587321,-90.9999999918871,20.6296525874397));
#5120=CARTESIAN_POINT('Ctrl Pts',(34.1992230978545,-90.4555555474427,20.2536403106875));
#5121=CARTESIAN_POINT('Ctrl Pts',(34.1992230978545,-90.6370370289241,20.2536403106875));
#5122=CARTESIAN_POINT('Ctrl Pts',(34.1992230978545,-90.8185185104056,20.2536403106875));
#5123=CARTESIAN_POINT('Ctrl Pts',(34.1992230978545,-90.9999999918871,20.2536403106875));
#5124=CARTESIAN_POINT('Ctrl Pts',(33.9272418819232,-90.4555555474427,19.3915514781713));
#5125=CARTESIAN_POINT('Ctrl Pts',(33.9272418819232,-90.6370370289242,19.3915514781713));
#5126=CARTESIAN_POINT('Ctrl Pts',(33.9272418819232,-90.8185185104057,19.3915514781713));
#5127=CARTESIAN_POINT('Ctrl Pts',(33.9272418819232,-90.9999999918871,19.3915514781713));
#5128=CARTESIAN_POINT('Ctrl Pts',(33.8598343120289,-90.4555555474427,18.8976897465415));
#5129=CARTESIAN_POINT('Ctrl Pts',(33.8598343120289,-90.6370370289242,18.8976897465415));
#5130=CARTESIAN_POINT('Ctrl Pts',(33.8598343120289,-90.8185185104057,18.8976897465415));
#5131=CARTESIAN_POINT('Ctrl Pts',(33.8598343120289,-90.9999999918871,18.8976897465415));
#5132=CARTESIAN_POINT('Ctrl Pts',(33.8629199159936,-90.4555555474426,17.4364072481625));
#5133=CARTESIAN_POINT('Ctrl Pts',(33.8629199159936,-90.6370370289241,17.4364072481625));
#5134=CARTESIAN_POINT('Ctrl Pts',(33.8629199159936,-90.8185185104057,17.4364072481625));
#5135=CARTESIAN_POINT('Ctrl Pts',(33.8629199159936,-90.9999999918871,17.4364072481625));
#5136=CARTESIAN_POINT('Ctrl Pts',(34.0457837854825,-90.4555555474428,16.7678601146086));
#5137=CARTESIAN_POINT('Ctrl Pts',(34.0457837854825,-90.6370370289243,16.7678601146086));
#5138=CARTESIAN_POINT('Ctrl Pts',(34.0457837854825,-90.8185185104057,16.7678601146086));
#5139=CARTESIAN_POINT('Ctrl Pts',(34.0457837854825,-90.9999999918872,16.7678601146086));
#5140=CARTESIAN_POINT('Ctrl Pts',(34.7249722939138,-90.4555555474427,15.8683522178709));
#5141=CARTESIAN_POINT('Ctrl Pts',(34.7249722939138,-90.6370370289241,15.8683522178709));
#5142=CARTESIAN_POINT('Ctrl Pts',(34.7249722939138,-90.8185185104057,15.8683522178709));
#5143=CARTESIAN_POINT('Ctrl Pts',(34.7249722939138,-90.9999999918872,15.8683522178709));
#5144=CARTESIAN_POINT('Ctrl Pts',(35.2543804649684,-90.4555555474427,15.6442052881936));
#5145=CARTESIAN_POINT('Ctrl Pts',(35.2543804649684,-90.6370370289242,15.6442052881936));
#5146=CARTESIAN_POINT('Ctrl Pts',(35.2543804649684,-90.8185185104057,15.6442052881936));
#5147=CARTESIAN_POINT('Ctrl Pts',(35.2543804649684,-90.9999999918872,15.6442052881936));
#5148=CARTESIAN_POINT('Ctrl Pts',(36.4989404268124,-90.4555555474427,15.6407339684837));
#5149=CARTESIAN_POINT('Ctrl Pts',(36.4989404268124,-90.6370370289241,15.6407339684837));
#5150=CARTESIAN_POINT('Ctrl Pts',(36.4989404268124,-90.8185185104056,15.6407339684837));
#5151=CARTESIAN_POINT('Ctrl Pts',(36.4989404268124,-90.9999999918871,15.6407339684837));
#5152=CARTESIAN_POINT('Ctrl Pts',(36.9742231341557,-90.4555555474427,15.7226476968038));
#5153=CARTESIAN_POINT('Ctrl Pts',(36.9742231341557,-90.6370370289242,15.7226476968038));
#5154=CARTESIAN_POINT('Ctrl Pts',(36.9742231341557,-90.8185185104057,15.7226476968038));
#5155=CARTESIAN_POINT('Ctrl Pts',(36.9742231341557,-90.9999999918871,15.7226476968038));
#5156=CARTESIAN_POINT('Ctrl Pts',(37.8296351313874,-90.4555555474427,16.1032383582579));
#5157=CARTESIAN_POINT('Ctrl Pts',(37.8296351313874,-90.6370370289242,16.1032383582579));
#5158=CARTESIAN_POINT('Ctrl Pts',(37.8296351313874,-90.8185185104057,16.1032383582579));
#5159=CARTESIAN_POINT('Ctrl Pts',(37.8296351313874,-90.9999999918871,16.1032383582579));
#5160=CARTESIAN_POINT('Ctrl Pts',(38.1962072793951,-90.4555555474427,16.3735953543567));
#5161=CARTESIAN_POINT('Ctrl Pts',(38.1962072793951,-90.6370370289242,16.3735953543567));
#5162=CARTESIAN_POINT('Ctrl Pts',(38.1962072793951,-90.8185185104057,16.3735953543567));
#5163=CARTESIAN_POINT('Ctrl Pts',(38.1962072793951,-90.9999999918871,16.3735953543567));
#5164=CARTESIAN_POINT('Ctrl Pts',(38.792126725859,-90.4555555474427,17.0677779296479));
#5165=CARTESIAN_POINT('Ctrl Pts',(38.792126725859,-90.6370370289242,17.0677779296479));
#5166=CARTESIAN_POINT('Ctrl Pts',(38.792126725859,-90.8185185104057,17.0677779296479));
#5167=CARTESIAN_POINT('Ctrl Pts',(38.792126725859,-90.9999999918871,17.0677779296479));
#5168=CARTESIAN_POINT('Ctrl Pts',(39.0174014128827,-90.4555555474427,17.4932814053821));
#5169=CARTESIAN_POINT('Ctrl Pts',(39.0174014128827,-90.6370370289242,17.4932814053821));
#5170=CARTESIAN_POINT('Ctrl Pts',(39.0174014128827,-90.8185185104057,17.4932814053821));
#5171=CARTESIAN_POINT('Ctrl Pts',(39.0174014128827,-90.9999999918872,17.4932814053821));
#5172=CARTESIAN_POINT('Ctrl Pts',(39.3429731583804,-90.4555555474427,18.4788062741434));
#5173=CARTESIAN_POINT('Ctrl Pts',(39.3429731583804,-90.6370370289241,18.4788062741434));
#5174=CARTESIAN_POINT('Ctrl Pts',(39.3429731583804,-90.8185185104056,18.4788062741434));
#5175=CARTESIAN_POINT('Ctrl Pts',(39.3429731583804,-90.9999999918871,18.4788062741434));
#5176=CARTESIAN_POINT('Ctrl Pts',(39.4227087810755,-90.4555555474427,19.0283011972762));
#5177=CARTESIAN_POINT('Ctrl Pts',(39.4227087810755,-90.6370370289241,19.0283011972762));
#5178=CARTESIAN_POINT('Ctrl Pts',(39.4227087810755,-90.8185185104057,19.0283011972762));
#5179=CARTESIAN_POINT('Ctrl Pts',(39.4227087810755,-90.9999999918871,19.0283011972762));
#5180=CARTESIAN_POINT('Ctrl Pts',(39.4197701106329,-90.4555555474427,20.4199988147801));
#5181=CARTESIAN_POINT('Ctrl Pts',(39.4197701106329,-90.6370370289242,20.4199988147801));
#5182=CARTESIAN_POINT('Ctrl Pts',(39.4197701106329,-90.8185185104057,20.4199988147801));
#5183=CARTESIAN_POINT('Ctrl Pts',(39.4197701106329,-90.9999999918872,20.4199988147801));
#5184=CARTESIAN_POINT('Ctrl Pts',(39.4181244551851,-90.4555555474427,21.1993494805822));
#5185=CARTESIAN_POINT('Ctrl Pts',(39.4181244551851,-90.6370370289242,21.1993494805822));
#5186=CARTESIAN_POINT('Ctrl Pts',(39.4181244551851,-90.8185185104057,21.1993494805822));
#5187=CARTESIAN_POINT('Ctrl Pts',(39.4181244551851,-90.9999999918871,21.1993494805822));
#5188=CARTESIAN_POINT('Ctrl Pts',(39.4164787997373,-90.4555555474427,21.9787001463843));
#5189=CARTESIAN_POINT('Ctrl Pts',(39.4164787997373,-90.6370370289242,21.9787001463843));
#5190=CARTESIAN_POINT('Ctrl Pts',(39.4164787997373,-90.8185185104057,21.9787001463843));
#5191=CARTESIAN_POINT('Ctrl Pts',(39.4164787997373,-90.9999999918871,21.9787001463843));
#5192=CARTESIAN_POINT('',(39.4164787997373,-90.4555555474427,21.9787001463843));
#5193=CARTESIAN_POINT('Ctrl Pts',(39.4164787997373,-90.4555555474427,21.9787001463843));
#5194=CARTESIAN_POINT('Ctrl Pts',(38.8627083901255,-90.4555555474427,21.9524109313051));
#5195=CARTESIAN_POINT('Ctrl Pts',(38.3089379805138,-90.4555555474427,21.926121716226));
#5196=CARTESIAN_POINT('Ctrl Pts',(37.755167570902,-90.4555555474427,21.8998325011468));
#5197=CARTESIAN_POINT('Ctrl Pts',(37.0207479606375,-90.4555555474427,21.8649673029392));
#5198=CARTESIAN_POINT('Ctrl Pts',(36.4051138793454,-90.4555555474427,21.7644291212816));
#5199=CARTESIAN_POINT('Ctrl Pts',(35.9076131483565,-90.4555555474427,21.6127309112402));
#5200=CARTESIAN_POINT('Ctrl Pts',(35.4067990705379,-90.4555555474427,21.460022393571));
#5201=CARTESIAN_POINT('Ctrl Pts',(35.0123674969048,-90.4555555474427,21.2185964404427));
#5202=CARTESIAN_POINT('Ctrl Pts',(34.7142902268552,-90.4555555474427,20.9271730574973));
#5203=CARTESIAN_POINT('Ctrl Pts',(34.4099766587321,-90.4555555474427,20.6296525874397));
#5204=CARTESIAN_POINT('Ctrl Pts',(34.1992230978545,-90.4555555474427,20.2536403106875));
#5205=CARTESIAN_POINT('Ctrl Pts',(34.0632324898889,-90.4555555474427,19.8225958944294));
#5206=CARTESIAN_POINT('Ctrl Pts',(33.9272418819232,-90.4555555474427,19.3915514781713));
#5207=CARTESIAN_POINT('Ctrl Pts',(33.8598343120289,-90.4555555474427,18.8976897465415));
#5208=CARTESIAN_POINT('Ctrl Pts',(33.8610097802059,-90.4555555474427,18.34101069954));
#5209=CARTESIAN_POINT('Ctrl Pts',(33.8629199159936,-90.4555555474427,17.4364072481625));
#5210=CARTESIAN_POINT('Ctrl Pts',(34.0457837854825,-90.4555555474427,16.7678601146086));
#5211=CARTESIAN_POINT('Ctrl Pts',(34.3880007296743,-90.4555555474427,16.3146327117938));
#5212=CARTESIAN_POINT('Ctrl Pts',(34.7249722939138,-90.4555555474427,15.8683522178709));
#5213=CARTESIAN_POINT('Ctrl Pts',(35.2543804649684,-90.4555555474427,15.6442052881936));
#5214=CARTESIAN_POINT('Ctrl Pts',(35.9762252428379,-90.4555555474427,15.6421919227619));
#5215=CARTESIAN_POINT('Ctrl Pts',(36.4989404268125,-90.4555555474427,15.6407339684837));
#5216=CARTESIAN_POINT('Ctrl Pts',(36.9742231341557,-90.4555555474427,15.7226476968038));
#5217=CARTESIAN_POINT('Ctrl Pts',(37.3944505586039,-90.4555555474427,15.9096156537058));
#5218=CARTESIAN_POINT('Ctrl Pts',(37.8296351313874,-90.4555555474427,16.1032383582579));
#5219=CARTESIAN_POINT('Ctrl Pts',(38.1962072793951,-90.4555555474427,16.3735953543567));
#5220=CARTESIAN_POINT('Ctrl Pts',(38.494167002627,-90.4555555474427,16.7206866420023));
#5221=CARTESIAN_POINT('Ctrl Pts',(38.792126725859,-90.4555555474427,17.0677779296479));
#5222=CARTESIAN_POINT('Ctrl Pts',(39.0174014128827,-90.4555555474427,17.4932814053821));
#5223=CARTESIAN_POINT('Ctrl Pts',(39.1822088979956,-90.4555555474427,17.9921633795793));
#5224=CARTESIAN_POINT('Ctrl Pts',(39.3429731583804,-90.4555555474427,18.4788062741434));
#5225=CARTESIAN_POINT('Ctrl Pts',(39.4227087810755,-90.4555555474427,19.0283011972762));
#5226=CARTESIAN_POINT('Ctrl Pts',(39.4214157660808,-90.4555555474427,19.6406481489779));
#5227=CARTESIAN_POINT('Ctrl Pts',(39.4197701106329,-90.4555555474427,20.4199988147801));
#5228=CARTESIAN_POINT('Ctrl Pts',(39.4181244551851,-90.4555555474427,21.1993494805822));
#5229=CARTESIAN_POINT('Ctrl Pts',(39.4164787997373,-90.4555555474427,21.9787001463843));
#5230=CARTESIAN_POINT('',(39.4164787997373,-90.9999999918871,21.9787001463843));
#5231=CARTESIAN_POINT('',(39.4164787997373,-90.4555555474427,21.9787001463843));
#5232=CARTESIAN_POINT('Ctrl Pts',(39.4164787997373,-90.9999999918871,21.9787001463843));
#5233=CARTESIAN_POINT('Ctrl Pts',(39.4181244551851,-90.9999999918871,21.1993494805822));
#5234=CARTESIAN_POINT('Ctrl Pts',(39.4197701106329,-90.9999999918871,20.4199988147801));
#5235=CARTESIAN_POINT('Ctrl Pts',(39.4214157660808,-90.9999999918871,19.6406481489779));
#5236=CARTESIAN_POINT('Ctrl Pts',(39.4227087810755,-90.9999999918871,19.0283011972762));
#5237=CARTESIAN_POINT('Ctrl Pts',(39.3429731583804,-90.9999999918871,18.4788062741434));
#5238=CARTESIAN_POINT('Ctrl Pts',(39.1822088979956,-90.9999999918871,17.9921633795793));
#5239=CARTESIAN_POINT('Ctrl Pts',(39.0174014128827,-90.9999999918871,17.4932814053821));
#5240=CARTESIAN_POINT('Ctrl Pts',(38.792126725859,-90.9999999918871,17.0677779296479));
#5241=CARTESIAN_POINT('Ctrl Pts',(38.494167002627,-90.9999999918871,16.7206866420023));
#5242=CARTESIAN_POINT('Ctrl Pts',(38.1962072793951,-90.9999999918871,16.3735953543567));
#5243=CARTESIAN_POINT('Ctrl Pts',(37.8296351313874,-90.9999999918871,16.1032383582579));
#5244=CARTESIAN_POINT('Ctrl Pts',(37.3944505586039,-90.9999999918871,15.9096156537058));
#5245=CARTESIAN_POINT('Ctrl Pts',(36.9742231341557,-90.9999999918871,15.7226476968038));
#5246=CARTESIAN_POINT('Ctrl Pts',(36.4989404268125,-90.9999999918871,15.6407339684837));
#5247=CARTESIAN_POINT('Ctrl Pts',(35.9762252428379,-90.9999999918871,15.6421919227619));
#5248=CARTESIAN_POINT('Ctrl Pts',(35.2543804649684,-90.9999999918871,15.6442052881936));
#5249=CARTESIAN_POINT('Ctrl Pts',(34.7249722939138,-90.9999999918871,15.8683522178709));
#5250=CARTESIAN_POINT('Ctrl Pts',(34.3880007296743,-90.9999999918871,16.3146327117938));
#5251=CARTESIAN_POINT('Ctrl Pts',(34.0457837854825,-90.9999999918871,16.7678601146086));
#5252=CARTESIAN_POINT('Ctrl Pts',(33.8629199159936,-90.9999999918871,17.4364072481625));
#5253=CARTESIAN_POINT('Ctrl Pts',(33.8610097802059,-90.9999999918871,18.34101069954));
#5254=CARTESIAN_POINT('Ctrl Pts',(33.8598343120289,-90.9999999918871,18.8976897465415));
#5255=CARTESIAN_POINT('Ctrl Pts',(33.9272418819232,-90.9999999918871,19.3915514781713));
#5256=CARTESIAN_POINT('Ctrl Pts',(34.0632324898889,-90.9999999918871,19.8225958944294));
#5257=CARTESIAN_POINT('Ctrl Pts',(34.1992230978545,-90.9999999918871,20.2536403106875));
#5258=CARTESIAN_POINT('Ctrl Pts',(34.4099766587321,-90.9999999918871,20.6296525874397));
#5259=CARTESIAN_POINT('Ctrl Pts',(34.7142902268552,-90.9999999918871,20.9271730574973));
#5260=CARTESIAN_POINT('Ctrl Pts',(35.0123674969048,-90.9999999918871,21.2185964404427));
#5261=CARTESIAN_POINT('Ctrl Pts',(35.4067990705379,-90.9999999918871,21.460022393571));
#5262=CARTESIAN_POINT('Ctrl Pts',(35.9076131483565,-90.9999999918871,21.6127309112402));
#5263=CARTESIAN_POINT('Ctrl Pts',(36.4051138793454,-90.9999999918871,21.7644291212816));
#5264=CARTESIAN_POINT('Ctrl Pts',(37.0207479606375,-90.9999999918871,21.8649673029392));
#5265=CARTESIAN_POINT('Ctrl Pts',(37.755167570902,-90.9999999918871,21.8998325011468));
#5266=CARTESIAN_POINT('Ctrl Pts',(38.3089379805138,-90.9999999918871,21.926121716226));
#5267=CARTESIAN_POINT('Ctrl Pts',(38.8627083901255,-90.9999999918871,21.9524109313051));
#5268=CARTESIAN_POINT('Ctrl Pts',(39.4164787997373,-90.9999999918871,21.9787001463843));
#5269=CARTESIAN_POINT('Ctrl Pts',(43.5561684512047,-90.4555555474427,15.3496705503154));
#5270=CARTESIAN_POINT('Ctrl Pts',(43.5561684512047,-90.6370370289242,15.3496705503154));
#5271=CARTESIAN_POINT('Ctrl Pts',(43.5561684512047,-90.8185185104057,15.3496705503154));
#5272=CARTESIAN_POINT('Ctrl Pts',(43.5561684512047,-90.9999999918871,15.3496705503154));
#5273=CARTESIAN_POINT('Ctrl Pts',(43.5312772519678,-90.4555555474427,15.3497399767096));
#5274=CARTESIAN_POINT('Ctrl Pts',(43.5312772519678,-90.6370370289242,15.3497399767096));
#5275=CARTESIAN_POINT('Ctrl Pts',(43.5312772519678,-90.8185185104057,15.3497399767096));
#5276=CARTESIAN_POINT('Ctrl Pts',(43.5312772519678,-90.9999999918871,15.3497399767096));
#5277=CARTESIAN_POINT('Ctrl Pts',(43.506386052731,-90.4555555474427,15.3498094031038));
#5278=CARTESIAN_POINT('Ctrl Pts',(43.506386052731,-90.6370370289242,15.3498094031038));
#5279=CARTESIAN_POINT('Ctrl Pts',(43.506386052731,-90.8185185104057,15.3498094031038));
#5280=CARTESIAN_POINT('Ctrl Pts',(43.506386052731,-90.9999999918871,15.3498094031038));
#5281=CARTESIAN_POINT('Ctrl Pts',(43.1952460622699,-90.4555555474427,15.3506772330313));
#5282=CARTESIAN_POINT('Ctrl Pts',(43.1952460622699,-90.6370370289242,15.3506772330313));
#5283=CARTESIAN_POINT('Ctrl Pts',(43.1952460622699,-90.8185185104056,15.3506772330313));
#5284=CARTESIAN_POINT('Ctrl Pts',(43.1952460622699,-90.9999999918871,15.3506772330313));
#5285=CARTESIAN_POINT('Ctrl Pts',(42.9493318447553,-90.4555555474427,15.3992569116017));
#5286=CARTESIAN_POINT('Ctrl Pts',(42.9493318447553,-90.6370370289242,15.3992569116017));
#5287=CARTESIAN_POINT('Ctrl Pts',(42.9493318447553,-90.8185185104057,15.3992569116017));
#5288=CARTESIAN_POINT('Ctrl Pts',(42.9493318447553,-90.9999999918871,15.3992569116017));
#5289=CARTESIAN_POINT('Ctrl Pts',(42.5228457357732,-90.4555555474427,15.5125969716876));
#5290=CARTESIAN_POINT('Ctrl Pts',(42.5228457357732,-90.6370370289242,15.5125969716876));
#5291=CARTESIAN_POINT('Ctrl Pts',(42.5228457357732,-90.8185185104057,15.5125969716876));
#5292=CARTESIAN_POINT('Ctrl Pts',(42.5228457357732,-90.9999999918871,15.5125969716876));
#5293=CARTESIAN_POINT('Ctrl Pts',(42.3608980196335,-90.4555555474427,15.630531847558));
#5294=CARTESIAN_POINT('Ctrl Pts',(42.3608980196335,-90.6370370289242,15.630531847558));
#5295=CARTESIAN_POINT('Ctrl Pts',(42.3608980196335,-90.8185185104057,15.630531847558));
#5296=CARTESIAN_POINT('Ctrl Pts',(42.3608980196335,-90.9999999918871,15.630531847558));
#5297=CARTESIAN_POINT('Ctrl Pts',(42.1050071607183,-90.4555555474427,15.9451861252166));
#5298=CARTESIAN_POINT('Ctrl Pts',(42.1050071607183,-90.6370370289242,15.9451861252166));
#5299=CARTESIAN_POINT('Ctrl Pts',(42.1050071607183,-90.8185185104056,15.9451861252166));
#5300=CARTESIAN_POINT('Ctrl Pts',(42.1050071607183,-90.9999999918871,15.9451861252166));
#5301=CARTESIAN_POINT('Ctrl Pts',(41.9993761036281,-90.4555555474427,16.1510965605118));
#5302=CARTESIAN_POINT('Ctrl Pts',(41.9993761036281,-90.6370370289242,16.1510965605118));
#5303=CARTESIAN_POINT('Ctrl Pts',(41.9993761036281,-90.8185185104057,16.1510965605118));
#5304=CARTESIAN_POINT('Ctrl Pts',(41.9993761036281,-90.9999999918871,16.1510965605118));
#5305=CARTESIAN_POINT('Ctrl Pts',(41.8980972716795,-90.4555555474427,16.6833586302457));
#5306=CARTESIAN_POINT('Ctrl Pts',(41.8980972716795,-90.6370370289242,16.6833586302457));
#5307=CARTESIAN_POINT('Ctrl Pts',(41.8980972716795,-90.8185185104057,16.6833586302457));
#5308=CARTESIAN_POINT('Ctrl Pts',(41.8980972716795,-90.9999999918871,16.6833586302457));
#5309=CARTESIAN_POINT('Ctrl Pts',(41.8725007915364,-90.4555555474427,17.0174354848408));
#5310=CARTESIAN_POINT('Ctrl Pts',(41.8725007915364,-90.6370370289242,17.0174354848408));
#5311=CARTESIAN_POINT('Ctrl Pts',(41.8725007915364,-90.8185185104057,17.0174354848408));
#5312=CARTESIAN_POINT('Ctrl Pts',(41.8725007915364,-90.9999999918871,17.0174354848408));
#5313=CARTESIAN_POINT('Ctrl Pts',(41.8663442769592,-90.4555555474427,19.9330419935113));
#5314=CARTESIAN_POINT('Ctrl Pts',(41.8663442769592,-90.6370370289242,19.9330419935113));
#5315=CARTESIAN_POINT('Ctrl Pts',(41.8663442769592,-90.8185185104057,19.9330419935113));
#5316=CARTESIAN_POINT('Ctrl Pts',(41.8663442769592,-90.9999999918871,19.9330419935113));
#5317=CARTESIAN_POINT('Ctrl Pts',(41.8610399768104,-90.4555555474427,22.4450561931057));
#5318=CARTESIAN_POINT('Ctrl Pts',(41.8610399768104,-90.6370370289242,22.4450561931057));
#5319=CARTESIAN_POINT('Ctrl Pts',(41.8610399768104,-90.8185185104057,22.4450561931057));
#5320=CARTESIAN_POINT('Ctrl Pts',(41.8610399768104,-90.9999999918872,22.4450561931057));
#5321=CARTESIAN_POINT('Ctrl Pts',(41.8537961541696,-90.4555555474427,25.8755908202526));
#5322=CARTESIAN_POINT('Ctrl Pts',(41.8537961541696,-90.6370370289241,25.8755908202526));
#5323=CARTESIAN_POINT('Ctrl Pts',(41.8537961541696,-90.8185185104056,25.8755908202526));
#5324=CARTESIAN_POINT('Ctrl Pts',(41.8537961541696,-90.9999999918871,25.8755908202526));
#5325=CARTESIAN_POINT('Ctrl Pts',(41.7525857017743,-90.4555555474427,26.6552191916315));
#5326=CARTESIAN_POINT('Ctrl Pts',(41.7525857017743,-90.6370370289241,26.6552191916315));
#5327=CARTESIAN_POINT('Ctrl Pts',(41.7525857017743,-90.8185185104056,26.6552191916315));
#5328=CARTESIAN_POINT('Ctrl Pts',(41.7525857017743,-90.9999999918871,26.6552191916315));
#5329=CARTESIAN_POINT('Ctrl Pts',(41.3555062049708,-90.4555555474427,27.9242809404501));
#5330=CARTESIAN_POINT('Ctrl Pts',(41.3555062049708,-90.6370370289242,27.9242809404501));
#5331=CARTESIAN_POINT('Ctrl Pts',(41.3555062049708,-90.8185185104057,27.9242809404501));
#5332=CARTESIAN_POINT('Ctrl Pts',(41.3555062049708,-90.9999999918871,27.9242809404501));
#5333=CARTESIAN_POINT('Ctrl Pts',(41.0518706249751,-90.4555555474427,28.4385360810739));
#5334=CARTESIAN_POINT('Ctrl Pts',(41.0518706249751,-90.6370370289242,28.4385360810739));
#5335=CARTESIAN_POINT('Ctrl Pts',(41.0518706249751,-90.8185185104057,28.4385360810739));
#5336=CARTESIAN_POINT('Ctrl Pts',(41.0518706249751,-90.9999999918871,28.4385360810739));
#5337=CARTESIAN_POINT('Ctrl Pts',(40.2597941691041,-90.4555555474427,29.2417098821835));
#5338=CARTESIAN_POINT('Ctrl Pts',(40.2597941691041,-90.6370370289242,29.2417098821835));
#5339=CARTESIAN_POINT('Ctrl Pts',(40.2597941691041,-90.8185185104057,29.2417098821835));
#5340=CARTESIAN_POINT('Ctrl Pts',(40.2597941691041,-90.9999999918871,29.2417098821835));
#5341=CARTESIAN_POINT('Ctrl Pts',(39.7552507950643,-90.4555555474427,29.5207119071376));
#5342=CARTESIAN_POINT('Ctrl Pts',(39.7552507950643,-90.6370370289241,29.5207119071376));
#5343=CARTESIAN_POINT('Ctrl Pts',(39.7552507950643,-90.8185185104057,29.5207119071376));
#5344=CARTESIAN_POINT('Ctrl Pts',(39.7552507950643,-90.9999999918871,29.5207119071376));
#5345=CARTESIAN_POINT('Ctrl Pts',(38.5713032612586,-90.4555555474427,29.882344383774));
#5346=CARTESIAN_POINT('Ctrl Pts',(38.5713032612586,-90.6370370289241,29.882344383774));
#5347=CARTESIAN_POINT('Ctrl Pts',(38.5713032612586,-90.8185185104056,29.882344383774));
#5348=CARTESIAN_POINT('Ctrl Pts',(38.5713032612586,-90.9999999918871,29.882344383774));
#5349=CARTESIAN_POINT('Ctrl Pts',(37.8812329845951,-90.4555555474427,29.9782379689898));
#5350=CARTESIAN_POINT('Ctrl Pts',(37.8812329845951,-90.6370370289241,29.9782379689898));
#5351=CARTESIAN_POINT('Ctrl Pts',(37.8812329845951,-90.8185185104057,29.9782379689898));
#5352=CARTESIAN_POINT('Ctrl Pts',(37.8812329845951,-90.9999999918871,29.9782379689898));
#5353=CARTESIAN_POINT('Ctrl Pts',(36.437543428856,-90.4555555474427,29.9822646998532));
#5354=CARTESIAN_POINT('Ctrl Pts',(36.437543428856,-90.6370370289242,29.9822646998532));
#5355=CARTESIAN_POINT('Ctrl Pts',(36.437543428856,-90.8185185104057,29.9822646998532));
#5356=CARTESIAN_POINT('Ctrl Pts',(36.437543428856,-90.9999999918872,29.9822646998532));
#5357=CARTESIAN_POINT('Ctrl Pts',(35.8340493941793,-90.4555555474427,29.9282803852124));
#5358=CARTESIAN_POINT('Ctrl Pts',(35.8340493941793,-90.6370370289241,29.9282803852124));
#5359=CARTESIAN_POINT('Ctrl Pts',(35.8340493941793,-90.8185185104057,29.9282803852124));
#5360=CARTESIAN_POINT('Ctrl Pts',(35.8340493941793,-90.9999999918872,29.9282803852124));
#5361=CARTESIAN_POINT('Ctrl Pts',(34.7043232273499,-90.4555555474427,29.706753951732));
#5362=CARTESIAN_POINT('Ctrl Pts',(34.7043232273499,-90.6370370289242,29.706753951732));
#5363=CARTESIAN_POINT('Ctrl Pts',(34.7043232273499,-90.8185185104057,29.706753951732));
#5364=CARTESIAN_POINT('Ctrl Pts',(34.7043232273499,-90.9999999918872,29.706753951732));
#5365=CARTESIAN_POINT('Ctrl Pts',(34.2044545918308,-90.4555555474427,29.5640279453938));
#5366=CARTESIAN_POINT('Ctrl Pts',(34.2044545918308,-90.6370370289242,29.5640279453938));
#5367=CARTESIAN_POINT('Ctrl Pts',(34.2044545918308,-90.8185185104057,29.5640279453938));
#5368=CARTESIAN_POINT('Ctrl Pts',(34.2044545918308,-90.9999999918872,29.5640279453938));
#5369=CARTESIAN_POINT('Ctrl Pts',(33.3590941923185,-90.4555555474427,29.1210452051953));
#5370=CARTESIAN_POINT('Ctrl Pts',(33.3590941923185,-90.6370370289242,29.1210452051953));
#5371=CARTESIAN_POINT('Ctrl Pts',(33.3590941923185,-90.8185185104057,29.1210452051953));
#5372=CARTESIAN_POINT('Ctrl Pts',(33.3590941923185,-90.9999999918871,29.1210452051953));
#5373=CARTESIAN_POINT('Ctrl Pts',(33.0236654300613,-90.4555555474427,28.8366844499287));
#5374=CARTESIAN_POINT('Ctrl Pts',(33.0236654300613,-90.6370370289242,28.8366844499287));
#5375=CARTESIAN_POINT('Ctrl Pts',(33.0236654300613,-90.8185185104057,28.8366844499287));
#5376=CARTESIAN_POINT('Ctrl Pts',(33.0236654300613,-90.9999999918871,28.8366844499287));
#5377=CARTESIAN_POINT('Ctrl Pts',(32.5320779891921,-90.4555555474427,28.1488940714366));
#5378=CARTESIAN_POINT('Ctrl Pts',(32.5320779891921,-90.6370370289242,28.1488940714366));
#5379=CARTESIAN_POINT('Ctrl Pts',(32.5320779891921,-90.8185185104057,28.1488940714366));
#5380=CARTESIAN_POINT('Ctrl Pts',(32.5320779891921,-90.9999999918871,28.1488940714366));
#5381=CARTESIAN_POINT('Ctrl Pts',(32.4224194782731,-90.4555555474427,27.7180514578974));
#5382=CARTESIAN_POINT('Ctrl Pts',(32.4224194782731,-90.6370370289241,27.7180514578974));
#5383=CARTESIAN_POINT('Ctrl Pts',(32.4224194782731,-90.8185185104057,27.7180514578974));
#5384=CARTESIAN_POINT('Ctrl Pts',(32.4224194782731,-90.9999999918871,27.7180514578974));
#5385=CARTESIAN_POINT('Ctrl Pts',(32.4248879614449,-90.4555555474427,26.5490254591942));
#5386=CARTESIAN_POINT('Ctrl Pts',(32.4248879614449,-90.6370370289241,26.5490254591942));
#5387=CARTESIAN_POINT('Ctrl Pts',(32.4248879614449,-90.8185185104057,26.5490254591942));
#5388=CARTESIAN_POINT('Ctrl Pts',(32.4248879614449,-90.9999999918871,26.5490254591942));
#5389=CARTESIAN_POINT('Ctrl Pts',(32.6068621550773,-90.4555555474427,26.0654844486214));
#5390=CARTESIAN_POINT('Ctrl Pts',(32.6068621550773,-90.6370370289242,26.0654844486214));
#5391=CARTESIAN_POINT('Ctrl Pts',(32.6068621550773,-90.8185185104057,26.0654844486214));
#5392=CARTESIAN_POINT('Ctrl Pts',(32.6068621550773,-90.9999999918871,26.0654844486214));
#5393=CARTESIAN_POINT('Ctrl Pts',(33.360453162251,-90.4555555474427,25.530482708634));
#5394=CARTESIAN_POINT('Ctrl Pts',(33.360453162251,-90.6370370289242,25.530482708634));
#5395=CARTESIAN_POINT('Ctrl Pts',(33.360453162251,-90.8185185104057,25.530482708634));
#5396=CARTESIAN_POINT('Ctrl Pts',(33.360453162251,-90.9999999918871,25.530482708634));
#5397=CARTESIAN_POINT('Ctrl Pts',(33.9083387191544,-90.4555555474427,25.3967440542988));
#5398=CARTESIAN_POINT('Ctrl Pts',(33.9083387191544,-90.6370370289242,25.3967440542988));
#5399=CARTESIAN_POINT('Ctrl Pts',(33.9083387191544,-90.8185185104057,25.3967440542988));
#5400=CARTESIAN_POINT('Ctrl Pts',(33.9083387191544,-90.9999999918871,25.3967440542988));
#5401=CARTESIAN_POINT('Ctrl Pts',(34.630183497024,-90.4555555474427,25.3947306888671));
#5402=CARTESIAN_POINT('Ctrl Pts',(34.630183497024,-90.6370370289242,25.3947306888671));
#5403=CARTESIAN_POINT('Ctrl Pts',(34.630183497024,-90.8185185104057,25.3947306888671));
#5404=CARTESIAN_POINT('Ctrl Pts',(34.630183497024,-90.9999999918871,25.3947306888671));
#5405=CARTESIAN_POINT('',(34.630183497024,-90.4555555474427,25.3947306888671));
#5406=CARTESIAN_POINT('',(43.5561684512047,-90.4555555474427,15.3496705503154));
#5407=CARTESIAN_POINT('Ctrl Pts',(34.630183497024,-90.4555555474427,25.3947306888671));
#5408=CARTESIAN_POINT('Ctrl Pts',(33.9083387191544,-90.4555555474427,25.3967440542988));
#5409=CARTESIAN_POINT('Ctrl Pts',(33.360453162251,-90.4555555474427,25.530482708634));
#5410=CARTESIAN_POINT('Ctrl Pts',(32.9865268263137,-90.4555555474427,25.7959466518727));
#5411=CARTESIAN_POINT('Ctrl Pts',(32.6068621550773,-90.4555555474427,26.0654844486214));
#5412=CARTESIAN_POINT('Ctrl Pts',(32.4248879614449,-90.4555555474427,26.5490254591942));
#5413=CARTESIAN_POINT('Ctrl Pts',(32.4234773996325,-90.4555555474427,27.217040315596));
#5414=CARTESIAN_POINT('Ctrl Pts',(32.4224194782731,-90.4555555474427,27.7180514578974));
#5415=CARTESIAN_POINT('Ctrl Pts',(32.5320779891921,-90.4555555474427,28.1488940714366));
#5416=CARTESIAN_POINT('Ctrl Pts',(32.7754881053031,-90.4555555474427,28.4894543094947));
#5417=CARTESIAN_POINT('Ctrl Pts',(33.0236654300613,-90.4555555474427,28.8366844499287));
#5418=CARTESIAN_POINT('Ctrl Pts',(33.3590941923185,-90.4555555474427,29.1210452051953));
#5419=CARTESIAN_POINT('Ctrl Pts',(33.7817743920746,-90.4555555474427,29.3425365752945));
#5420=CARTESIAN_POINT('Ctrl Pts',(34.2044545918308,-90.4555555474427,29.5640279453938));
#5421=CARTESIAN_POINT('Ctrl Pts',(34.7043232273499,-90.4555555474427,29.706753951732));
#5422=CARTESIAN_POINT('Ctrl Pts',(35.2742325049849,-90.4555555474427,29.8185066696815));
#5423=CARTESIAN_POINT('Ctrl Pts',(35.8340493941793,-90.4555555474427,29.9282803852124));
#5424=CARTESIAN_POINT('Ctrl Pts',(36.437543428856,-90.4555555474427,29.9822646998532));
#5425=CARTESIAN_POINT('Ctrl Pts',(37.0847146090149,-90.4555555474427,29.9804596136041));
#5426=CARTESIAN_POINT('Ctrl Pts',(37.8812329845951,-90.4555555474427,29.9782379689898));
#5427=CARTESIAN_POINT('Ctrl Pts',(38.5713032612586,-90.4555555474427,29.882344383774));
#5428=CARTESIAN_POINT('Ctrl Pts',(39.1574799862216,-90.4555555474427,29.7032988308739));
#5429=CARTESIAN_POINT('Ctrl Pts',(39.7552507950643,-90.4555555474427,29.5207119071376));
#5430=CARTESIAN_POINT('Ctrl Pts',(40.2597941691041,-90.4555555474427,29.2417098821835));
#5431=CARTESIAN_POINT('Ctrl Pts',(40.6527592227567,-90.4555555474427,28.8432392124572));
#5432=CARTESIAN_POINT('Ctrl Pts',(41.0518706249751,-90.4555555474427,28.4385360810739));
#5433=CARTESIAN_POINT('Ctrl Pts',(41.3555062049708,-90.4555555474427,27.9242809404501));
#5434=CARTESIAN_POINT('Ctrl Pts',(41.5521043194757,-90.4555555474427,27.2959555068368));
#5435=CARTESIAN_POINT('Ctrl Pts',(41.7525857017743,-90.4555555474427,26.6552191916315));
#5436=CARTESIAN_POINT('Ctrl Pts',(41.8537961541696,-90.4555555474427,25.8755908202526));
#5437=CARTESIAN_POINT('Ctrl Pts',(41.8557356766617,-90.4555555474427,24.9570703927001));
#5438=CARTESIAN_POINT('Ctrl Pts',(41.8610399768105,-90.4555555474427,22.4450561931057));
#5439=CARTESIAN_POINT('Ctrl Pts',(41.8663442769593,-90.4555555474427,19.9330419935113));
#5440=CARTESIAN_POINT('Ctrl Pts',(41.871648577108,-90.4555555474427,17.4210277939169));
#5441=CARTESIAN_POINT('Ctrl Pts',(41.8725007915364,-90.4555555474427,17.0174354848408));
#5442=CARTESIAN_POINT('Ctrl Pts',(41.8980972716794,-90.4555555474427,16.6833586302457));
#5443=CARTESIAN_POINT('Ctrl Pts',(41.9484380175373,-90.4555555474427,16.4187972301316));
#5444=CARTESIAN_POINT('Ctrl Pts',(41.9993761036281,-90.4555555474427,16.1510965605118));
#5445=CARTESIAN_POINT('Ctrl Pts',(42.1050071607183,-90.4555555474427,15.9451861252166));
#5446=CARTESIAN_POINT('Ctrl Pts',(42.2297864106514,-90.4555555474427,15.7917522553202));
#5447=CARTESIAN_POINT('Ctrl Pts',(42.3608980196335,-90.4555555474427,15.630531847558));
#5448=CARTESIAN_POINT('Ctrl Pts',(42.5228457357732,-90.4555555474427,15.5125969716876));
#5449=CARTESIAN_POINT('Ctrl Pts',(42.7345384761044,-90.4555555474427,15.4563389426368));
#5450=CARTESIAN_POINT('Ctrl Pts',(42.9493318447553,-90.4555555474427,15.3992569116017));
#5451=CARTESIAN_POINT('Ctrl Pts',(43.1952460622699,-90.4555555474427,15.3506772330313));
#5452=CARTESIAN_POINT('Ctrl Pts',(43.4814948534941,-90.4555555474427,15.349878829498));
#5453=CARTESIAN_POINT('Ctrl Pts',(43.506386052731,-90.4555555474427,15.3498094031038));
#5454=CARTESIAN_POINT('Ctrl Pts',(43.5312772519678,-90.4555555474427,15.3497399767096));
#5455=CARTESIAN_POINT('Ctrl Pts',(43.5561684512047,-90.4555555474427,15.3496705503154));
#5456=CARTESIAN_POINT('',(34.630183497024,-90.9999999918871,25.3947306888671));
#5457=CARTESIAN_POINT('',(34.630183497024,-90.4555555474427,25.3947306888671));
#5458=CARTESIAN_POINT('',(43.5561684512047,-90.9999999918871,15.3496705503154));
#5459=CARTESIAN_POINT('Ctrl Pts',(43.5561684512047,-90.9999999918871,15.3496705503154));
#5460=CARTESIAN_POINT('Ctrl Pts',(43.5312772519678,-90.9999999918871,15.3497399767096));
#5461=CARTESIAN_POINT('Ctrl Pts',(43.506386052731,-90.9999999918871,15.3498094031038));
#5462=CARTESIAN_POINT('Ctrl Pts',(43.4814948534941,-90.9999999918871,15.349878829498));
#5463=CARTESIAN_POINT('Ctrl Pts',(43.1952460622699,-90.9999999918871,15.3506772330313));
#5464=CARTESIAN_POINT('Ctrl Pts',(42.9493318447553,-90.9999999918871,15.3992569116017));
#5465=CARTESIAN_POINT('Ctrl Pts',(42.7345384761044,-90.9999999918871,15.4563389426368));
#5466=CARTESIAN_POINT('Ctrl Pts',(42.5228457357732,-90.9999999918871,15.5125969716876));
#5467=CARTESIAN_POINT('Ctrl Pts',(42.3608980196335,-90.9999999918871,15.630531847558));
#5468=CARTESIAN_POINT('Ctrl Pts',(42.2297864106514,-90.9999999918871,15.7917522553202));
#5469=CARTESIAN_POINT('Ctrl Pts',(42.1050071607183,-90.9999999918871,15.9451861252166));
#5470=CARTESIAN_POINT('Ctrl Pts',(41.9993761036281,-90.9999999918871,16.1510965605118));
#5471=CARTESIAN_POINT('Ctrl Pts',(41.9484380175373,-90.9999999918871,16.4187972301316));
#5472=CARTESIAN_POINT('Ctrl Pts',(41.8980972716794,-90.9999999918871,16.6833586302457));
#5473=CARTESIAN_POINT('Ctrl Pts',(41.8725007915364,-90.9999999918871,17.0174354848408));
#5474=CARTESIAN_POINT('Ctrl Pts',(41.871648577108,-90.9999999918871,17.4210277939169));
#5475=CARTESIAN_POINT('Ctrl Pts',(41.8663442769593,-90.9999999918871,19.9330419935113));
#5476=CARTESIAN_POINT('Ctrl Pts',(41.8610399768105,-90.9999999918871,22.4450561931057));
#5477=CARTESIAN_POINT('Ctrl Pts',(41.8557356766617,-90.9999999918871,24.9570703927001));
#5478=CARTESIAN_POINT('Ctrl Pts',(41.8537961541696,-90.9999999918871,25.8755908202526));
#5479=CARTESIAN_POINT('Ctrl Pts',(41.7525857017743,-90.9999999918871,26.6552191916315));
#5480=CARTESIAN_POINT('Ctrl Pts',(41.5521043194757,-90.9999999918871,27.2959555068368));
#5481=CARTESIAN_POINT('Ctrl Pts',(41.3555062049708,-90.9999999918871,27.9242809404501));
#5482=CARTESIAN_POINT('Ctrl Pts',(41.0518706249751,-90.9999999918871,28.4385360810739));
#5483=CARTESIAN_POINT('Ctrl Pts',(40.6527592227567,-90.9999999918871,28.8432392124572));
#5484=CARTESIAN_POINT('Ctrl Pts',(40.2597941691041,-90.9999999918871,29.2417098821835));
#5485=CARTESIAN_POINT('Ctrl Pts',(39.7552507950643,-90.9999999918871,29.5207119071376));
#5486=CARTESIAN_POINT('Ctrl Pts',(39.1574799862216,-90.9999999918871,29.7032988308739));
#5487=CARTESIAN_POINT('Ctrl Pts',(38.5713032612586,-90.9999999918871,29.882344383774));
#5488=CARTESIAN_POINT('Ctrl Pts',(37.8812329845951,-90.9999999918871,29.9782379689898));
#5489=CARTESIAN_POINT('Ctrl Pts',(37.0847146090149,-90.9999999918871,29.9804596136041));
#5490=CARTESIAN_POINT('Ctrl Pts',(36.437543428856,-90.9999999918871,29.9822646998532));
#5491=CARTESIAN_POINT('Ctrl Pts',(35.8340493941793,-90.9999999918871,29.9282803852124));
#5492=CARTESIAN_POINT('Ctrl Pts',(35.2742325049849,-90.9999999918871,29.8185066696815));
#5493=CARTESIAN_POINT('Ctrl Pts',(34.7043232273499,-90.9999999918871,29.706753951732));
#5494=CARTESIAN_POINT('Ctrl Pts',(34.2044545918308,-90.9999999918871,29.5640279453938));
#5495=CARTESIAN_POINT('Ctrl Pts',(33.7817743920746,-90.9999999918871,29.3425365752945));
#5496=CARTESIAN_POINT('Ctrl Pts',(33.3590941923185,-90.9999999918871,29.1210452051953));
#5497=CARTESIAN_POINT('Ctrl Pts',(33.0236654300613,-90.9999999918871,28.8366844499287));
#5498=CARTESIAN_POINT('Ctrl Pts',(32.7754881053031,-90.9999999918871,28.4894543094947));
#5499=CARTESIAN_POINT('Ctrl Pts',(32.5320779891921,-90.9999999918871,28.1488940714366));
#5500=CARTESIAN_POINT('Ctrl Pts',(32.4224194782731,-90.9999999918871,27.7180514578974));
#5501=CARTESIAN_POINT('Ctrl Pts',(32.4234773996325,-90.9999999918871,27.217040315596));
#5502=CARTESIAN_POINT('Ctrl Pts',(32.4248879614449,-90.9999999918871,26.5490254591942));
#5503=CARTESIAN_POINT('Ctrl Pts',(32.6068621550773,-90.9999999918871,26.0654844486214));
#5504=CARTESIAN_POINT('Ctrl Pts',(32.9865268263137,-90.9999999918871,25.7959466518727));
#5505=CARTESIAN_POINT('Ctrl Pts',(33.360453162251,-90.9999999918871,25.530482708634));
#5506=CARTESIAN_POINT('Ctrl Pts',(33.9083387191544,-90.9999999918871,25.3967440542988));
#5507=CARTESIAN_POINT('Ctrl Pts',(34.630183497024,-90.9999999918871,25.3947306888671));
#5508=CARTESIAN_POINT('',(43.5561684512047,-90.4555555474427,15.3496705503154));
#5509=CARTESIAN_POINT('Origin',(43.5587250944897,-90.4555555474427,14.1388936230871));
#5510=CARTESIAN_POINT('',(43.5587250944897,-90.4555555474427,14.1388936230871));
#5511=CARTESIAN_POINT('',(43.5561684512047,-90.4555555474427,15.3496705503154));
#5512=CARTESIAN_POINT('',(43.5587250944897,-90.9999999918871,14.1388936230871));
#5513=CARTESIAN_POINT('',(43.5561684512047,-90.9999999918871,15.3496705503154));
#5514=CARTESIAN_POINT('',(43.5587250944897,-90.4555555474427,14.1388936230871));
#5515=CARTESIAN_POINT('Origin',(40.0490660020894,-90.4555555474427,14.148682744669));
#5516=CARTESIAN_POINT('',(40.0490660020894,-90.4555555474427,14.148682744669));
#5517=CARTESIAN_POINT('',(43.5587250944897,-90.4555555474427,14.1388936230871));
#5518=CARTESIAN_POINT('',(40.0490660020894,-90.9999999918871,14.148682744669));
#5519=CARTESIAN_POINT('',(43.5587250944897,-90.9999999918871,14.1388936230871));
#5520=CARTESIAN_POINT('',(40.0490660020894,-90.4555555474427,14.148682744669));
#5521=CARTESIAN_POINT('Origin',(39.6331597679976,-90.4555555474427,16.613133063155));
#5522=CARTESIAN_POINT('',(39.6331597679976,-90.4555555474427,16.613133063155));
#5523=CARTESIAN_POINT('',(40.0490660020894,-90.4555555474427,14.148682744669));
#5524=CARTESIAN_POINT('',(39.6331597679976,-90.9999999918871,16.613133063155));
#5525=CARTESIAN_POINT('',(40.0490660020894,-90.9999999918871,14.148682744669));
#5526=CARTESIAN_POINT('',(39.6331597679976,-90.4555555474427,16.613133063155));
#5527=CARTESIAN_POINT('Origin',(39.4278073742933,-90.4555555474427,16.6137058309071));
#5528=CARTESIAN_POINT('',(39.4278073742933,-90.4555555474427,16.6137058309071));
#5529=CARTESIAN_POINT('',(39.6331597679976,-90.4555555474427,16.613133063155));
#5530=CARTESIAN_POINT('',(39.4278073742933,-90.9999999918871,16.6137058309071));
#5531=CARTESIAN_POINT('',(39.6331597679976,-90.9999999918871,16.613133063155));
#5532=CARTESIAN_POINT('',(39.4278073742933,-90.4555555474427,16.6137058309071));
#5533=CARTESIAN_POINT('Ctrl Pts',(39.4138780763956,-90.4555555474427,23.2103525378752));
#5534=CARTESIAN_POINT('Ctrl Pts',(39.4138780763956,-90.6370370289242,23.2103525378752));
#5535=CARTESIAN_POINT('Ctrl Pts',(39.4138780763956,-90.8185185104057,23.2103525378752));
#5536=CARTESIAN_POINT('Ctrl Pts',(39.4138780763956,-90.9999999918871,23.2103525378752));
#5537=CARTESIAN_POINT('Ctrl Pts',(38.6921067652871,-90.4555555474427,23.1775734628693));
#5538=CARTESIAN_POINT('Ctrl Pts',(38.6921067652871,-90.6370370289242,23.1775734628693));
#5539=CARTESIAN_POINT('Ctrl Pts',(38.6921067652871,-90.8185185104057,23.1775734628693));
#5540=CARTESIAN_POINT('Ctrl Pts',(38.6921067652871,-90.9999999918871,23.1775734628693));
#5541=CARTESIAN_POINT('Ctrl Pts',(37.9703354541787,-90.4555555474427,23.1447943878635));
#5542=CARTESIAN_POINT('Ctrl Pts',(37.9703354541787,-90.6370370289242,23.1447943878635));
#5543=CARTESIAN_POINT('Ctrl Pts',(37.9703354541787,-90.8185185104057,23.1447943878635));
#5544=CARTESIAN_POINT('Ctrl Pts',(37.9703354541787,-90.9999999918871,23.1447943878635));
#5545=CARTESIAN_POINT('Ctrl Pts',(35.2711252696574,-90.4555555474427,23.0222103896728));
#5546=CARTESIAN_POINT('Ctrl Pts',(35.2711252696574,-90.6370370289241,23.0222103896728));
#5547=CARTESIAN_POINT('Ctrl Pts',(35.2711252696574,-90.8185185104057,23.0222103896728));
#5548=CARTESIAN_POINT('Ctrl Pts',(35.2711252696574,-90.9999999918871,23.0222103896728));
#5549=CARTESIAN_POINT('Ctrl Pts',(33.7915217428032,-90.4555555474427,22.6593514322677));
#5550=CARTESIAN_POINT('Ctrl Pts',(33.7915217428032,-90.6370370289242,22.6593514322677));
#5551=CARTESIAN_POINT('Ctrl Pts',(33.7915217428032,-90.8185185104057,22.6593514322677));
#5552=CARTESIAN_POINT('Ctrl Pts',(33.7915217428032,-90.9999999918872,22.6593514322677));
#5553=CARTESIAN_POINT('Ctrl Pts',(31.8388424476679,-90.4555555474427,21.1787388890902));
#5554=CARTESIAN_POINT('Ctrl Pts',(31.8388424476679,-90.6370370289242,21.1787388890902));
#5555=CARTESIAN_POINT('Ctrl Pts',(31.8388424476679,-90.8185185104057,21.1787388890902));
#5556=CARTESIAN_POINT('Ctrl Pts',(31.8388424476679,-90.9999999918871,21.1787388890902));
#5557=CARTESIAN_POINT('Ctrl Pts',(31.3558737723116,-90.4555555474427,20.038900657424));
#5558=CARTESIAN_POINT('Ctrl Pts',(31.3558737723116,-90.6370370289242,20.038900657424));
#5559=CARTESIAN_POINT('Ctrl Pts',(31.3558737723116,-90.8185185104057,20.038900657424));
#5560=CARTESIAN_POINT('Ctrl Pts',(31.3558737723116,-90.9999999918871,20.038900657424));
#5561=CARTESIAN_POINT('Ctrl Pts',(31.3608107386551,-90.4555555474427,17.7008486600176));
#5562=CARTESIAN_POINT('Ctrl Pts',(31.3608107386551,-90.6370370289242,17.7008486600176));
#5563=CARTESIAN_POINT('Ctrl Pts',(31.3608107386551,-90.8185185104057,17.7008486600176));
#5564=CARTESIAN_POINT('Ctrl Pts',(31.3608107386551,-90.9999999918871,17.7008486600176));
#5565=CARTESIAN_POINT('Ctrl Pts',(31.4659456594902,-90.4555555474427,17.020410051993));
#5566=CARTESIAN_POINT('Ctrl Pts',(31.4659456594902,-90.6370370289242,17.020410051993));
#5567=CARTESIAN_POINT('Ctrl Pts',(31.4659456594902,-90.8185185104057,17.020410051993));
#5568=CARTESIAN_POINT('Ctrl Pts',(31.4659456594902,-90.9999999918872,17.020410051993));
#5569=CARTESIAN_POINT('Ctrl Pts',(31.8625137683769,-90.4555555474427,15.8624192770286));
#5570=CARTESIAN_POINT('Ctrl Pts',(31.8625137683769,-90.6370370289242,15.8624192770286));
#5571=CARTESIAN_POINT('Ctrl Pts',(31.8625137683769,-90.8185185104057,15.8624192770286));
#5572=CARTESIAN_POINT('Ctrl Pts',(31.8625137683769,-90.9999999918871,15.8624192770286));
#5573=CARTESIAN_POINT('Ctrl Pts',(32.1373164317378,-90.4555555474427,15.3671696689763));
#5574=CARTESIAN_POINT('Ctrl Pts',(32.1373164317378,-90.6370370289242,15.3671696689763));
#5575=CARTESIAN_POINT('Ctrl Pts',(32.1373164317378,-90.8185185104057,15.3671696689763));
#5576=CARTESIAN_POINT('Ctrl Pts',(32.1373164317378,-90.9999999918871,15.3671696689763));
#5577=CARTESIAN_POINT('Ctrl Pts',(32.8670293410596,-90.4555555474427,14.6070970089087));
#5578=CARTESIAN_POINT('Ctrl Pts',(32.8670293410596,-90.6370370289242,14.6070970089087));
#5579=CARTESIAN_POINT('Ctrl Pts',(32.8670293410596,-90.8185185104057,14.6070970089087));
#5580=CARTESIAN_POINT('Ctrl Pts',(32.8670293410596,-90.9999999918871,14.6070970089087));
#5581=CARTESIAN_POINT('Ctrl Pts',(33.2967630125917,-90.4555555474427,14.3551125503723));
#5582=CARTESIAN_POINT('Ctrl Pts',(33.2967630125917,-90.6370370289242,14.3551125503723));
#5583=CARTESIAN_POINT('Ctrl Pts',(33.2967630125917,-90.8185185104057,14.3551125503723));
#5584=CARTESIAN_POINT('Ctrl Pts',(33.2967630125917,-90.9999999918872,14.3551125503723));
#5585=CARTESIAN_POINT('Ctrl Pts',(34.2747191929948,-90.4555555474427,13.9699520016723));
#5586=CARTESIAN_POINT('Ctrl Pts',(34.2747191929948,-90.6370370289242,13.9699520016723));
#5587=CARTESIAN_POINT('Ctrl Pts',(34.2747191929948,-90.8185185104057,13.9699520016723));
#5588=CARTESIAN_POINT('Ctrl Pts',(34.2747191929948,-90.9999999918871,13.9699520016723));
#5589=CARTESIAN_POINT('Ctrl Pts',(34.8100856835187,-90.4555555474427,13.8710405009718));
#5590=CARTESIAN_POINT('Ctrl Pts',(34.8100856835187,-90.6370370289242,13.8710405009718));
#5591=CARTESIAN_POINT('Ctrl Pts',(34.8100856835187,-90.8185185104057,13.8710405009718));
#5592=CARTESIAN_POINT('Ctrl Pts',(34.8100856835187,-90.9999999918872,13.8710405009718));
#5593=CARTESIAN_POINT('Ctrl Pts',(35.9301896491784,-90.4555555474427,13.8679163132329));
#5594=CARTESIAN_POINT('Ctrl Pts',(35.9301896491784,-90.6370370289242,13.8679163132329));
#5595=CARTESIAN_POINT('Ctrl Pts',(35.9301896491784,-90.8185185104057,13.8679163132329));
#5596=CARTESIAN_POINT('Ctrl Pts',(35.9301896491784,-90.9999999918872,13.8679163132329));
#5597=CARTESIAN_POINT('Ctrl Pts',(36.3859050160656,-90.4555555474427,13.9526968357119));
#5598=CARTESIAN_POINT('Ctrl Pts',(36.3859050160656,-90.6370370289242,13.9526968357119));
#5599=CARTESIAN_POINT('Ctrl Pts',(36.3859050160656,-90.8185185104057,13.9526968357119));
#5600=CARTESIAN_POINT('Ctrl Pts',(36.3859050160656,-90.9999999918871,13.9526968357119));
#5601=CARTESIAN_POINT('Ctrl Pts',(37.1491531308794,-90.4555555474427,14.1985218481181));
#5602=CARTESIAN_POINT('Ctrl Pts',(37.1491531308794,-90.6370370289242,14.1985218481181));
#5603=CARTESIAN_POINT('Ctrl Pts',(37.1491531308794,-90.8185185104057,14.1985218481181));
#5604=CARTESIAN_POINT('Ctrl Pts',(37.1491531308794,-90.9999999918872,14.1985218481181));
#5605=CARTESIAN_POINT('Ctrl Pts',(37.4955060008794,-90.4555555474427,14.3881294126582));
#5606=CARTESIAN_POINT('Ctrl Pts',(37.4955060008794,-90.6370370289242,14.3881294126582));
#5607=CARTESIAN_POINT('Ctrl Pts',(37.4955060008794,-90.8185185104057,14.3881294126582));
#5608=CARTESIAN_POINT('Ctrl Pts',(37.4955060008794,-90.9999999918872,14.3881294126582));
#5609=CARTESIAN_POINT('Ctrl Pts',(38.1060390463347,-90.4555555474427,14.8708222764309));
#5610=CARTESIAN_POINT('Ctrl Pts',(38.1060390463347,-90.6370370289242,14.8708222764309));
#5611=CARTESIAN_POINT('Ctrl Pts',(38.1060390463347,-90.8185185104057,14.8708222764309));
#5612=CARTESIAN_POINT('Ctrl Pts',(38.1060390463347,-90.9999999918871,14.8708222764309));
#5613=CARTESIAN_POINT('Ctrl Pts',(38.3866724884607,-90.4555555474427,15.1611509005124));
#5614=CARTESIAN_POINT('Ctrl Pts',(38.3866724884607,-90.6370370289242,15.1611509005124));
#5615=CARTESIAN_POINT('Ctrl Pts',(38.3866724884607,-90.8185185104057,15.1611509005124));
#5616=CARTESIAN_POINT('Ctrl Pts',(38.3866724884607,-90.9999999918871,15.1611509005124));
#5617=CARTESIAN_POINT('Ctrl Pts',(38.8942775527959,-90.4555555474427,15.8428063206678));
#5618=CARTESIAN_POINT('Ctrl Pts',(38.8942775527959,-90.6370370289242,15.8428063206678));
#5619=CARTESIAN_POINT('Ctrl Pts',(38.8942775527959,-90.8185185104057,15.8428063206678));
#5620=CARTESIAN_POINT('Ctrl Pts',(38.8942775527959,-90.9999999918871,15.8428063206678));
#5621=CARTESIAN_POINT('Ctrl Pts',(39.1548563971159,-90.4555555474427,16.2108772121672));
#5622=CARTESIAN_POINT('Ctrl Pts',(39.1548563971159,-90.6370370289242,16.2108772121672));
#5623=CARTESIAN_POINT('Ctrl Pts',(39.1548563971159,-90.8185185104057,16.2108772121672));
#5624=CARTESIAN_POINT('Ctrl Pts',(39.1548563971159,-90.9999999918871,16.2108772121672));
#5625=CARTESIAN_POINT('Ctrl Pts',(39.4278073742933,-90.4555555474427,16.6137058309071));
#5626=CARTESIAN_POINT('Ctrl Pts',(39.4278073742933,-90.6370370289242,16.6137058309071));
#5627=CARTESIAN_POINT('Ctrl Pts',(39.4278073742933,-90.8185185104057,16.6137058309071));
#5628=CARTESIAN_POINT('Ctrl Pts',(39.4278073742933,-90.9999999918871,16.6137058309071));
#5629=CARTESIAN_POINT('',(39.4138780763956,-90.4555555474427,23.2103525378752));
#5630=CARTESIAN_POINT('Ctrl Pts',(39.4278073742933,-90.4555555474427,16.6137058309071));
#5631=CARTESIAN_POINT('Ctrl Pts',(39.1548563971159,-90.4555555474427,16.2108772121672));
#5632=CARTESIAN_POINT('Ctrl Pts',(38.8942775527959,-90.4555555474427,15.8428063206678));
#5633=CARTESIAN_POINT('Ctrl Pts',(38.6460708413333,-90.4555555474427,15.5094931564088));
#5634=CARTESIAN_POINT('Ctrl Pts',(38.3866724884607,-90.4555555474427,15.1611509005124));
#5635=CARTESIAN_POINT('Ctrl Pts',(38.1060390463347,-90.4555555474427,14.8708222764309));
#5636=CARTESIAN_POINT('Ctrl Pts',(37.8078442294674,-90.4555555474427,14.6350667981856));
#5637=CARTESIAN_POINT('Ctrl Pts',(37.4955060008794,-90.4555555474427,14.3881294126582));
#5638=CARTESIAN_POINT('Ctrl Pts',(37.1491531308794,-90.4555555474427,14.1985218481181));
#5639=CARTESIAN_POINT('Ctrl Pts',(36.7636040230476,-90.4555555474427,14.0743451716529));
#5640=CARTESIAN_POINT('Ctrl Pts',(36.3859050160656,-90.4555555474427,13.9526968357119));
#5641=CARTESIAN_POINT('Ctrl Pts',(35.9301896491784,-90.4555555474427,13.8679163132329));
#5642=CARTESIAN_POINT('Ctrl Pts',(35.382583265967,-90.4555555474427,13.8694436939053));
#5643=CARTESIAN_POINT('Ctrl Pts',(34.8100856835187,-90.4555555474427,13.8710405009718));
#5644=CARTESIAN_POINT('Ctrl Pts',(34.2747191929948,-90.4555555474427,13.9699520016723));
#5645=CARTESIAN_POINT('Ctrl Pts',(33.7764837943952,-90.4555555474427,14.1661781960068));
#5646=CARTESIAN_POINT('Ctrl Pts',(33.2967630125917,-90.4555555474427,14.3551125503723));
#5647=CARTESIAN_POINT('Ctrl Pts',(32.8670293410596,-90.4555555474427,14.6070970089087));
#5648=CARTESIAN_POINT('Ctrl Pts',(32.5053135111054,-90.4555555474427,14.9838620483506));
#5649=CARTESIAN_POINT('Ctrl Pts',(32.1373164317378,-90.4555555474427,15.3671696689763));
#5650=CARTESIAN_POINT('Ctrl Pts',(31.8625137683769,-90.4555555474427,15.8624192770286));
#5651=CARTESIAN_POINT('Ctrl Pts',(31.6621499328959,-90.4555555474427,16.4474876875338));
#5652=CARTESIAN_POINT('Ctrl Pts',(31.4659456594902,-90.4555555474427,17.020410051993));
#5653=CARTESIAN_POINT('Ctrl Pts',(31.3608107386551,-90.4555555474427,17.7008486600176));
#5654=CARTESIAN_POINT('Ctrl Pts',(31.3591356965028,-90.4555555474427,18.4941163019948));
#5655=CARTESIAN_POINT('Ctrl Pts',(31.3558737723116,-90.4555555474427,20.038900657424));
#5656=CARTESIAN_POINT('Ctrl Pts',(31.8388424476679,-90.4555555474427,21.1787388890903));
#5657=CARTESIAN_POINT('Ctrl Pts',(32.8080417225718,-90.4555555474427,21.9136309969936));
#5658=CARTESIAN_POINT('Ctrl Pts',(33.7915217428032,-90.4555555474427,22.6593514322677));
#5659=CARTESIAN_POINT('Ctrl Pts',(35.2711252696574,-90.4555555474427,23.0222103896728));
#5660=CARTESIAN_POINT('Ctrl Pts',(37.2485641430701,-90.4555555474427,23.1120153128576));
#5661=CARTESIAN_POINT('Ctrl Pts',(37.9703354541786,-90.4555555474427,23.1447943878635));
#5662=CARTESIAN_POINT('Ctrl Pts',(38.6921067652871,-90.4555555474427,23.1775734628693));
#5663=CARTESIAN_POINT('Ctrl Pts',(39.4138780763956,-90.4555555474427,23.2103525378752));
#5664=CARTESIAN_POINT('',(39.4138780763956,-90.9999999918871,23.2103525378752));
#5665=CARTESIAN_POINT('Ctrl Pts',(39.4138780763956,-90.9999999918871,23.2103525378752));
#5666=CARTESIAN_POINT('Ctrl Pts',(38.6921067652871,-90.9999999918871,23.1775734628693));
#5667=CARTESIAN_POINT('Ctrl Pts',(37.9703354541786,-90.9999999918871,23.1447943878635));
#5668=CARTESIAN_POINT('Ctrl Pts',(37.2485641430701,-90.9999999918871,23.1120153128576));
#5669=CARTESIAN_POINT('Ctrl Pts',(35.2711252696574,-90.9999999918871,23.0222103896728));
#5670=CARTESIAN_POINT('Ctrl Pts',(33.7915217428032,-90.9999999918871,22.6593514322677));
#5671=CARTESIAN_POINT('Ctrl Pts',(32.8080417225718,-90.9999999918871,21.9136309969936));
#5672=CARTESIAN_POINT('Ctrl Pts',(31.8388424476679,-90.9999999918871,21.1787388890903));
#5673=CARTESIAN_POINT('Ctrl Pts',(31.3558737723116,-90.9999999918871,20.038900657424));
#5674=CARTESIAN_POINT('Ctrl Pts',(31.3591356965028,-90.9999999918871,18.4941163019948));
#5675=CARTESIAN_POINT('Ctrl Pts',(31.3608107386551,-90.9999999918871,17.7008486600176));
#5676=CARTESIAN_POINT('Ctrl Pts',(31.4659456594902,-90.9999999918871,17.020410051993));
#5677=CARTESIAN_POINT('Ctrl Pts',(31.6621499328959,-90.9999999918871,16.4474876875338));
#5678=CARTESIAN_POINT('Ctrl Pts',(31.8625137683769,-90.9999999918871,15.8624192770286));
#5679=CARTESIAN_POINT('Ctrl Pts',(32.1373164317378,-90.9999999918871,15.3671696689763));
#5680=CARTESIAN_POINT('Ctrl Pts',(32.5053135111054,-90.9999999918871,14.9838620483506));
#5681=CARTESIAN_POINT('Ctrl Pts',(32.8670293410596,-90.9999999918871,14.6070970089087));
#5682=CARTESIAN_POINT('Ctrl Pts',(33.2967630125917,-90.9999999918871,14.3551125503723));
#5683=CARTESIAN_POINT('Ctrl Pts',(33.7764837943952,-90.9999999918871,14.1661781960068));
#5684=CARTESIAN_POINT('Ctrl Pts',(34.2747191929948,-90.9999999918871,13.9699520016723));
#5685=CARTESIAN_POINT('Ctrl Pts',(34.8100856835187,-90.9999999918871,13.8710405009718));
#5686=CARTESIAN_POINT('Ctrl Pts',(35.382583265967,-90.9999999918871,13.8694436939053));
#5687=CARTESIAN_POINT('Ctrl Pts',(35.9301896491784,-90.9999999918871,13.8679163132329));
#5688=CARTESIAN_POINT('Ctrl Pts',(36.3859050160656,-90.9999999918871,13.9526968357119));
#5689=CARTESIAN_POINT('Ctrl Pts',(36.7636040230476,-90.9999999918871,14.0743451716529));
#5690=CARTESIAN_POINT('Ctrl Pts',(37.1491531308794,-90.9999999918871,14.1985218481181));
#5691=CARTESIAN_POINT('Ctrl Pts',(37.4955060008794,-90.9999999918871,14.3881294126582));
#5692=CARTESIAN_POINT('Ctrl Pts',(37.8078442294674,-90.9999999918871,14.6350667981856));
#5693=CARTESIAN_POINT('Ctrl Pts',(38.1060390463347,-90.9999999918871,14.8708222764309));
#5694=CARTESIAN_POINT('Ctrl Pts',(38.3866724884607,-90.9999999918871,15.1611509005124));
#5695=CARTESIAN_POINT('Ctrl Pts',(38.6460708413333,-90.9999999918871,15.5094931564088));
#5696=CARTESIAN_POINT('Ctrl Pts',(38.8942775527959,-90.9999999918871,15.8428063206678));
#5697=CARTESIAN_POINT('Ctrl Pts',(39.1548563971159,-90.9999999918871,16.2108772121672));
#5698=CARTESIAN_POINT('Ctrl Pts',(39.4278073742933,-90.9999999918871,16.6137058309071));
#5699=CARTESIAN_POINT('',(39.4138780763956,-90.4555555474427,23.2103525378752));
#5700=CARTESIAN_POINT('Ctrl Pts',(34.630183497024,-90.4555555474427,25.3947306888671));
#5701=CARTESIAN_POINT('Ctrl Pts',(34.630183497024,-90.6370370289242,25.3947306888671));
#5702=CARTESIAN_POINT('Ctrl Pts',(34.630183497024,-90.8185185104057,25.3947306888671));
#5703=CARTESIAN_POINT('Ctrl Pts',(34.630183497024,-90.9999999918871,25.3947306888671));
#5704=CARTESIAN_POINT('Ctrl Pts',(34.6292431224824,-90.4555555474427,25.8400739264683));
#5705=CARTESIAN_POINT('Ctrl Pts',(34.6292431224824,-90.6370370289242,25.8400739264683));
#5706=CARTESIAN_POINT('Ctrl Pts',(34.6292431224824,-90.8185185104057,25.8400739264683));
#5707=CARTESIAN_POINT('Ctrl Pts',(34.6292431224824,-90.9999999918871,25.8400739264683));
#5708=CARTESIAN_POINT('Ctrl Pts',(34.6389314780582,-90.4555555474427,26.2601782483606));
#5709=CARTESIAN_POINT('Ctrl Pts',(34.6389314780582,-90.6370370289242,26.2601782483606));
#5710=CARTESIAN_POINT('Ctrl Pts',(34.6389314780582,-90.8185185104057,26.2601782483606));
#5711=CARTESIAN_POINT('Ctrl Pts',(34.6389314780582,-90.9999999918871,26.2601782483606));
#5712=CARTESIAN_POINT('Ctrl Pts',(34.7636468484091,-90.4555555474427,27.0226350561784));
#5713=CARTESIAN_POINT('Ctrl Pts',(34.7636468484091,-90.6370370289242,27.0226350561784));
#5714=CARTESIAN_POINT('Ctrl Pts',(34.7636468484091,-90.8185185104057,27.0226350561784));
#5715=CARTESIAN_POINT('Ctrl Pts',(34.7636468484091,-90.9999999918871,27.0226350561784));
#5716=CARTESIAN_POINT('Ctrl Pts',(34.8752718270288,-90.4555555474427,27.3608315827655));
#5717=CARTESIAN_POINT('Ctrl Pts',(34.8752718270288,-90.6370370289241,27.3608315827655));
#5718=CARTESIAN_POINT('Ctrl Pts',(34.8752718270288,-90.8185185104057,27.3608315827655));
#5719=CARTESIAN_POINT('Ctrl Pts',(34.8752718270288,-90.9999999918871,27.3608315827655));
#5720=CARTESIAN_POINT('Ctrl Pts',(35.228446698313,-90.4555555474427,27.9259367626647));
#5721=CARTESIAN_POINT('Ctrl Pts',(35.228446698313,-90.6370370289242,27.9259367626647));
#5722=CARTESIAN_POINT('Ctrl Pts',(35.228446698313,-90.8185185104057,27.9259367626647));
#5723=CARTESIAN_POINT('Ctrl Pts',(35.228446698313,-90.9999999918872,27.9259367626647));
#5724=CARTESIAN_POINT('Ctrl Pts',(35.4728161794649,-90.4555555474427,28.135677351812));
#5725=CARTESIAN_POINT('Ctrl Pts',(35.4728161794649,-90.6370370289242,28.135677351812));
#5726=CARTESIAN_POINT('Ctrl Pts',(35.4728161794649,-90.8185185104057,28.135677351812));
#5727=CARTESIAN_POINT('Ctrl Pts',(35.4728161794649,-90.9999999918872,28.135677351812));
#5728=CARTESIAN_POINT('Ctrl Pts',(36.0798682707602,-90.4555555474427,28.4454455152274));
#5729=CARTESIAN_POINT('Ctrl Pts',(36.0798682707602,-90.6370370289242,28.4454455152274));
#5730=CARTESIAN_POINT('Ctrl Pts',(36.0798682707602,-90.8185185104057,28.4454455152274));
#5731=CARTESIAN_POINT('Ctrl Pts',(36.0798682707602,-90.9999999918872,28.4454455152274));
#5732=CARTESIAN_POINT('Ctrl Pts',(36.4841886314852,-90.4555555474427,28.5208607052844));
#5733=CARTESIAN_POINT('Ctrl Pts',(36.4841886314852,-90.6370370289242,28.5208607052844));
#5734=CARTESIAN_POINT('Ctrl Pts',(36.4841886314852,-90.8185185104057,28.5208607052844));
#5735=CARTESIAN_POINT('Ctrl Pts',(36.4841886314852,-90.9999999918872,28.5208607052844));
#5736=CARTESIAN_POINT('Ctrl Pts',(37.5171733998158,-90.4555555474427,28.5179795099252));
#5737=CARTESIAN_POINT('Ctrl Pts',(37.5171733998158,-90.6370370289241,28.5179795099252));
#5738=CARTESIAN_POINT('Ctrl Pts',(37.5171733998158,-90.8185185104057,28.5179795099252));
#5739=CARTESIAN_POINT('Ctrl Pts',(37.5171733998158,-90.9999999918871,28.5179795099252));
#5740=CARTESIAN_POINT('Ctrl Pts',(37.9478569181992,-90.4555555474427,28.4501320785749));
#5741=CARTESIAN_POINT('Ctrl Pts',(37.9478569181992,-90.6370370289241,28.4501320785749));
#5742=CARTESIAN_POINT('Ctrl Pts',(37.9478569181992,-90.8185185104057,28.4501320785749));
#5743=CARTESIAN_POINT('Ctrl Pts',(37.9478569181992,-90.9999999918871,28.4501320785749));
#5744=CARTESIAN_POINT('Ctrl Pts',(38.5759603552204,-90.4555555474427,28.0836026267456));
#5745=CARTESIAN_POINT('Ctrl Pts',(38.5759603552204,-90.6370370289241,28.0836026267456));
#5746=CARTESIAN_POINT('Ctrl Pts',(38.5759603552204,-90.8185185104057,28.0836026267456));
#5747=CARTESIAN_POINT('Ctrl Pts',(38.5759603552204,-90.9999999918871,28.0836026267456));
#5748=CARTESIAN_POINT('Ctrl Pts',(38.8229323043123,-90.4555555474427,27.8349308099441));
#5749=CARTESIAN_POINT('Ctrl Pts',(38.8229323043123,-90.6370370289241,27.8349308099441));
#5750=CARTESIAN_POINT('Ctrl Pts',(38.8229323043123,-90.8185185104057,27.8349308099441));
#5751=CARTESIAN_POINT('Ctrl Pts',(38.8229323043123,-90.9999999918871,27.8349308099441));
#5752=CARTESIAN_POINT('Ctrl Pts',(39.1565320998567,-90.4555555474427,27.2052189640531));
#5753=CARTESIAN_POINT('Ctrl Pts',(39.1565320998567,-90.6370370289241,27.2052189640531));
#5754=CARTESIAN_POINT('Ctrl Pts',(39.1565320998567,-90.8185185104057,27.2052189640531));
#5755=CARTESIAN_POINT('Ctrl Pts',(39.1565320998567,-90.9999999918871,27.2052189640531));
#5756=CARTESIAN_POINT('Ctrl Pts',(39.2815625363027,-90.4555555474427,26.8310368898241));
#5757=CARTESIAN_POINT('Ctrl Pts',(39.2815625363027,-90.6370370289242,26.8310368898241));
#5758=CARTESIAN_POINT('Ctrl Pts',(39.2815625363027,-90.8185185104057,26.8310368898241));
#5759=CARTESIAN_POINT('Ctrl Pts',(39.2815625363027,-90.9999999918872,26.8310368898241));
#5760=CARTESIAN_POINT('Ctrl Pts',(39.3832270830914,-90.4555555474427,25.9381492945769));
#5761=CARTESIAN_POINT('Ctrl Pts',(39.3832270830914,-90.6370370289242,25.9381492945769));
#5762=CARTESIAN_POINT('Ctrl Pts',(39.3832270830914,-90.8185185104057,25.9381492945769));
#5763=CARTESIAN_POINT('Ctrl Pts',(39.3832270830914,-90.9999999918872,25.9381492945769));
#5764=CARTESIAN_POINT('Ctrl Pts',(39.4091321236309,-90.4555555474427,25.4579441901438));
#5765=CARTESIAN_POINT('Ctrl Pts',(39.4091321236309,-90.6370370289242,25.4579441901438));
#5766=CARTESIAN_POINT('Ctrl Pts',(39.4091321236309,-90.8185185104057,25.4579441901438));
#5767=CARTESIAN_POINT('Ctrl Pts',(39.4091321236309,-90.9999999918871,25.4579441901438));
#5768=CARTESIAN_POINT('Ctrl Pts',(39.4114389799283,-90.4555555474427,24.3654615604034));
#5769=CARTESIAN_POINT('Ctrl Pts',(39.4114389799283,-90.6370370289242,24.3654615604034));
#5770=CARTESIAN_POINT('Ctrl Pts',(39.4114389799283,-90.8185185104057,24.3654615604034));
#5771=CARTESIAN_POINT('Ctrl Pts',(39.4114389799283,-90.9999999918871,24.3654615604034));
#5772=CARTESIAN_POINT('Ctrl Pts',(39.412658528162,-90.4555555474427,23.7879070491393));
#5773=CARTESIAN_POINT('Ctrl Pts',(39.412658528162,-90.6370370289242,23.7879070491393));
#5774=CARTESIAN_POINT('Ctrl Pts',(39.412658528162,-90.8185185104057,23.7879070491393));
#5775=CARTESIAN_POINT('Ctrl Pts',(39.412658528162,-90.9999999918871,23.7879070491393));
#5776=CARTESIAN_POINT('Ctrl Pts',(39.4138780763956,-90.4555555474427,23.2103525378752));
#5777=CARTESIAN_POINT('Ctrl Pts',(39.4138780763956,-90.6370370289242,23.2103525378752));
#5778=CARTESIAN_POINT('Ctrl Pts',(39.4138780763956,-90.8185185104057,23.2103525378752));
#5779=CARTESIAN_POINT('Ctrl Pts',(39.4138780763956,-90.9999999918871,23.2103525378752));
#5780=CARTESIAN_POINT('Ctrl Pts',(39.4138780763956,-90.4555555474427,23.2103525378752));
#5781=CARTESIAN_POINT('Ctrl Pts',(39.412658528162,-90.4555555474427,23.7879070491393));
#5782=CARTESIAN_POINT('Ctrl Pts',(39.4114389799283,-90.4555555474427,24.3654615604034));
#5783=CARTESIAN_POINT('Ctrl Pts',(39.4102194316947,-90.4555555474427,24.9430160716674));
#5784=CARTESIAN_POINT('Ctrl Pts',(39.409132123631,-90.4555555474427,25.4579441901438));
#5785=CARTESIAN_POINT('Ctrl Pts',(39.3832270830914,-90.4555555474427,25.9381492945769));
#5786=CARTESIAN_POINT('Ctrl Pts',(39.332504310076,-90.4555555474427,26.3836313849665));
#5787=CARTESIAN_POINT('Ctrl Pts',(39.2815625363026,-90.4555555474427,26.831036889824));
#5788=CARTESIAN_POINT('Ctrl Pts',(39.1565320998567,-90.4555555474427,27.2052189640531));
#5789=CARTESIAN_POINT('Ctrl Pts',(38.9940927973197,-90.4555555474427,27.5118437114662));
#5790=CARTESIAN_POINT('Ctrl Pts',(38.8229323043123,-90.4555555474427,27.8349308099441));
#5791=CARTESIAN_POINT('Ctrl Pts',(38.5759603552204,-90.4555555474427,28.0836026267456));
#5792=CARTESIAN_POINT('Ctrl Pts',(38.2644383376019,-90.4555555474427,28.2653911469486));
#5793=CARTESIAN_POINT('Ctrl Pts',(37.9478569181992,-90.4555555474427,28.4501320785749));
#5794=CARTESIAN_POINT('Ctrl Pts',(37.5171733998158,-90.4555555474427,28.5179795099252));
#5795=CARTESIAN_POINT('Ctrl Pts',(36.9944582158413,-90.4555555474427,28.5194374642033));
#5796=CARTESIAN_POINT('Ctrl Pts',(36.4841886314852,-90.4555555474427,28.5208607052844));
#5797=CARTESIAN_POINT('Ctrl Pts',(36.0798682707602,-90.4555555474427,28.4454455152274));
#5798=CARTESIAN_POINT('Ctrl Pts',(35.7814971336663,-90.4555555474427,28.2931918940323));
#5799=CARTESIAN_POINT('Ctrl Pts',(35.4728161794649,-90.4555555474427,28.135677351812));
#5800=CARTESIAN_POINT('Ctrl Pts',(35.228446698313,-90.4555555474427,27.9259367626647));
#5801=CARTESIAN_POINT('Ctrl Pts',(35.0547960377433,-90.4555555474427,27.6480832239233));
#5802=CARTESIAN_POINT('Ctrl Pts',(34.8752718270288,-90.4555555474427,27.3608315827655));
#5803=CARTESIAN_POINT('Ctrl Pts',(34.7636468484091,-90.4555555474427,27.0226350561784));
#5804=CARTESIAN_POINT('Ctrl Pts',(34.7022122913364,-90.4555555474427,26.6470502654379));
#5805=CARTESIAN_POINT('Ctrl Pts',(34.6389314780582,-90.4555555474427,26.2601782483606));
#5806=CARTESIAN_POINT('Ctrl Pts',(34.6292431224824,-90.4555555474427,25.8400739264683));
#5807=CARTESIAN_POINT('Ctrl Pts',(34.630183497024,-90.4555555474427,25.3947306888671));
#5808=CARTESIAN_POINT('Ctrl Pts',(34.630183497024,-90.9999999918871,25.3947306888671));
#5809=CARTESIAN_POINT('Ctrl Pts',(34.6292431224824,-90.9999999918871,25.8400739264683));
#5810=CARTESIAN_POINT('Ctrl Pts',(34.6389314780582,-90.9999999918871,26.2601782483606));
#5811=CARTESIAN_POINT('Ctrl Pts',(34.7022122913364,-90.9999999918871,26.6470502654379));
#5812=CARTESIAN_POINT('Ctrl Pts',(34.7636468484091,-90.9999999918871,27.0226350561784));
#5813=CARTESIAN_POINT('Ctrl Pts',(34.8752718270288,-90.9999999918871,27.3608315827655));
#5814=CARTESIAN_POINT('Ctrl Pts',(35.0547960377433,-90.9999999918871,27.6480832239233));
#5815=CARTESIAN_POINT('Ctrl Pts',(35.228446698313,-90.9999999918871,27.9259367626647));
#5816=CARTESIAN_POINT('Ctrl Pts',(35.4728161794649,-90.9999999918871,28.135677351812));
#5817=CARTESIAN_POINT('Ctrl Pts',(35.7814971336663,-90.9999999918871,28.2931918940323));
#5818=CARTESIAN_POINT('Ctrl Pts',(36.0798682707602,-90.9999999918871,28.4454455152274));
#5819=CARTESIAN_POINT('Ctrl Pts',(36.4841886314852,-90.9999999918871,28.5208607052844));
#5820=CARTESIAN_POINT('Ctrl Pts',(36.9944582158413,-90.9999999918871,28.5194374642033));
#5821=CARTESIAN_POINT('Ctrl Pts',(37.5171733998158,-90.9999999918871,28.5179795099252));
#5822=CARTESIAN_POINT('Ctrl Pts',(37.9478569181992,-90.9999999918871,28.4501320785749));
#5823=CARTESIAN_POINT('Ctrl Pts',(38.2644383376019,-90.9999999918871,28.2653911469486));
#5824=CARTESIAN_POINT('Ctrl Pts',(38.5759603552204,-90.9999999918871,28.0836026267456));
#5825=CARTESIAN_POINT('Ctrl Pts',(38.8229323043123,-90.9999999918871,27.8349308099441));
#5826=CARTESIAN_POINT('Ctrl Pts',(38.9940927973197,-90.9999999918871,27.5118437114662));
#5827=CARTESIAN_POINT('Ctrl Pts',(39.1565320998567,-90.9999999918871,27.2052189640531));
#5828=CARTESIAN_POINT('Ctrl Pts',(39.2815625363026,-90.9999999918871,26.831036889824));
#5829=CARTESIAN_POINT('Ctrl Pts',(39.332504310076,-90.9999999918871,26.3836313849665));
#5830=CARTESIAN_POINT('Ctrl Pts',(39.3832270830914,-90.9999999918871,25.9381492945769));
#5831=CARTESIAN_POINT('Ctrl Pts',(39.409132123631,-90.9999999918871,25.4579441901438));
#5832=CARTESIAN_POINT('Ctrl Pts',(39.4102194316947,-90.9999999918871,24.9430160716674));
#5833=CARTESIAN_POINT('Ctrl Pts',(39.4114389799283,-90.9999999918871,24.3654615604034));
#5834=CARTESIAN_POINT('Ctrl Pts',(39.412658528162,-90.9999999918871,23.7879070491393));
#5835=CARTESIAN_POINT('Ctrl Pts',(39.4138780763956,-90.9999999918871,23.2103525378752));
#5836=CARTESIAN_POINT('Origin',(-31.3948986075703,-90.4555555474427,14.3479538526148));
#5837=CARTESIAN_POINT('Origin',(-31.3948986075703,-90.9999999918871,14.3479538526148));
#5838=CARTESIAN_POINT('Ctrl Pts',(15.7403865350422,-90.4555555474427,33.0460422438382));
#5839=CARTESIAN_POINT('Ctrl Pts',(15.7403865350422,-90.6370370289242,33.0460422438382));
#5840=CARTESIAN_POINT('Ctrl Pts',(15.7403865350422,-90.8185185104057,33.0460422438382));
#5841=CARTESIAN_POINT('Ctrl Pts',(15.7403865350422,-90.9999999918871,33.0460422438382));
#5842=CARTESIAN_POINT('Ctrl Pts',(15.8651657849753,-90.4555555474427,32.8926083739418));
#5843=CARTESIAN_POINT('Ctrl Pts',(15.8651657849753,-90.6370370289242,32.8926083739418));
#5844=CARTESIAN_POINT('Ctrl Pts',(15.8651657849753,-90.8185185104057,32.8926083739418));
#5845=CARTESIAN_POINT('Ctrl Pts',(15.8651657849753,-90.9999999918871,32.8926083739418));
#5846=CARTESIAN_POINT('Ctrl Pts',(16.0218585980832,-90.4555555474427,32.7914800756243));
#5847=CARTESIAN_POINT('Ctrl Pts',(16.0218585980832,-90.6370370289242,32.7914800756243));
#5848=CARTESIAN_POINT('Ctrl Pts',(16.0218585980832,-90.8185185104057,32.7914800756243));
#5849=CARTESIAN_POINT('Ctrl Pts',(16.0218585980832,-90.9999999918872,32.7914800756243));
#5850=CARTESIAN_POINT('Ctrl Pts',(16.3821136630591,-90.4555555474427,32.6754546455491));
#5851=CARTESIAN_POINT('Ctrl Pts',(16.3821136630591,-90.6370370289242,32.6754546455491));
#5852=CARTESIAN_POINT('Ctrl Pts',(16.3821136630591,-90.8185185104057,32.6754546455491));
#5853=CARTESIAN_POINT('Ctrl Pts',(16.3821136630591,-90.9999999918871,32.6754546455491));
#5854=CARTESIAN_POINT('Ctrl Pts',(16.5750792305538,-90.4555555474427,32.647082638644));
#5855=CARTESIAN_POINT('Ctrl Pts',(16.5750792305538,-90.6370370289242,32.647082638644));
#5856=CARTESIAN_POINT('Ctrl Pts',(16.5750792305538,-90.8185185104057,32.647082638644));
#5857=CARTESIAN_POINT('Ctrl Pts',(16.5750792305538,-90.9999999918871,32.647082638644));
#5858=CARTESIAN_POINT('Ctrl Pts',(16.9857840179624,-90.4555555474427,32.6459371031398));
#5859=CARTESIAN_POINT('Ctrl Pts',(16.9857840179624,-90.6370370289242,32.6459371031398));
#5860=CARTESIAN_POINT('Ctrl Pts',(16.9857840179624,-90.8185185104057,32.6459371031398));
#5861=CARTESIAN_POINT('Ctrl Pts',(16.9857840179624,-90.9999999918871,32.6459371031398));
#5862=CARTESIAN_POINT('Ctrl Pts',(17.1724092388302,-90.4555555474427,32.6732503575334));
#5863=CARTESIAN_POINT('Ctrl Pts',(17.1724092388302,-90.6370370289242,32.6732503575334));
#5864=CARTESIAN_POINT('Ctrl Pts',(17.1724092388302,-90.8185185104057,32.6732503575334));
#5865=CARTESIAN_POINT('Ctrl Pts',(17.1724092388302,-90.9999999918871,32.6732503575334));
#5866=CARTESIAN_POINT('Ctrl Pts',(17.5321785522327,-90.4555555474427,32.7872674996249));
#5867=CARTESIAN_POINT('Ctrl Pts',(17.5321785522327,-90.6370370289241,32.7872674996249));
#5868=CARTESIAN_POINT('Ctrl Pts',(17.5321785522327,-90.8185185104056,32.7872674996249));
#5869=CARTESIAN_POINT('Ctrl Pts',(17.5321785522327,-90.9999999918871,32.7872674996249));
#5870=CARTESIAN_POINT('Ctrl Pts',(17.6884461290768,-90.4555555474427,32.8875228905668));
#5871=CARTESIAN_POINT('Ctrl Pts',(17.6884461290768,-90.6370370289242,32.8875228905668));
#5872=CARTESIAN_POINT('Ctrl Pts',(17.6884461290768,-90.8185185104057,32.8875228905668));
#5873=CARTESIAN_POINT('Ctrl Pts',(17.6884461290768,-90.9999999918871,32.8875228905668));
#5874=CARTESIAN_POINT('Ctrl Pts',(17.8125788715126,-90.4555555474427,33.0402624965213));
#5875=CARTESIAN_POINT('Ctrl Pts',(17.8125788715126,-90.6370370289242,33.0402624965213));
#5876=CARTESIAN_POINT('Ctrl Pts',(17.8125788715126,-90.8185185104057,33.0402624965213));
#5877=CARTESIAN_POINT('Ctrl Pts',(17.8125788715126,-90.9999999918871,33.0402624965213));
#5878=CARTESIAN_POINT('',(17.8125788715126,-90.4555555474427,33.0402624965213));
#5879=CARTESIAN_POINT('',(15.7403865350422,-90.4555555474427,33.0460422438382));
#5880=CARTESIAN_POINT('Ctrl Pts',(17.8125788715126,-90.4555555474427,33.0402624965213));
#5881=CARTESIAN_POINT('Ctrl Pts',(17.6884461290768,-90.4555555474427,32.8875228905668));
#5882=CARTESIAN_POINT('Ctrl Pts',(17.5321785522327,-90.4555555474427,32.7872674996249));
#5883=CARTESIAN_POINT('Ctrl Pts',(17.3465300866706,-90.4555555474427,32.7284322774741));
#5884=CARTESIAN_POINT('Ctrl Pts',(17.1724092388301,-90.4555555474427,32.6732503575334));
#5885=CARTESIAN_POINT('Ctrl Pts',(16.9857840179624,-90.4555555474427,32.6459371031398));
#5886=CARTESIAN_POINT('Ctrl Pts',(16.7866544240673,-90.4555555474427,32.6464925142933));
#5887=CARTESIAN_POINT('Ctrl Pts',(16.5750792305538,-90.4555555474427,32.647082638644));
#5888=CARTESIAN_POINT('Ctrl Pts',(16.3821136630591,-90.4555555474427,32.6754546455491));
#5889=CARTESIAN_POINT('Ctrl Pts',(16.2077577215833,-90.4555555474427,32.7316085350087));
#5890=CARTESIAN_POINT('Ctrl Pts',(16.0218585980832,-90.4555555474427,32.7914800756243));
#5891=CARTESIAN_POINT('Ctrl Pts',(15.8651657849753,-90.4555555474427,32.8926083739418));
#5892=CARTESIAN_POINT('Ctrl Pts',(15.7403865350422,-90.4555555474427,33.0460422438382));
#5893=CARTESIAN_POINT('',(17.8125788715126,-90.9999999918871,33.0402624965213));
#5894=CARTESIAN_POINT('',(17.8125788715126,-90.4555555474427,33.0402624965213));
#5895=CARTESIAN_POINT('',(15.7403865350422,-90.9999999918871,33.0460422438382));
#5896=CARTESIAN_POINT('Ctrl Pts',(15.7403865350422,-90.9999999918871,33.0460422438382));
#5897=CARTESIAN_POINT('Ctrl Pts',(15.8651657849753,-90.9999999918871,32.8926083739418));
#5898=CARTESIAN_POINT('Ctrl Pts',(16.0218585980832,-90.9999999918871,32.7914800756243));
#5899=CARTESIAN_POINT('Ctrl Pts',(16.2077577215833,-90.9999999918871,32.7316085350087));
#5900=CARTESIAN_POINT('Ctrl Pts',(16.3821136630591,-90.9999999918871,32.6754546455491));
#5901=CARTESIAN_POINT('Ctrl Pts',(16.5750792305538,-90.9999999918871,32.647082638644));
#5902=CARTESIAN_POINT('Ctrl Pts',(16.7866544240673,-90.9999999918871,32.6464925142933));
#5903=CARTESIAN_POINT('Ctrl Pts',(16.9857840179624,-90.9999999918871,32.6459371031398));
#5904=CARTESIAN_POINT('Ctrl Pts',(17.1724092388301,-90.9999999918871,32.6732503575334));
#5905=CARTESIAN_POINT('Ctrl Pts',(17.3465300866706,-90.9999999918871,32.7284322774741));
#5906=CARTESIAN_POINT('Ctrl Pts',(17.5321785522327,-90.9999999918871,32.7872674996249));
#5907=CARTESIAN_POINT('Ctrl Pts',(17.6884461290768,-90.9999999918871,32.8875228905668));
#5908=CARTESIAN_POINT('Ctrl Pts',(17.8125788715126,-90.9999999918871,33.0402624965213));
#5909=CARTESIAN_POINT('',(15.7403865350422,-90.4555555474427,33.0460422438382));
#5910=CARTESIAN_POINT('Ctrl Pts',(17.8125788715126,-90.4555555474427,33.0402624965213));
#5911=CARTESIAN_POINT('Ctrl Pts',(17.8125788715126,-90.6370370289242,33.0402624965213));
#5912=CARTESIAN_POINT('Ctrl Pts',(17.8125788715126,-90.8185185104057,33.0402624965213));
#5913=CARTESIAN_POINT('Ctrl Pts',(17.8125788715126,-90.9999999918871,33.0402624965213));
#5914=CARTESIAN_POINT('Ctrl Pts',(17.9491866002712,-90.4555555474427,33.1790504131036));
#5915=CARTESIAN_POINT('Ctrl Pts',(17.9491866002712,-90.6370370289242,33.1790504131036));
#5916=CARTESIAN_POINT('Ctrl Pts',(17.9491866002712,-90.8185185104057,33.1790504131036));
#5917=CARTESIAN_POINT('Ctrl Pts',(17.9491866002712,-90.9999999918871,33.1790504131036));
#5918=CARTESIAN_POINT('Ctrl Pts',(18.0545921698704,-90.4555555474427,33.3596760412037));
#5919=CARTESIAN_POINT('Ctrl Pts',(18.0545921698704,-90.6370370289242,33.3596760412037));
#5920=CARTESIAN_POINT('Ctrl Pts',(18.0545921698704,-90.8185185104056,33.3596760412037));
#5921=CARTESIAN_POINT('Ctrl Pts',(18.0545921698704,-90.9999999918871,33.3596760412037));
#5922=CARTESIAN_POINT('Ctrl Pts',(18.2046327925696,-90.4555555474427,33.8095008916544));
#5923=CARTESIAN_POINT('Ctrl Pts',(18.2046327925696,-90.6370370289242,33.8095008916544));
#5924=CARTESIAN_POINT('Ctrl Pts',(18.2046327925696,-90.8185185104056,33.8095008916544));
#5925=CARTESIAN_POINT('Ctrl Pts',(18.2046327925696,-90.9999999918871,33.8095008916544));
#5926=CARTESIAN_POINT('Ctrl Pts',(18.2584017615923,-90.4555555474427,34.0897445226411));
#5927=CARTESIAN_POINT('Ctrl Pts',(18.2584017615923,-90.6370370289242,34.0897445226411));
#5928=CARTESIAN_POINT('Ctrl Pts',(18.2584017615923,-90.8185185104056,34.0897445226411));
#5929=CARTESIAN_POINT('Ctrl Pts',(18.2584017615923,-90.9999999918871,34.0897445226411));
#5930=CARTESIAN_POINT('Ctrl Pts',(18.2569618130755,-90.4555555474427,34.771676355218));
#5931=CARTESIAN_POINT('Ctrl Pts',(18.2569618130755,-90.6370370289242,34.771676355218));
#5932=CARTESIAN_POINT('Ctrl Pts',(18.2569618130755,-90.8185185104057,34.771676355218));
#5933=CARTESIAN_POINT('Ctrl Pts',(18.2569618130755,-90.9999999918871,34.771676355218));
#5934=CARTESIAN_POINT('Ctrl Pts',(18.2127997869702,-90.4555555474427,35.0570958629961));
#5935=CARTESIAN_POINT('Ctrl Pts',(18.2127997869702,-90.6370370289242,35.0570958629961));
#5936=CARTESIAN_POINT('Ctrl Pts',(18.2127997869702,-90.8185185104057,35.0570958629961));
#5937=CARTESIAN_POINT('Ctrl Pts',(18.2127997869702,-90.9999999918872,35.0570958629961));
#5938=CARTESIAN_POINT('Ctrl Pts',(18.0437424278336,-90.4555555474427,35.5140541394294));
#5939=CARTESIAN_POINT('Ctrl Pts',(18.0437424278336,-90.6370370289242,35.5140541394294));
#5940=CARTESIAN_POINT('Ctrl Pts',(18.0437424278336,-90.8185185104056,35.5140541394294));
#5941=CARTESIAN_POINT('Ctrl Pts',(18.0437424278336,-90.9999999918871,35.5140541394294));
#5942=CARTESIAN_POINT('Ctrl Pts',(17.9438676067702,-90.4555555474427,35.6980231007855));
#5943=CARTESIAN_POINT('Ctrl Pts',(17.9438676067702,-90.6370370289241,35.6980231007855));
#5944=CARTESIAN_POINT('Ctrl Pts',(17.9438676067702,-90.8185185104056,35.6980231007855));
#5945=CARTESIAN_POINT('Ctrl Pts',(17.9438676067702,-90.9999999918871,35.6980231007855));
#5946=CARTESIAN_POINT('Ctrl Pts',(17.6761576901342,-90.4555555474427,35.9703305683888));
#5947=CARTESIAN_POINT('Ctrl Pts',(17.6761576901342,-90.6370370289242,35.9703305683888));
#5948=CARTESIAN_POINT('Ctrl Pts',(17.6761576901342,-90.8185185104057,35.9703305683888));
#5949=CARTESIAN_POINT('Ctrl Pts',(17.6761576901342,-90.9999999918871,35.9703305683888));
#5950=CARTESIAN_POINT('Ctrl Pts',(17.5261465785329,-90.4555555474427,36.0749443496143));
#5951=CARTESIAN_POINT('Ctrl Pts',(17.5261465785329,-90.6370370289242,36.0749443496143));
#5952=CARTESIAN_POINT('Ctrl Pts',(17.5261465785329,-90.8185185104057,36.0749443496143));
#5953=CARTESIAN_POINT('Ctrl Pts',(17.5261465785329,-90.9999999918871,36.0749443496143));
#5954=CARTESIAN_POINT('Ctrl Pts',(17.1604624490662,-90.4555555474427,36.1849395890972));
#5955=CARTESIAN_POINT('Ctrl Pts',(17.1604624490662,-90.6370370289242,36.1849395890972));
#5956=CARTESIAN_POINT('Ctrl Pts',(17.1604624490662,-90.8185185104057,36.1849395890972));
#5957=CARTESIAN_POINT('Ctrl Pts',(17.1604624490662,-90.9999999918871,36.1849395890972));
#5958=CARTESIAN_POINT('Ctrl Pts',(16.9782022482206,-90.4555555474427,36.2365169562996));
#5959=CARTESIAN_POINT('Ctrl Pts',(16.9782022482206,-90.6370370289242,36.2365169562996));
#5960=CARTESIAN_POINT('Ctrl Pts',(16.9782022482206,-90.8185185104057,36.2365169562996));
#5961=CARTESIAN_POINT('Ctrl Pts',(16.9782022482206,-90.9999999918872,36.2365169562996));
#5962=CARTESIAN_POINT('Ctrl Pts',(16.5674974608121,-90.4555555474427,36.2376624918039));
#5963=CARTESIAN_POINT('Ctrl Pts',(16.5674974608121,-90.6370370289242,36.2376624918039));
#5964=CARTESIAN_POINT('Ctrl Pts',(16.5674974608121,-90.8185185104056,36.2376624918039));
#5965=CARTESIAN_POINT('Ctrl Pts',(16.5674974608121,-90.9999999918871,36.2376624918039));
#5966=CARTESIAN_POINT('Ctrl Pts',(16.3746641334873,-90.4555555474427,36.2034081059213));
#5967=CARTESIAN_POINT('Ctrl Pts',(16.3746641334873,-90.6370370289242,36.2034081059213));
#5968=CARTESIAN_POINT('Ctrl Pts',(16.3746641334873,-90.8185185104057,36.2034081059213));
#5969=CARTESIAN_POINT('Ctrl Pts',(16.3746641334873,-90.9999999918872,36.2034081059213));
#5970=CARTESIAN_POINT('Ctrl Pts',(16.0187743568894,-90.4555555474427,36.0621513748826));
#5971=CARTESIAN_POINT('Ctrl Pts',(16.0187743568894,-90.6370370289242,36.0621513748826));
#5972=CARTESIAN_POINT('Ctrl Pts',(16.0187743568894,-90.8185185104057,36.0621513748826));
#5973=CARTESIAN_POINT('Ctrl Pts',(16.0187743568894,-90.9999999918871,36.0621513748826));
#5974=CARTESIAN_POINT('Ctrl Pts',(15.8586419365928,-90.4555555474427,35.9821770848003));
#5975=CARTESIAN_POINT('Ctrl Pts',(15.8586419365928,-90.6370370289242,35.9821770848003));
#5976=CARTESIAN_POINT('Ctrl Pts',(15.8586419365928,-90.8185185104057,35.9821770848003));
#5977=CARTESIAN_POINT('Ctrl Pts',(15.8586419365928,-90.9999999918871,35.9821770848003));
#5978=CARTESIAN_POINT('Ctrl Pts',(15.6039618434958,-90.4555555474427,35.6974255222987));
#5979=CARTESIAN_POINT('Ctrl Pts',(15.6039618434958,-90.6370370289242,35.6974255222987));
#5980=CARTESIAN_POINT('Ctrl Pts',(15.6039618434958,-90.8185185104057,35.6974255222987));
#5981=CARTESIAN_POINT('Ctrl Pts',(15.6039618434958,-90.9999999918871,35.6974255222987));
#5982=CARTESIAN_POINT('Ctrl Pts',(15.4924665090949,-90.4555555474427,35.5239409103384));
#5983=CARTESIAN_POINT('Ctrl Pts',(15.4924665090949,-90.6370370289242,35.5239409103384));
#5984=CARTESIAN_POINT('Ctrl Pts',(15.4924665090949,-90.8185185104057,35.5239409103384));
#5985=CARTESIAN_POINT('Ctrl Pts',(15.4924665090949,-90.9999999918871,35.5239409103384));
#5986=CARTESIAN_POINT('Ctrl Pts',(15.3399788980828,-90.4555555474427,35.0667799389622));
#5987=CARTESIAN_POINT('Ctrl Pts',(15.3399788980828,-90.6370370289242,35.0667799389622));
#5988=CARTESIAN_POINT('Ctrl Pts',(15.3399788980828,-90.8185185104057,35.0667799389622));
#5989=CARTESIAN_POINT('Ctrl Pts',(15.3399788980828,-90.9999999918871,35.0667799389622));
#5990=CARTESIAN_POINT('Ctrl Pts',(15.307354703505,-90.4555555474427,34.7799033829304));
#5991=CARTESIAN_POINT('Ctrl Pts',(15.307354703505,-90.6370370289241,34.7799033829304));
#5992=CARTESIAN_POINT('Ctrl Pts',(15.307354703505,-90.8185185104056,34.7799033829304));
#5993=CARTESIAN_POINT('Ctrl Pts',(15.307354703505,-90.9999999918871,34.7799033829304));
#5994=CARTESIAN_POINT('Ctrl Pts',(15.3087946520219,-90.4555555474427,34.0979715503535));
#5995=CARTESIAN_POINT('Ctrl Pts',(15.3087946520219,-90.6370370289242,34.0979715503535));
#5996=CARTESIAN_POINT('Ctrl Pts',(15.3087946520219,-90.8185185104056,34.0979715503535));
#5997=CARTESIAN_POINT('Ctrl Pts',(15.3087946520219,-90.9999999918871,34.0979715503535));
#5998=CARTESIAN_POINT('Ctrl Pts',(15.3467338783179,-90.4555555474427,33.8125693991739));
#5999=CARTESIAN_POINT('Ctrl Pts',(15.3467338783179,-90.6370370289242,33.8125693991739));
#6000=CARTESIAN_POINT('Ctrl Pts',(15.3467338783179,-90.8185185104056,33.8125693991739));
#6001=CARTESIAN_POINT('Ctrl Pts',(15.3467338783179,-90.9999999918871,33.8125693991739));
#6002=CARTESIAN_POINT('Ctrl Pts',(15.4970214482808,-90.4555555474427,33.3668096032075));
#6003=CARTESIAN_POINT('Ctrl Pts',(15.4970214482808,-90.6370370289242,33.3668096032075));
#6004=CARTESIAN_POINT('Ctrl Pts',(15.4970214482808,-90.8185185104057,33.3668096032075));
#6005=CARTESIAN_POINT('Ctrl Pts',(15.4970214482808,-90.9999999918871,33.3668096032075));
#6006=CARTESIAN_POINT('Ctrl Pts',(15.6031910721951,-90.4555555474427,33.1855938507567));
#6007=CARTESIAN_POINT('Ctrl Pts',(15.6031910721951,-90.6370370289242,33.1855938507567));
#6008=CARTESIAN_POINT('Ctrl Pts',(15.6031910721951,-90.8185185104057,33.1855938507567));
#6009=CARTESIAN_POINT('Ctrl Pts',(15.6031910721951,-90.9999999918871,33.1855938507567));
#6010=CARTESIAN_POINT('Ctrl Pts',(15.7403865350422,-90.4555555474427,33.0460422438382));
#6011=CARTESIAN_POINT('Ctrl Pts',(15.7403865350422,-90.6370370289242,33.0460422438382));
#6012=CARTESIAN_POINT('Ctrl Pts',(15.7403865350422,-90.8185185104057,33.0460422438382));
#6013=CARTESIAN_POINT('Ctrl Pts',(15.7403865350422,-90.9999999918871,33.0460422438382));
#6014=CARTESIAN_POINT('Ctrl Pts',(15.7403865350422,-90.4555555474427,33.0460422438382));
#6015=CARTESIAN_POINT('Ctrl Pts',(15.6031910721951,-90.4555555474427,33.1855938507567));
#6016=CARTESIAN_POINT('Ctrl Pts',(15.4970214482808,-90.4555555474427,33.3668096032075));
#6017=CARTESIAN_POINT('Ctrl Pts',(15.4218776632993,-90.4555555474427,33.5896895011907));
#6018=CARTESIAN_POINT('Ctrl Pts',(15.3467338783179,-90.4555555474427,33.8125693991739));
#6019=CARTESIAN_POINT('Ctrl Pts',(15.3087946520218,-90.4555555474427,34.0979715503535));
#6020=CARTESIAN_POINT('Ctrl Pts',(15.3080599844112,-90.4555555474427,34.4458959547295));
#6021=CARTESIAN_POINT('Ctrl Pts',(15.307354703505,-90.4555555474427,34.7799033829304));
#6022=CARTESIAN_POINT('Ctrl Pts',(15.3399788980828,-90.4555555474427,35.0667799389622));
#6023=CARTESIAN_POINT('Ctrl Pts',(15.418263098655,-90.4555555474427,35.3014775707204));
#6024=CARTESIAN_POINT('Ctrl Pts',(15.4924665090949,-90.4555555474427,35.5239409103385));
#6025=CARTESIAN_POINT('Ctrl Pts',(15.6039618434958,-90.4555555474427,35.6974255222987));
#6026=CARTESIAN_POINT('Ctrl Pts',(15.7344798074527,-90.4555555474427,35.8433544550209));
#6027=CARTESIAN_POINT('Ctrl Pts',(15.8586419365928,-90.4555555474427,35.9821770848003));
#6028=CARTESIAN_POINT('Ctrl Pts',(16.0187743568894,-90.4555555474427,36.0621513748826));
#6029=CARTESIAN_POINT('Ctrl Pts',(16.2005726723513,-90.4555555474427,36.1343092098055));
#6030=CARTESIAN_POINT('Ctrl Pts',(16.3746641334873,-90.4555555474427,36.2034081059213));
#6031=CARTESIAN_POINT('Ctrl Pts',(16.5674974608121,-90.4555555474427,36.2376624918039));
#6032=CARTESIAN_POINT('Ctrl Pts',(16.7790726543256,-90.4555555474427,36.2370723674532));
#6033=CARTESIAN_POINT('Ctrl Pts',(16.9782022482206,-90.4555555474427,36.2365169562996));
#6034=CARTESIAN_POINT('Ctrl Pts',(17.1604624490662,-90.4555555474427,36.1849395890972));
#6035=CARTESIAN_POINT('Ctrl Pts',(17.3393450374386,-90.4555555474427,36.1311329522709));
#6036=CARTESIAN_POINT('Ctrl Pts',(17.5261465785329,-90.4555555474427,36.0749443496143));
#6037=CARTESIAN_POINT('Ctrl Pts',(17.6761576901342,-90.4555555474427,35.9703305683888));
#6038=CARTESIAN_POINT('Ctrl Pts',(17.8066721439231,-90.4555555474427,35.8375747077039));
#6039=CARTESIAN_POINT('Ctrl Pts',(17.9438676067702,-90.4555555474427,35.6980231007855));
#6040=CARTESIAN_POINT('Ctrl Pts',(18.0437424278336,-90.4555555474427,35.5140541394294));
#6041=CARTESIAN_POINT('Ctrl Pts',(18.1251810156659,-90.4555555474427,35.2939274503514));
#6042=CARTESIAN_POINT('Ctrl Pts',(18.2127997869702,-90.4555555474427,35.0570958629961));
#6043=CARTESIAN_POINT('Ctrl Pts',(18.2569618130755,-90.4555555474427,34.771676355218));
#6044=CARTESIAN_POINT('Ctrl Pts',(18.2576670939817,-90.4555555474427,34.4376689270171));
#6045=CARTESIAN_POINT('Ctrl Pts',(18.2584017615923,-90.4555555474427,34.0897445226411));
#6046=CARTESIAN_POINT('Ctrl Pts',(18.2046327925696,-90.4555555474427,33.8095008916544));
#6047=CARTESIAN_POINT('Ctrl Pts',(18.1287955803102,-90.4555555474427,33.5821393808217));
#6048=CARTESIAN_POINT('Ctrl Pts',(18.0545921698704,-90.4555555474427,33.3596760412037));
#6049=CARTESIAN_POINT('Ctrl Pts',(17.9491866002712,-90.4555555474427,33.1790504131036));
#6050=CARTESIAN_POINT('Ctrl Pts',(17.8125788715126,-90.4555555474427,33.0402624965213));
#6051=CARTESIAN_POINT('Ctrl Pts',(17.8125788715126,-90.9999999918871,33.0402624965213));
#6052=CARTESIAN_POINT('Ctrl Pts',(17.9491866002712,-90.9999999918871,33.1790504131036));
#6053=CARTESIAN_POINT('Ctrl Pts',(18.0545921698704,-90.9999999918871,33.3596760412037));
#6054=CARTESIAN_POINT('Ctrl Pts',(18.1287955803102,-90.9999999918871,33.5821393808217));
#6055=CARTESIAN_POINT('Ctrl Pts',(18.2046327925696,-90.9999999918871,33.8095008916544));
#6056=CARTESIAN_POINT('Ctrl Pts',(18.2584017615923,-90.9999999918871,34.0897445226411));
#6057=CARTESIAN_POINT('Ctrl Pts',(18.2576670939817,-90.9999999918871,34.4376689270171));
#6058=CARTESIAN_POINT('Ctrl Pts',(18.2569618130755,-90.9999999918871,34.771676355218));
#6059=CARTESIAN_POINT('Ctrl Pts',(18.2127997869702,-90.9999999918871,35.0570958629961));
#6060=CARTESIAN_POINT('Ctrl Pts',(18.1251810156659,-90.9999999918871,35.2939274503514));
#6061=CARTESIAN_POINT('Ctrl Pts',(18.0437424278336,-90.9999999918871,35.5140541394294));
#6062=CARTESIAN_POINT('Ctrl Pts',(17.9438676067702,-90.9999999918871,35.6980231007855));
#6063=CARTESIAN_POINT('Ctrl Pts',(17.8066721439231,-90.9999999918871,35.8375747077039));
#6064=CARTESIAN_POINT('Ctrl Pts',(17.6761576901342,-90.9999999918871,35.9703305683888));
#6065=CARTESIAN_POINT('Ctrl Pts',(17.5261465785329,-90.9999999918871,36.0749443496143));
#6066=CARTESIAN_POINT('Ctrl Pts',(17.3393450374386,-90.9999999918871,36.1311329522709));
#6067=CARTESIAN_POINT('Ctrl Pts',(17.1604624490662,-90.9999999918871,36.1849395890972));
#6068=CARTESIAN_POINT('Ctrl Pts',(16.9782022482206,-90.9999999918871,36.2365169562996));
#6069=CARTESIAN_POINT('Ctrl Pts',(16.7790726543256,-90.9999999918871,36.2370723674532));
#6070=CARTESIAN_POINT('Ctrl Pts',(16.5674974608121,-90.9999999918871,36.2376624918039));
#6071=CARTESIAN_POINT('Ctrl Pts',(16.3746641334873,-90.9999999918871,36.2034081059213));
#6072=CARTESIAN_POINT('Ctrl Pts',(16.2005726723513,-90.9999999918871,36.1343092098055));
#6073=CARTESIAN_POINT('Ctrl Pts',(16.0187743568894,-90.9999999918871,36.0621513748826));
#6074=CARTESIAN_POINT('Ctrl Pts',(15.8586419365928,-90.9999999918871,35.9821770848003));
#6075=CARTESIAN_POINT('Ctrl Pts',(15.7344798074527,-90.9999999918871,35.8433544550209));
#6076=CARTESIAN_POINT('Ctrl Pts',(15.6039618434958,-90.9999999918871,35.6974255222987));
#6077=CARTESIAN_POINT('Ctrl Pts',(15.4924665090949,-90.9999999918871,35.5239409103385));
#6078=CARTESIAN_POINT('Ctrl Pts',(15.418263098655,-90.9999999918871,35.3014775707204));
#6079=CARTESIAN_POINT('Ctrl Pts',(15.3399788980828,-90.9999999918871,35.0667799389622));
#6080=CARTESIAN_POINT('Ctrl Pts',(15.307354703505,-90.9999999918871,34.7799033829304));
#6081=CARTESIAN_POINT('Ctrl Pts',(15.3080599844112,-90.9999999918871,34.4458959547295));
#6082=CARTESIAN_POINT('Ctrl Pts',(15.3087946520218,-90.9999999918871,34.0979715503535));
#6083=CARTESIAN_POINT('Ctrl Pts',(15.3467338783179,-90.9999999918871,33.8125693991739));
#6084=CARTESIAN_POINT('Ctrl Pts',(15.4218776632993,-90.9999999918871,33.5896895011907));
#6085=CARTESIAN_POINT('Ctrl Pts',(15.4970214482808,-90.9999999918871,33.3668096032075));
#6086=CARTESIAN_POINT('Ctrl Pts',(15.6031910721951,-90.9999999918871,33.1855938507567));
#6087=CARTESIAN_POINT('Ctrl Pts',(15.7403865350422,-90.9999999918871,33.0460422438382));
#6088=CARTESIAN_POINT('Origin',(-31.3948986075703,-90.4555555474427,14.3479538526148));
#6089=CARTESIAN_POINT('Origin',(-31.3948986075703,-90.9999999918871,14.3479538526148));
#6090=CARTESIAN_POINT('Origin',(15.6980902343736,-90.4555555474427,26.5539290675699));
#6091=CARTESIAN_POINT('',(15.7174854592944,-90.4555555474427,17.3687247920448));
#6092=CARTESIAN_POINT('',(15.6980902343736,-90.4555555474427,26.5539290675699));
#6093=CARTESIAN_POINT('',(15.7174854592944,-90.4555555474427,17.3687247920448));
#6094=CARTESIAN_POINT('',(15.7174854592944,-90.9999999918871,17.3687247920448));
#6095=CARTESIAN_POINT('',(15.7174854592944,-90.4555555474427,17.3687247920448));
#6096=CARTESIAN_POINT('',(15.6980902343736,-90.9999999918871,26.5539290675699));
#6097=CARTESIAN_POINT('',(15.7174854592944,-90.9999999918871,17.3687247920448));
#6098=CARTESIAN_POINT('',(15.6980902343736,-90.4555555474427,26.5539290675699));
#6099=CARTESIAN_POINT('Ctrl Pts',(13.491031496529,-90.4555555474427,28.5432424083993));
#6100=CARTESIAN_POINT('Ctrl Pts',(13.491031496529,-90.6370370289242,28.5432424083993));
#6101=CARTESIAN_POINT('Ctrl Pts',(13.491031496529,-90.8185185104057,28.5432424083993));
#6102=CARTESIAN_POINT('Ctrl Pts',(13.491031496529,-90.9999999918871,28.5432424083993));
#6103=CARTESIAN_POINT('Ctrl Pts',(13.5159226957659,-90.4555555474427,28.5431729820051));
#6104=CARTESIAN_POINT('Ctrl Pts',(13.5159226957659,-90.6370370289242,28.5431729820051));
#6105=CARTESIAN_POINT('Ctrl Pts',(13.5159226957659,-90.8185185104057,28.5431729820051));
#6106=CARTESIAN_POINT('Ctrl Pts',(13.5159226957659,-90.9999999918871,28.5431729820051));
#6107=CARTESIAN_POINT('Ctrl Pts',(13.5408138950028,-90.4555555474427,28.5431035556109));
#6108=CARTESIAN_POINT('Ctrl Pts',(13.5408138950028,-90.6370370289242,28.5431035556109));
#6109=CARTESIAN_POINT('Ctrl Pts',(13.5408138950028,-90.8185185104057,28.5431035556109));
#6110=CARTESIAN_POINT('Ctrl Pts',(13.5408138950028,-90.9999999918871,28.5431035556109));
#6111=CARTESIAN_POINT('Ctrl Pts',(13.8519538854638,-90.4555555474426,28.5422357256834));
#6112=CARTESIAN_POINT('Ctrl Pts',(13.8519538854638,-90.6370370289241,28.5422357256834));
#6113=CARTESIAN_POINT('Ctrl Pts',(13.8519538854638,-90.8185185104055,28.5422357256834));
#6114=CARTESIAN_POINT('Ctrl Pts',(13.8519538854638,-90.999999991887,28.5422357256834));
#6115=CARTESIAN_POINT('Ctrl Pts',(14.1212159558756,-90.4555555474427,28.5315217109095));
#6116=CARTESIAN_POINT('Ctrl Pts',(14.1212159558756,-90.6370370289241,28.5315217109095));
#6117=CARTESIAN_POINT('Ctrl Pts',(14.1212159558756,-90.8185185104056,28.5315217109095));
#6118=CARTESIAN_POINT('Ctrl Pts',(14.1212159558756,-90.9999999918871,28.5315217109095));
#6119=CARTESIAN_POINT('Ctrl Pts',(14.6300536486039,-90.4555555474426,28.421771853377));
#6120=CARTESIAN_POINT('Ctrl Pts',(14.6300536486039,-90.6370370289241,28.421771853377));
#6121=CARTESIAN_POINT('Ctrl Pts',(14.6300536486039,-90.8185185104056,28.421771853377));
#6122=CARTESIAN_POINT('Ctrl Pts',(14.6300536486039,-90.9999999918871,28.421771853377));
#6123=CARTESIAN_POINT('Ctrl Pts',(14.8642342135709,-90.4555555474427,28.3301865594838));
#6124=CARTESIAN_POINT('Ctrl Pts',(14.8642342135709,-90.6370370289241,28.3301865594838));
#6125=CARTESIAN_POINT('Ctrl Pts',(14.8642342135709,-90.8185185104056,28.3301865594838));
#6126=CARTESIAN_POINT('Ctrl Pts',(14.8642342135709,-90.9999999918871,28.3301865594838));
#6127=CARTESIAN_POINT('Ctrl Pts',(15.2469042707362,-90.4555555474426,28.0442951933945));
#6128=CARTESIAN_POINT('Ctrl Pts',(15.2469042707362,-90.6370370289241,28.0442951933945));
#6129=CARTESIAN_POINT('Ctrl Pts',(15.2469042707362,-90.8185185104056,28.0442951933945));
#6130=CARTESIAN_POINT('Ctrl Pts',(15.2469042707362,-90.9999999918871,28.0442951933945));
#6131=CARTESIAN_POINT('Ctrl Pts',(15.3816359522737,-90.4555555474426,27.8334695775729));
#6132=CARTESIAN_POINT('Ctrl Pts',(15.3816359522737,-90.6370370289241,27.8334695775729));
#6133=CARTESIAN_POINT('Ctrl Pts',(15.3816359522737,-90.8185185104056,27.8334695775729));
#6134=CARTESIAN_POINT('Ctrl Pts',(15.3816359522737,-90.9999999918871,27.8334695775729));
#6135=CARTESIAN_POINT('Ctrl Pts',(15.6342312741858,-90.4555555474427,27.32649481127));
#6136=CARTESIAN_POINT('Ctrl Pts',(15.6342312741858,-90.6370370289242,27.32649481127));
#6137=CARTESIAN_POINT('Ctrl Pts',(15.6342312741858,-90.8185185104057,27.32649481127));
#6138=CARTESIAN_POINT('Ctrl Pts',(15.6342312741858,-90.9999999918871,27.32649481127));
#6139=CARTESIAN_POINT('Ctrl Pts',(15.6971792465365,-90.4555555474427,26.9853553289961));
#6140=CARTESIAN_POINT('Ctrl Pts',(15.6971792465365,-90.6370370289242,26.9853553289961));
#6141=CARTESIAN_POINT('Ctrl Pts',(15.6971792465365,-90.8185185104057,26.9853553289961));
#6142=CARTESIAN_POINT('Ctrl Pts',(15.6971792465365,-90.9999999918871,26.9853553289961));
#6143=CARTESIAN_POINT('Ctrl Pts',(15.6980902343736,-90.4555555474427,26.5539290675699));
#6144=CARTESIAN_POINT('Ctrl Pts',(15.6980902343736,-90.6370370289242,26.5539290675699));
#6145=CARTESIAN_POINT('Ctrl Pts',(15.6980902343736,-90.8185185104057,26.5539290675699));
#6146=CARTESIAN_POINT('Ctrl Pts',(15.6980902343736,-90.9999999918871,26.5539290675699));
#6147=CARTESIAN_POINT('',(13.491031496529,-90.4555555474427,28.5432424083993));
#6148=CARTESIAN_POINT('Ctrl Pts',(15.6980902343736,-90.4555555474427,26.5539290675699));
#6149=CARTESIAN_POINT('Ctrl Pts',(15.6971792465365,-90.4555555474427,26.9853553289961));
#6150=CARTESIAN_POINT('Ctrl Pts',(15.6342312741858,-90.4555555474427,27.32649481127));
#6151=CARTESIAN_POINT('Ctrl Pts',(15.5092463173218,-90.4555555474427,27.5773475143917));
#6152=CARTESIAN_POINT('Ctrl Pts',(15.3816359522737,-90.4555555474427,27.8334695775729));
#6153=CARTESIAN_POINT('Ctrl Pts',(15.2469042707362,-90.4555555474427,28.0442951933945));
#6154=CARTESIAN_POINT('Ctrl Pts',(15.0599264094154,-90.4555555474427,28.1839856531014));
#6155=CARTESIAN_POINT('Ctrl Pts',(14.8642342135709,-90.4555555474427,28.3301865594838));
#6156=CARTESIAN_POINT('Ctrl Pts',(14.6300536486039,-90.4555555474427,28.421771853377));
#6157=CARTESIAN_POINT('Ctrl Pts',(14.368578509799,-90.4555555474427,28.4781687352162));
#6158=CARTESIAN_POINT('Ctrl Pts',(14.1212159558757,-90.4555555474427,28.5315217109095));
#6159=CARTESIAN_POINT('Ctrl Pts',(13.8519538854638,-90.4555555474427,28.5422357256835));
#6160=CARTESIAN_POINT('Ctrl Pts',(13.5657050942396,-90.4555555474427,28.5430341292167));
#6161=CARTESIAN_POINT('Ctrl Pts',(13.5408138950028,-90.4555555474427,28.5431035556109));
#6162=CARTESIAN_POINT('Ctrl Pts',(13.5159226957659,-90.4555555474427,28.5431729820051));
#6163=CARTESIAN_POINT('Ctrl Pts',(13.491031496529,-90.4555555474427,28.5432424083993));
#6164=CARTESIAN_POINT('',(13.491031496529,-90.9999999918871,28.5432424083993));
#6165=CARTESIAN_POINT('Ctrl Pts',(13.491031496529,-90.9999999918871,28.5432424083993));
#6166=CARTESIAN_POINT('Ctrl Pts',(13.5159226957659,-90.9999999918871,28.5431729820051));
#6167=CARTESIAN_POINT('Ctrl Pts',(13.5408138950028,-90.9999999918871,28.5431035556109));
#6168=CARTESIAN_POINT('Ctrl Pts',(13.5657050942396,-90.9999999918871,28.5430341292167));
#6169=CARTESIAN_POINT('Ctrl Pts',(13.8519538854638,-90.9999999918871,28.5422357256835));
#6170=CARTESIAN_POINT('Ctrl Pts',(14.1212159558757,-90.9999999918871,28.5315217109095));
#6171=CARTESIAN_POINT('Ctrl Pts',(14.368578509799,-90.9999999918871,28.4781687352162));
#6172=CARTESIAN_POINT('Ctrl Pts',(14.6300536486039,-90.9999999918871,28.421771853377));
#6173=CARTESIAN_POINT('Ctrl Pts',(14.8642342135709,-90.9999999918871,28.3301865594838));
#6174=CARTESIAN_POINT('Ctrl Pts',(15.0599264094154,-90.9999999918871,28.1839856531014));
#6175=CARTESIAN_POINT('Ctrl Pts',(15.2469042707362,-90.9999999918871,28.0442951933945));
#6176=CARTESIAN_POINT('Ctrl Pts',(15.3816359522737,-90.9999999918871,27.8334695775729));
#6177=CARTESIAN_POINT('Ctrl Pts',(15.5092463173218,-90.9999999918871,27.5773475143917));
#6178=CARTESIAN_POINT('Ctrl Pts',(15.6342312741858,-90.9999999918871,27.32649481127));
#6179=CARTESIAN_POINT('Ctrl Pts',(15.6971792465365,-90.9999999918871,26.9853553289961));
#6180=CARTESIAN_POINT('Ctrl Pts',(15.6980902343736,-90.9999999918871,26.5539290675699));
#6181=CARTESIAN_POINT('',(13.491031496529,-90.4555555474427,28.5432424083993));
#6182=CARTESIAN_POINT('Origin',(13.4884307731873,-90.4555555474427,29.7748947998902));
#6183=CARTESIAN_POINT('',(13.4884307731873,-90.4555555474427,29.7748947998902));
#6184=CARTESIAN_POINT('',(13.491031496529,-90.4555555474427,28.5432424083993));
#6185=CARTESIAN_POINT('',(13.4884307731873,-90.9999999918871,29.7748947998902));
#6186=CARTESIAN_POINT('',(13.491031496529,-90.9999999918871,28.5432424083993));
#6187=CARTESIAN_POINT('',(13.4884307731873,-90.4555555474427,29.7748947998902));
#6188=CARTESIAN_POINT('Origin',(18.1181938312473,-90.4555555474427,29.7619814905694));
#6189=CARTESIAN_POINT('',(18.1181938312473,-90.4555555474427,29.7619814905694));
#6190=CARTESIAN_POINT('',(13.4884307731873,-90.4555555474427,29.7748947998902));
#6191=CARTESIAN_POINT('',(18.1181938312473,-90.9999999918871,29.7619814905694));
#6192=CARTESIAN_POINT('',(13.4884307731873,-90.9999999918871,29.7748947998902));
#6193=CARTESIAN_POINT('',(18.1181938312473,-90.4555555474427,29.7619814905694));
#6194=CARTESIAN_POINT('Origin',(18.1440688244939,-90.4555555474427,17.5080839684484));
#6195=CARTESIAN_POINT('',(18.1440688244939,-90.4555555474427,17.5080839684484));
#6196=CARTESIAN_POINT('',(18.1181938312473,-90.4555555474427,29.7619814905694));
#6197=CARTESIAN_POINT('',(18.1440688244939,-90.9999999918871,17.5080839684484));
#6198=CARTESIAN_POINT('',(18.1181938312473,-90.9999999918871,29.7619814905694));
#6199=CARTESIAN_POINT('',(18.1440688244939,-90.4555555474427,17.5080839684484));
#6200=CARTESIAN_POINT('Ctrl Pts',(20.6313739540367,-90.4555555474427,15.4136122593715));
#6201=CARTESIAN_POINT('Ctrl Pts',(20.6313739540367,-90.6370370289242,15.4136122593715));
#6202=CARTESIAN_POINT('Ctrl Pts',(20.6313739540367,-90.8185185104057,15.4136122593715));
#6203=CARTESIAN_POINT('Ctrl Pts',(20.6313739540367,-90.9999999918871,15.4136122593715));
#6204=CARTESIAN_POINT('Ctrl Pts',(20.5131407576615,-90.4555555474427,15.4139420347439));
#6205=CARTESIAN_POINT('Ctrl Pts',(20.5131407576615,-90.6370370289242,15.4139420347439));
#6206=CARTESIAN_POINT('Ctrl Pts',(20.5131407576615,-90.8185185104057,15.4139420347439));
#6207=CARTESIAN_POINT('Ctrl Pts',(20.5131407576615,-90.9999999918871,15.4139420347439));
#6208=CARTESIAN_POINT('Ctrl Pts',(20.3949075612863,-90.4555555474427,15.4142718101163));
#6209=CARTESIAN_POINT('Ctrl Pts',(20.3949075612863,-90.6370370289241,15.4142718101163));
#6210=CARTESIAN_POINT('Ctrl Pts',(20.3949075612863,-90.8185185104057,15.4142718101163));
#6211=CARTESIAN_POINT('Ctrl Pts',(20.3949075612863,-90.9999999918871,15.4142718101163));
#6212=CARTESIAN_POINT('Ctrl Pts',(19.990425573687,-90.4555555474427,15.4153999890221));
#6213=CARTESIAN_POINT('Ctrl Pts',(19.990425573687,-90.6370370289242,15.4153999890221));
#6214=CARTESIAN_POINT('Ctrl Pts',(19.990425573687,-90.8185185104057,15.4153999890221));
#6215=CARTESIAN_POINT('Ctrl Pts',(19.990425573687,-90.9999999918872,15.4153999890221));
#6216=CARTESIAN_POINT('Ctrl Pts',(19.7165783020246,-90.4555555474427,15.4370391436208));
#6217=CARTESIAN_POINT('Ctrl Pts',(19.7165783020246,-90.6370370289241,15.4370391436208));
#6218=CARTESIAN_POINT('Ctrl Pts',(19.7165783020246,-90.8185185104056,15.4370391436208));
#6219=CARTESIAN_POINT('Ctrl Pts',(19.7165783020246,-90.9999999918871,15.4370391436208));
#6220=CARTESIAN_POINT('Ctrl Pts',(19.1916611778753,-90.4555555474427,15.5223280792269));
#6221=CARTESIAN_POINT('Ctrl Pts',(19.1916611778753,-90.6370370289242,15.5223280792269));
#6222=CARTESIAN_POINT('Ctrl Pts',(19.1916611778753,-90.8185185104057,15.5223280792269));
#6223=CARTESIAN_POINT('Ctrl Pts',(19.1916611778753,-90.9999999918871,15.5223280792269));
#6224=CARTESIAN_POINT('Ctrl Pts',(18.9694309110562,-90.4555555474427,15.6339596018973));
#6225=CARTESIAN_POINT('Ctrl Pts',(18.9694309110562,-90.6370370289242,15.6339596018973));
#6226=CARTESIAN_POINT('Ctrl Pts',(18.9694309110562,-90.8185185104057,15.6339596018973));
#6227=CARTESIAN_POINT('Ctrl Pts',(18.9694309110562,-90.9999999918871,15.6339596018973));
#6228=CARTESIAN_POINT('Ctrl Pts',(18.5895289168911,-90.4555555474427,15.9177829584892));
#6229=CARTESIAN_POINT('Ctrl Pts',(18.5895289168911,-90.6370370289242,15.9177829584892));
#6230=CARTESIAN_POINT('Ctrl Pts',(18.5895289168911,-90.8185185104057,15.9177829584892));
#6231=CARTESIAN_POINT('Ctrl Pts',(18.5895289168911,-90.9999999918871,15.9177829584892));
#6232=CARTESIAN_POINT('Ctrl Pts',(18.4456578057224,-90.4555555474427,16.1364286984768));
#6233=CARTESIAN_POINT('Ctrl Pts',(18.4456578057224,-90.6370370289241,16.1364286984768));
#6234=CARTESIAN_POINT('Ctrl Pts',(18.4456578057224,-90.8185185104057,16.1364286984768));
#6235=CARTESIAN_POINT('Ctrl Pts',(18.4456578057224,-90.9999999918871,16.1364286984768));
#6236=CARTESIAN_POINT('Ctrl Pts',(18.2133621755736,-90.4555555474427,16.6827328821657));
#6237=CARTESIAN_POINT('Ctrl Pts',(18.2133621755736,-90.6370370289242,16.6827328821657));
#6238=CARTESIAN_POINT('Ctrl Pts',(18.2133621755736,-90.8185185104057,16.6827328821657));
#6239=CARTESIAN_POINT('Ctrl Pts',(18.2133621755736,-90.9999999918871,16.6827328821657));
#6240=CARTESIAN_POINT('Ctrl Pts',(18.1450385857399,-90.4555555474427,17.0488237546721));
#6241=CARTESIAN_POINT('Ctrl Pts',(18.1450385857399,-90.6370370289242,17.0488237546721));
#6242=CARTESIAN_POINT('Ctrl Pts',(18.1450385857399,-90.8185185104057,17.0488237546721));
#6243=CARTESIAN_POINT('Ctrl Pts',(18.1450385857399,-90.9999999918871,17.0488237546721));
#6244=CARTESIAN_POINT('Ctrl Pts',(18.1440688244939,-90.4555555474427,17.5080839684484));
#6245=CARTESIAN_POINT('Ctrl Pts',(18.1440688244939,-90.6370370289242,17.5080839684484));
#6246=CARTESIAN_POINT('Ctrl Pts',(18.1440688244939,-90.8185185104057,17.5080839684484));
#6247=CARTESIAN_POINT('Ctrl Pts',(18.1440688244939,-90.9999999918871,17.5080839684484));
#6248=CARTESIAN_POINT('',(20.6313739540367,-90.4555555474427,15.4136122593715));
#6249=CARTESIAN_POINT('Ctrl Pts',(18.1440688244939,-90.4555555474427,17.5080839684484));
#6250=CARTESIAN_POINT('Ctrl Pts',(18.1450385857399,-90.4555555474427,17.0488237546721));
#6251=CARTESIAN_POINT('Ctrl Pts',(18.2133621755736,-90.4555555474427,16.6827328821657));
#6252=CARTESIAN_POINT('Ctrl Pts',(18.3330890617723,-90.4555555474427,16.4011636645764));
#6253=CARTESIAN_POINT('Ctrl Pts',(18.4456578057224,-90.4555555474427,16.1364286984768));
#6254=CARTESIAN_POINT('Ctrl Pts',(18.5895289168911,-90.4555555474427,15.9177829584892));
#6255=CARTESIAN_POINT('Ctrl Pts',(18.7824530497353,-90.4555555474427,15.7736500616041));
#6256=CARTESIAN_POINT('Ctrl Pts',(18.9694309110562,-90.4555555474427,15.6339596018973));
#6257=CARTESIAN_POINT('Ctrl Pts',(19.1916611778753,-90.4555555474427,15.5223280792269));
#6258=CARTESIAN_POINT('Ctrl Pts',(19.4551325499241,-90.4555555474427,15.479519049285));
#6259=CARTESIAN_POINT('Ctrl Pts',(19.7165783020246,-90.4555555474427,15.4370391436208));
#6260=CARTESIAN_POINT('Ctrl Pts',(19.990425573687,-90.4555555474427,15.4153999890221));
#6261=CARTESIAN_POINT('Ctrl Pts',(20.2766743649111,-90.4555555474427,15.4146015854888));
#6262=CARTESIAN_POINT('Ctrl Pts',(20.3949075612863,-90.4555555474427,15.4142718101163));
#6263=CARTESIAN_POINT('Ctrl Pts',(20.5131407576615,-90.4555555474427,15.4139420347439));
#6264=CARTESIAN_POINT('Ctrl Pts',(20.6313739540367,-90.4555555474427,15.4136122593715));
#6265=CARTESIAN_POINT('',(20.6313739540367,-90.9999999918871,15.4136122593715));
#6266=CARTESIAN_POINT('Ctrl Pts',(20.6313739540367,-90.9999999918871,15.4136122593715));
#6267=CARTESIAN_POINT('Ctrl Pts',(20.5131407576615,-90.9999999918871,15.4139420347439));
#6268=CARTESIAN_POINT('Ctrl Pts',(20.3949075612863,-90.9999999918871,15.4142718101163));
#6269=CARTESIAN_POINT('Ctrl Pts',(20.2766743649111,-90.9999999918871,15.4146015854888));
#6270=CARTESIAN_POINT('Ctrl Pts',(19.990425573687,-90.9999999918871,15.4153999890221));
#6271=CARTESIAN_POINT('Ctrl Pts',(19.7165783020246,-90.9999999918871,15.4370391436208));
#6272=CARTESIAN_POINT('Ctrl Pts',(19.4551325499241,-90.9999999918871,15.479519049285));
#6273=CARTESIAN_POINT('Ctrl Pts',(19.1916611778753,-90.9999999918871,15.5223280792269));
#6274=CARTESIAN_POINT('Ctrl Pts',(18.9694309110562,-90.9999999918871,15.6339596018973));
#6275=CARTESIAN_POINT('Ctrl Pts',(18.7824530497353,-90.9999999918871,15.7736500616041));
#6276=CARTESIAN_POINT('Ctrl Pts',(18.5895289168911,-90.9999999918871,15.9177829584892));
#6277=CARTESIAN_POINT('Ctrl Pts',(18.4456578057224,-90.9999999918871,16.1364286984768));
#6278=CARTESIAN_POINT('Ctrl Pts',(18.3330890617723,-90.9999999918871,16.4011636645764));
#6279=CARTESIAN_POINT('Ctrl Pts',(18.2133621755736,-90.9999999918871,16.6827328821657));
#6280=CARTESIAN_POINT('Ctrl Pts',(18.1450385857399,-90.9999999918871,17.0488237546721));
#6281=CARTESIAN_POINT('Ctrl Pts',(18.1440688244939,-90.9999999918871,17.5080839684484));
#6282=CARTESIAN_POINT('',(20.6313739540367,-90.4555555474427,15.4136122593715));
#6283=CARTESIAN_POINT('Origin',(20.6339305973217,-90.4555555474427,14.2028353321432));
#6284=CARTESIAN_POINT('',(20.6339305973217,-90.4555555474427,14.2028353321432));
#6285=CARTESIAN_POINT('',(20.6313739540367,-90.4555555474427,15.4136122593715));
#6286=CARTESIAN_POINT('',(20.6339305973217,-90.9999999918871,14.2028353321432));
#6287=CARTESIAN_POINT('',(20.6313739540367,-90.9999999918871,15.4136122593715));
#6288=CARTESIAN_POINT('',(20.6339305973217,-90.4555555474427,14.2028353321432));
#6289=CARTESIAN_POINT('Origin',(13.2412444239678,-90.4555555474427,14.2234549712199));
#6290=CARTESIAN_POINT('',(13.2412444239678,-90.4555555474427,14.2234549712199));
#6291=CARTESIAN_POINT('',(20.6339305973217,-90.4555555474427,14.2028353321432));
#6292=CARTESIAN_POINT('',(13.2412444239678,-90.9999999918871,14.2234549712199));
#6293=CARTESIAN_POINT('',(20.6339305973217,-90.9999999918871,14.2028353321432));
#6294=CARTESIAN_POINT('',(13.2412444239678,-90.4555555474427,14.2234549712199));
#6295=CARTESIAN_POINT('Origin',(13.2386877806828,-90.4555555474427,15.4342318984482));
#6296=CARTESIAN_POINT('',(13.2386877806828,-90.4555555474427,15.4342318984482));
#6297=CARTESIAN_POINT('',(13.2412444239678,-90.4555555474427,14.2234549712199));
#6298=CARTESIAN_POINT('',(13.2386877806828,-90.9999999918871,15.4342318984482));
#6299=CARTESIAN_POINT('',(13.2412444239678,-90.9999999918871,14.2234549712199));
#6300=CARTESIAN_POINT('',(13.2386877806828,-90.4555555474427,15.4342318984482));
#6301=CARTESIAN_POINT('Ctrl Pts',(15.7174854592944,-90.4555555474427,17.3687247920448));
#6302=CARTESIAN_POINT('Ctrl Pts',(15.7174854592944,-90.6370370289242,17.3687247920448));
#6303=CARTESIAN_POINT('Ctrl Pts',(15.7174854592944,-90.8185185104057,17.3687247920448));
#6304=CARTESIAN_POINT('Ctrl Pts',(15.7174854592944,-90.9999999918871,17.3687247920448));
#6305=CARTESIAN_POINT('Ctrl Pts',(15.7183964471316,-90.4555555474427,16.9372985306186));
#6306=CARTESIAN_POINT('Ctrl Pts',(15.7183964471316,-90.6370370289242,16.9372985306186));
#6307=CARTESIAN_POINT('Ctrl Pts',(15.7183964471316,-90.8185185104057,16.9372985306186));
#6308=CARTESIAN_POINT('Ctrl Pts',(15.7183964471316,-90.9999999918871,16.9372985306186));
#6309=CARTESIAN_POINT('Ctrl Pts',(15.6421204639713,-90.4555555474427,16.6050241661425));
#6310=CARTESIAN_POINT('Ctrl Pts',(15.6421204639713,-90.6370370289241,16.6050241661425));
#6311=CARTESIAN_POINT('Ctrl Pts',(15.6421204639713,-90.8185185104056,16.6050241661425));
#6312=CARTESIAN_POINT('Ctrl Pts',(15.6421204639713,-90.9999999918871,16.6050241661425));
#6313=CARTESIAN_POINT('Ctrl Pts',(15.4215093386112,-90.4555555474427,16.0822376125841));
#6314=CARTESIAN_POINT('Ctrl Pts',(15.4215093386112,-90.6370370289241,16.0822376125841));
#6315=CARTESIAN_POINT('Ctrl Pts',(15.4215093386112,-90.8185185104057,16.0822376125841));
#6316=CARTESIAN_POINT('Ctrl Pts',(15.4215093386112,-90.9999999918871,16.0822376125841));
#6317=CARTESIAN_POINT('Ctrl Pts',(15.2814905186649,-90.4555555474427,15.8646660720546));
#6318=CARTESIAN_POINT('Ctrl Pts',(15.2814905186649,-90.6370370289241,15.8646660720546));
#6319=CARTESIAN_POINT('Ctrl Pts',(15.2814905186649,-90.8185185104057,15.8646660720546));
#6320=CARTESIAN_POINT('Ctrl Pts',(15.2814905186649,-90.9999999918872,15.8646660720546));
#6321=CARTESIAN_POINT('Ctrl Pts',(14.8873330096165,-90.4555555474427,15.6175115781956));
#6322=CARTESIAN_POINT('Ctrl Pts',(14.8873330096165,-90.6370370289242,15.6175115781956));
#6323=CARTESIAN_POINT('Ctrl Pts',(14.8873330096165,-90.8185185104057,15.6175115781956));
#6324=CARTESIAN_POINT('Ctrl Pts',(14.8873330096165,-90.9999999918871,15.6175115781956));
#6325=CARTESIAN_POINT('Ctrl Pts',(14.6569939432819,-90.4555555474427,15.5366953423047));
#6326=CARTESIAN_POINT('Ctrl Pts',(14.6569939432819,-90.6370370289241,15.5366953423047));
#6327=CARTESIAN_POINT('Ctrl Pts',(14.6569939432819,-90.8185185104057,15.5366953423047));
#6328=CARTESIAN_POINT('Ctrl Pts',(14.6569939432819,-90.9999999918872,15.5366953423047));
#6329=CARTESIAN_POINT('Ctrl Pts',(14.1471724727723,-90.4555555474427,15.4525732993225));
#6330=CARTESIAN_POINT('Ctrl Pts',(14.1471724727723,-90.6370370289242,15.4525732993225));
#6331=CARTESIAN_POINT('Ctrl Pts',(14.1471724727723,-90.8185185104057,15.4525732993225));
#6332=CARTESIAN_POINT('Ctrl Pts',(14.1471724727723,-90.9999999918871,15.4525732993225));
#6333=CARTESIAN_POINT('Ctrl Pts',(13.8796361610325,-90.4555555474427,15.4324441687976));
#6334=CARTESIAN_POINT('Ctrl Pts',(13.8796361610325,-90.6370370289242,15.4324441687976));
#6335=CARTESIAN_POINT('Ctrl Pts',(13.8796361610325,-90.8185185104057,15.4324441687976));
#6336=CARTESIAN_POINT('Ctrl Pts',(13.8796361610325,-90.9999999918872,15.4324441687976));
#6337=CARTESIAN_POINT('Ctrl Pts',(13.4751541734332,-90.4555555474427,15.4335723477033));
#6338=CARTESIAN_POINT('Ctrl Pts',(13.4751541734332,-90.6370370289241,15.4335723477033));
#6339=CARTESIAN_POINT('Ctrl Pts',(13.4751541734332,-90.8185185104057,15.4335723477033));
#6340=CARTESIAN_POINT('Ctrl Pts',(13.4751541734332,-90.9999999918871,15.4335723477033));
#6341=CARTESIAN_POINT('Ctrl Pts',(13.356920977058,-90.4555555474427,15.4339021230757));
#6342=CARTESIAN_POINT('Ctrl Pts',(13.356920977058,-90.6370370289242,15.4339021230757));
#6343=CARTESIAN_POINT('Ctrl Pts',(13.356920977058,-90.8185185104057,15.4339021230757));
#6344=CARTESIAN_POINT('Ctrl Pts',(13.356920977058,-90.9999999918871,15.4339021230757));
#6345=CARTESIAN_POINT('Ctrl Pts',(13.2386877806828,-90.4555555474427,15.4342318984482));
#6346=CARTESIAN_POINT('Ctrl Pts',(13.2386877806828,-90.6370370289242,15.4342318984482));
#6347=CARTESIAN_POINT('Ctrl Pts',(13.2386877806828,-90.8185185104057,15.4342318984482));
#6348=CARTESIAN_POINT('Ctrl Pts',(13.2386877806828,-90.9999999918871,15.4342318984482));
#6349=CARTESIAN_POINT('Ctrl Pts',(13.2386877806828,-90.4555555474427,15.4342318984482));
#6350=CARTESIAN_POINT('Ctrl Pts',(13.356920977058,-90.4555555474427,15.4339021230757));
#6351=CARTESIAN_POINT('Ctrl Pts',(13.4751541734332,-90.4555555474427,15.4335723477033));
#6352=CARTESIAN_POINT('Ctrl Pts',(13.5933873698084,-90.4555555474427,15.4332425723308));
#6353=CARTESIAN_POINT('Ctrl Pts',(13.8796361610325,-90.4555555474427,15.4324441687976));
#6354=CARTESIAN_POINT('Ctrl Pts',(14.1471724727723,-90.4555555474427,15.4525732993225));
#6355=CARTESIAN_POINT('Ctrl Pts',(14.3959963050279,-90.4555555474427,15.4936299639056));
#6356=CARTESIAN_POINT('Ctrl Pts',(14.6569939432819,-90.4555555474427,15.5366953423047));
#6357=CARTESIAN_POINT('Ctrl Pts',(14.8873330096165,-90.4555555474427,15.6175115781956));
#6358=CARTESIAN_POINT('Ctrl Pts',(15.0861981231717,-90.4555555474427,15.7422089526174));
#6359=CARTESIAN_POINT('Ctrl Pts',(15.2814905186649,-90.4555555474427,15.8646660720546));
#6360=CARTESIAN_POINT('Ctrl Pts',(15.4215093386112,-90.4555555474427,16.0822376125841));
#6361=CARTESIAN_POINT('Ctrl Pts',(15.5329613877931,-90.4555555474427,16.3463477411359));
#6362=CARTESIAN_POINT('Ctrl Pts',(15.6421204639713,-90.4555555474427,16.6050241661425));
#6363=CARTESIAN_POINT('Ctrl Pts',(15.7183964471316,-90.4555555474427,16.9372985306186));
#6364=CARTESIAN_POINT('Ctrl Pts',(15.7174854592944,-90.4555555474427,17.3687247920448));
#6365=CARTESIAN_POINT('Ctrl Pts',(15.7174854592944,-90.9999999918871,17.3687247920448));
#6366=CARTESIAN_POINT('Ctrl Pts',(15.7183964471316,-90.9999999918871,16.9372985306186));
#6367=CARTESIAN_POINT('Ctrl Pts',(15.6421204639713,-90.9999999918871,16.6050241661425));
#6368=CARTESIAN_POINT('Ctrl Pts',(15.5329613877931,-90.9999999918871,16.3463477411359));
#6369=CARTESIAN_POINT('Ctrl Pts',(15.4215093386112,-90.9999999918871,16.0822376125841));
#6370=CARTESIAN_POINT('Ctrl Pts',(15.2814905186649,-90.9999999918871,15.8646660720546));
#6371=CARTESIAN_POINT('Ctrl Pts',(15.0861981231717,-90.9999999918871,15.7422089526174));
#6372=CARTESIAN_POINT('Ctrl Pts',(14.8873330096165,-90.9999999918871,15.6175115781956));
#6373=CARTESIAN_POINT('Ctrl Pts',(14.6569939432819,-90.9999999918871,15.5366953423047));
#6374=CARTESIAN_POINT('Ctrl Pts',(14.3959963050279,-90.9999999918871,15.4936299639056));
#6375=CARTESIAN_POINT('Ctrl Pts',(14.1471724727723,-90.9999999918871,15.4525732993225));
#6376=CARTESIAN_POINT('Ctrl Pts',(13.8796361610325,-90.9999999918871,15.4324441687976));
#6377=CARTESIAN_POINT('Ctrl Pts',(13.5933873698084,-90.9999999918871,15.4332425723308));
#6378=CARTESIAN_POINT('Ctrl Pts',(13.4751541734332,-90.9999999918871,15.4335723477033));
#6379=CARTESIAN_POINT('Ctrl Pts',(13.356920977058,-90.9999999918871,15.4339021230757));
#6380=CARTESIAN_POINT('Ctrl Pts',(13.2386877806828,-90.9999999918871,15.4342318984482));
#6381=CARTESIAN_POINT('Origin',(-31.3948986075703,-90.4555555474427,14.3479538526148));
#6382=CARTESIAN_POINT('Origin',(-31.3948986075703,-90.9999999918871,14.3479538526148));
#6383=CARTESIAN_POINT('Origin',(-2.28636674318645,-90.4555555474427,29.8188937772129));
#6384=CARTESIAN_POINT('',(-2.2837660198448,-90.4555555474427,28.5872413857221));
#6385=CARTESIAN_POINT('',(-2.28636674318645,-90.4555555474427,29.8188937772129));
#6386=CARTESIAN_POINT('',(-2.2837660198448,-90.4555555474427,28.5872413857221));
#6387=CARTESIAN_POINT('',(-2.2837660198448,-90.9999999918871,28.5872413857221));
#6388=CARTESIAN_POINT('',(-2.2837660198448,-90.4555555474427,28.5872413857221));
#6389=CARTESIAN_POINT('',(-2.28636674318645,-90.9999999918871,29.8188937772129));
#6390=CARTESIAN_POINT('',(-2.2837660198448,-90.9999999918871,28.5872413857221));
#6391=CARTESIAN_POINT('',(-2.28636674318645,-90.4555555474427,29.8188937772129));
#6392=CARTESIAN_POINT('Origin',(4.19156785821202,-90.4555555474427,29.800825558123));
#6393=CARTESIAN_POINT('',(4.19156785821202,-90.4555555474427,29.800825558123));
#6394=CARTESIAN_POINT('',(-2.28636674318645,-90.4555555474427,29.818893777213));
#6395=CARTESIAN_POINT('',(4.19156785821202,-90.9999999918871,29.800825558123));
#6396=CARTESIAN_POINT('',(-2.28636674318645,-90.9999999918871,29.818893777213));
#6397=CARTESIAN_POINT('',(4.19156785821202,-90.4555555474427,29.800825558123));
#6398=CARTESIAN_POINT('Origin',(4.19416858155367,-90.4555555474427,28.5691731666321));
#6399=CARTESIAN_POINT('',(4.19416858155367,-90.4555555474427,28.5691731666321));
#6400=CARTESIAN_POINT('',(4.19156785821202,-90.4555555474427,29.800825558123));
#6401=CARTESIAN_POINT('',(4.19416858155367,-90.9999999918871,28.5691731666321));
#6402=CARTESIAN_POINT('',(4.19156785821202,-90.9999999918871,29.800825558123));
#6403=CARTESIAN_POINT('',(4.19416858155367,-90.4555555474427,28.5691731666321));
#6404=CARTESIAN_POINT('Ctrl Pts',(2.51921407974745,-90.4555555474427,26.1105546652587));
#6405=CARTESIAN_POINT('Ctrl Pts',(2.51921407974745,-90.6370370289242,26.1105546652587));
#6406=CARTESIAN_POINT('Ctrl Pts',(2.51921407974745,-90.8185185104057,26.1105546652587));
#6407=CARTESIAN_POINT('Ctrl Pts',(2.51921407974745,-90.9999999918871,26.1105546652587));
#6408=CARTESIAN_POINT('Ctrl Pts',(2.44692226354505,-90.4555555474427,26.3345976102362));
#6409=CARTESIAN_POINT('Ctrl Pts',(2.44692226354505,-90.6370370289242,26.3345976102362));
#6410=CARTESIAN_POINT('Ctrl Pts',(2.44692226354505,-90.8185185104057,26.3345976102362));
#6411=CARTESIAN_POINT('Ctrl Pts',(2.44692226354505,-90.9999999918871,26.3345976102362));
#6412=CARTESIAN_POINT('Ctrl Pts',(2.38765368262105,-90.4555555474427,26.5284284390794));
#6413=CARTESIAN_POINT('Ctrl Pts',(2.38765368262105,-90.6370370289242,26.5284284390794));
#6414=CARTESIAN_POINT('Ctrl Pts',(2.38765368262105,-90.8185185104056,26.5284284390794));
#6415=CARTESIAN_POINT('Ctrl Pts',(2.38765368262105,-90.9999999918871,26.5284284390794));
#6416=CARTESIAN_POINT('Ctrl Pts',(2.31589762946219,-90.4555555474427,26.846581222798));
#6417=CARTESIAN_POINT('Ctrl Pts',(2.31589762946219,-90.6370370289241,26.846581222798));
#6418=CARTESIAN_POINT('Ctrl Pts',(2.31589762946219,-90.8185185104057,26.846581222798));
#6419=CARTESIAN_POINT('Ctrl Pts',(2.31589762946219,-90.9999999918872,26.846581222798));
#6420=CARTESIAN_POINT('Ctrl Pts',(2.31196624360774,-90.4555555474427,27.0087723963008));
#6421=CARTESIAN_POINT('Ctrl Pts',(2.31196624360774,-90.6370370289241,27.0087723963008));
#6422=CARTESIAN_POINT('Ctrl Pts',(2.31196624360774,-90.8185185104056,27.0087723963008));
#6423=CARTESIAN_POINT('Ctrl Pts',(2.31196624360774,-90.9999999918871,27.0087723963008));
#6424=CARTESIAN_POINT('Ctrl Pts',(2.31058506849974,-90.4555555474427,27.6628702765276));
#6425=CARTESIAN_POINT('Ctrl Pts',(2.31058506849974,-90.6370370289242,27.6628702765276));
#6426=CARTESIAN_POINT('Ctrl Pts',(2.31058506849974,-90.8185185104057,27.6628702765276));
#6427=CARTESIAN_POINT('Ctrl Pts',(2.31058506849974,-90.9999999918872,27.6628702765276));
#6428=CARTESIAN_POINT('Ctrl Pts',(2.4342917037213,-90.4555555474426,28.0174060370201));
#6429=CARTESIAN_POINT('Ctrl Pts',(2.4342917037213,-90.6370370289241,28.0174060370201));
#6430=CARTESIAN_POINT('Ctrl Pts',(2.4342917037213,-90.8185185104056,28.0174060370201));
#6431=CARTESIAN_POINT('Ctrl Pts',(2.4342917037213,-90.999999991887,28.0174060370201));
#6432=CARTESIAN_POINT('Ctrl Pts',(2.93882145987886,-90.4555555474427,28.4681924120231));
#6433=CARTESIAN_POINT('Ctrl Pts',(2.93882145987886,-90.6370370289242,28.4681924120231));
#6434=CARTESIAN_POINT('Ctrl Pts',(2.93882145987886,-90.8185185104058,28.4681924120231));
#6435=CARTESIAN_POINT('Ctrl Pts',(2.93882145987886,-90.9999999918872,28.4681924120231));
#6436=CARTESIAN_POINT('Ctrl Pts',(3.33542220788126,-90.4555555474427,28.571568377232));
#6437=CARTESIAN_POINT('Ctrl Pts',(3.33542220788126,-90.6370370289241,28.571568377232));
#6438=CARTESIAN_POINT('Ctrl Pts',(3.33542220788126,-90.8185185104056,28.571568377232));
#6439=CARTESIAN_POINT('Ctrl Pts',(3.33542220788126,-90.9999999918871,28.571568377232));
#6440=CARTESIAN_POINT('Ctrl Pts',(3.97014778842173,-90.4555555474427,28.5697980041799));
#6441=CARTESIAN_POINT('Ctrl Pts',(3.97014778842173,-90.6370370289242,28.5697980041799));
#6442=CARTESIAN_POINT('Ctrl Pts',(3.97014778842173,-90.8185185104057,28.5697980041799));
#6443=CARTESIAN_POINT('Ctrl Pts',(3.97014778842173,-90.9999999918872,28.5697980041799));
#6444=CARTESIAN_POINT('Ctrl Pts',(4.0821581849877,-90.4555555474427,28.569485585406));
#6445=CARTESIAN_POINT('Ctrl Pts',(4.0821581849877,-90.6370370289242,28.569485585406));
#6446=CARTESIAN_POINT('Ctrl Pts',(4.0821581849877,-90.8185185104057,28.569485585406));
#6447=CARTESIAN_POINT('Ctrl Pts',(4.0821581849877,-90.9999999918871,28.569485585406));
#6448=CARTESIAN_POINT('Ctrl Pts',(4.19416858155367,-90.4555555474427,28.5691731666321));
#6449=CARTESIAN_POINT('Ctrl Pts',(4.19416858155367,-90.6370370289242,28.5691731666321));
#6450=CARTESIAN_POINT('Ctrl Pts',(4.19416858155367,-90.8185185104057,28.5691731666321));
#6451=CARTESIAN_POINT('Ctrl Pts',(4.19416858155367,-90.9999999918871,28.5691731666321));
#6452=CARTESIAN_POINT('',(2.51921407974745,-90.4555555474427,26.1105546652587));
#6453=CARTESIAN_POINT('Ctrl Pts',(4.19416858155367,-90.4555555474427,28.5691731666321));
#6454=CARTESIAN_POINT('Ctrl Pts',(4.0821581849877,-90.4555555474427,28.569485585406));
#6455=CARTESIAN_POINT('Ctrl Pts',(3.97014778842173,-90.4555555474427,28.5697980041799));
#6456=CARTESIAN_POINT('Ctrl Pts',(3.85813739185576,-90.4555555474427,28.5701104229538));
#6457=CARTESIAN_POINT('Ctrl Pts',(3.33542220788125,-90.4555555474427,28.571568377232));
#6458=CARTESIAN_POINT('Ctrl Pts',(2.93882145987886,-90.4555555474427,28.4681924120231));
#6459=CARTESIAN_POINT('Ctrl Pts',(2.68273350881931,-90.4555555474427,28.2393833918787));
#6460=CARTESIAN_POINT('Ctrl Pts',(2.4342917037213,-90.4555555474427,28.0174060370201));
#6461=CARTESIAN_POINT('Ctrl Pts',(2.31058506849974,-90.4555555474427,27.6628702765276));
#6462=CARTESIAN_POINT('Ctrl Pts',(2.31161360315463,-90.4555555474427,27.1757761104013));
#6463=CARTESIAN_POINT('Ctrl Pts',(2.31196624360774,-90.4555555474427,27.0087723963008));
#6464=CARTESIAN_POINT('Ctrl Pts',(2.31589762946219,-90.4555555474427,26.846581222798));
#6465=CARTESIAN_POINT('Ctrl Pts',(2.34996424331263,-90.4555555474427,26.6955362927712));
#6466=CARTESIAN_POINT('Ctrl Pts',(2.38765368262105,-90.4555555474427,26.5284284390794));
#6467=CARTESIAN_POINT('Ctrl Pts',(2.44692226354505,-90.4555555474427,26.3345976102362));
#6468=CARTESIAN_POINT('Ctrl Pts',(2.51921407974745,-90.4555555474427,26.1105546652587));
#6469=CARTESIAN_POINT('',(2.51921407974745,-90.9999999918871,26.1105546652587));
#6470=CARTESIAN_POINT('Ctrl Pts',(2.51921407974745,-90.9999999918871,26.1105546652587));
#6471=CARTESIAN_POINT('Ctrl Pts',(2.44692226354505,-90.9999999918871,26.3345976102362));
#6472=CARTESIAN_POINT('Ctrl Pts',(2.38765368262105,-90.9999999918871,26.5284284390794));
#6473=CARTESIAN_POINT('Ctrl Pts',(2.34996424331263,-90.9999999918871,26.6955362927712));
#6474=CARTESIAN_POINT('Ctrl Pts',(2.31589762946219,-90.9999999918871,26.846581222798));
#6475=CARTESIAN_POINT('Ctrl Pts',(2.31196624360774,-90.9999999918871,27.0087723963008));
#6476=CARTESIAN_POINT('Ctrl Pts',(2.31161360315463,-90.9999999918871,27.1757761104013));
#6477=CARTESIAN_POINT('Ctrl Pts',(2.31058506849974,-90.9999999918871,27.6628702765276));
#6478=CARTESIAN_POINT('Ctrl Pts',(2.4342917037213,-90.9999999918871,28.0174060370201));
#6479=CARTESIAN_POINT('Ctrl Pts',(2.68273350881931,-90.9999999918871,28.2393833918787));
#6480=CARTESIAN_POINT('Ctrl Pts',(2.93882145987886,-90.9999999918871,28.4681924120231));
#6481=CARTESIAN_POINT('Ctrl Pts',(3.33542220788125,-90.9999999918871,28.571568377232));
#6482=CARTESIAN_POINT('Ctrl Pts',(3.85813739185576,-90.9999999918871,28.5701104229538));
#6483=CARTESIAN_POINT('Ctrl Pts',(3.97014778842173,-90.9999999918871,28.5697980041799));
#6484=CARTESIAN_POINT('Ctrl Pts',(4.0821581849877,-90.9999999918871,28.569485585406));
#6485=CARTESIAN_POINT('Ctrl Pts',(4.19416858155367,-90.9999999918871,28.5691731666321));
#6486=CARTESIAN_POINT('',(2.51921407974745,-90.4555555474427,26.1105546652587));
#6487=CARTESIAN_POINT('Origin',(4.28559260078679,-90.4555555474427,20.6362884676778));
#6488=CARTESIAN_POINT('',(4.28559260078679,-90.4555555474427,20.6362884676778));
#6489=CARTESIAN_POINT('',(2.51921407974745,-90.4555555474427,26.1105546652587));
#6490=CARTESIAN_POINT('',(4.28559260078679,-90.9999999918871,20.6362884676778));
#6491=CARTESIAN_POINT('',(2.51921407974745,-90.9999999918871,26.1105546652587));
#6492=CARTESIAN_POINT('',(4.28559260078679,-90.4555555474427,20.6362884676778));
#6493=CARTESIAN_POINT('Ctrl Pts',(5.43357769771149,-90.4555555474427,16.2701401792689));
#6494=CARTESIAN_POINT('Ctrl Pts',(5.43357769771149,-90.6370370289242,16.2701401792689));
#6495=CARTESIAN_POINT('Ctrl Pts',(5.43357769771149,-90.8185185104057,16.2701401792689));
#6496=CARTESIAN_POINT('Ctrl Pts',(5.43357769771149,-90.9999999918871,16.2701401792689));
#6497=CARTESIAN_POINT('Ctrl Pts',(5.39574132488093,-90.4555555474427,16.5068329138358));
#6498=CARTESIAN_POINT('Ctrl Pts',(5.39574132488093,-90.6370370289242,16.5068329138358));
#6499=CARTESIAN_POINT('Ctrl Pts',(5.39574132488093,-90.8185185104057,16.5068329138358));
#6500=CARTESIAN_POINT('Ctrl Pts',(5.39574132488093,-90.9999999918871,16.5068329138358));
#6501=CARTESIAN_POINT('Ctrl Pts',(5.32397282264716,-90.4555555474427,16.8037088568538));
#6502=CARTESIAN_POINT('Ctrl Pts',(5.32397282264716,-90.6370370289242,16.8037088568538));
#6503=CARTESIAN_POINT('Ctrl Pts',(5.32397282264716,-90.8185185104057,16.8037088568538));
#6504=CARTESIAN_POINT('Ctrl Pts',(5.32397282264716,-90.9999999918871,16.8037088568538));
#6505=CARTESIAN_POINT('Ctrl Pts',(5.16958999567815,-90.4555555474427,17.5164385240738));
#6506=CARTESIAN_POINT('Ctrl Pts',(5.16958999567815,-90.6370370289242,17.5164385240738));
#6507=CARTESIAN_POINT('Ctrl Pts',(5.16958999567815,-90.8185185104057,17.5164385240738));
#6508=CARTESIAN_POINT('Ctrl Pts',(5.16958999567815,-90.9999999918871,17.5164385240738));
#6509=CARTESIAN_POINT('Ctrl Pts',(5.06726808972911,-90.4555555474427,17.889750283811));
#6510=CARTESIAN_POINT('Ctrl Pts',(5.06726808972911,-90.6370370289242,17.889750283811));
#6511=CARTESIAN_POINT('Ctrl Pts',(5.06726808972911,-90.8185185104057,17.889750283811));
#6512=CARTESIAN_POINT('Ctrl Pts',(5.06726808972911,-90.9999999918872,17.889750283811));
#6513=CARTESIAN_POINT('Ctrl Pts',(4.86220432185462,-90.4555555474427,18.686314996106));
#6514=CARTESIAN_POINT('Ctrl Pts',(4.86220432185462,-90.6370370289242,18.686314996106));
#6515=CARTESIAN_POINT('Ctrl Pts',(4.86220432185462,-90.8185185104057,18.686314996106));
#6516=CARTESIAN_POINT('Ctrl Pts',(4.86220432185462,-90.9999999918871,18.686314996106));
#6517=CARTESIAN_POINT('Ctrl Pts',(4.74154382834545,-90.4555555474427,19.0874333250981));
#6518=CARTESIAN_POINT('Ctrl Pts',(4.74154382834545,-90.6370370289242,19.0874333250981));
#6519=CARTESIAN_POINT('Ctrl Pts',(4.74154382834545,-90.8185185104057,19.0874333250981));
#6520=CARTESIAN_POINT('Ctrl Pts',(4.74154382834545,-90.9999999918871,19.0874333250981));
#6521=CARTESIAN_POINT('Ctrl Pts',(4.51114150254884,-90.4555555474427,19.9119808690281));
#6522=CARTESIAN_POINT('Ctrl Pts',(4.51114150254884,-90.6370370289242,19.9119808690281));
#6523=CARTESIAN_POINT('Ctrl Pts',(4.51114150254884,-90.8185185104057,19.9119808690281));
#6524=CARTESIAN_POINT('Ctrl Pts',(4.51114150254884,-90.9999999918871,19.9119808690281));
#6525=CARTESIAN_POINT('Ctrl Pts',(4.39800133580769,-90.4555555474427,20.287917305377));
#6526=CARTESIAN_POINT('Ctrl Pts',(4.39800133580769,-90.6370370289242,20.287917305377));
#6527=CARTESIAN_POINT('Ctrl Pts',(4.39800133580769,-90.8185185104057,20.287917305377));
#6528=CARTESIAN_POINT('Ctrl Pts',(4.39800133580769,-90.9999999918871,20.287917305377));
#6529=CARTESIAN_POINT('Ctrl Pts',(4.28559260078679,-90.4555555474427,20.6362884676778));
#6530=CARTESIAN_POINT('Ctrl Pts',(4.28559260078679,-90.6370370289242,20.6362884676778));
#6531=CARTESIAN_POINT('Ctrl Pts',(4.28559260078679,-90.8185185104057,20.6362884676778));
#6532=CARTESIAN_POINT('Ctrl Pts',(4.28559260078679,-90.9999999918871,20.6362884676778));
#6533=CARTESIAN_POINT('',(5.43357769771149,-90.4555555474427,16.2701401792689));
#6534=CARTESIAN_POINT('Ctrl Pts',(4.28559260078678,-90.4555555474427,20.6362884676778));
#6535=CARTESIAN_POINT('Ctrl Pts',(4.39800133580769,-90.4555555474427,20.287917305377));
#6536=CARTESIAN_POINT('Ctrl Pts',(4.51114150254884,-90.4555555474427,19.9119808690281));
#6537=CARTESIAN_POINT('Ctrl Pts',(4.62400411354315,-90.4555555474427,19.5080761411781));
#6538=CARTESIAN_POINT('Ctrl Pts',(4.74154382834544,-90.4555555474427,19.0874333250981));
#6539=CARTESIAN_POINT('Ctrl Pts',(4.86220432185462,-90.4555555474427,18.686314996106));
#6540=CARTESIAN_POINT('Ctrl Pts',(4.96259194652606,-90.4555555474427,18.2963619576281));
#6541=CARTESIAN_POINT('Ctrl Pts',(5.06726808972911,-90.4555555474427,17.889750283811));
#6542=CARTESIAN_POINT('Ctrl Pts',(5.16958999567815,-90.4555555474427,17.5164385240738));
#6543=CARTESIAN_POINT('Ctrl Pts',(5.24499826099944,-90.4555555474427,17.1683058405153));
#6544=CARTESIAN_POINT('Ctrl Pts',(5.32397282264716,-90.4555555474427,16.8037088568538));
#6545=CARTESIAN_POINT('Ctrl Pts',(5.39574132488093,-90.4555555474427,16.5068329138358));
#6546=CARTESIAN_POINT('Ctrl Pts',(5.43357769771149,-90.4555555474427,16.2701401792689));
#6547=CARTESIAN_POINT('',(5.43357769771149,-90.9999999918871,16.2701401792689));
#6548=CARTESIAN_POINT('Ctrl Pts',(5.43357769771149,-90.9999999918871,16.2701401792689));
#6549=CARTESIAN_POINT('Ctrl Pts',(5.39574132488093,-90.9999999918871,16.5068329138358));
#6550=CARTESIAN_POINT('Ctrl Pts',(5.32397282264716,-90.9999999918871,16.8037088568538));
#6551=CARTESIAN_POINT('Ctrl Pts',(5.24499826099944,-90.9999999918871,17.1683058405153));
#6552=CARTESIAN_POINT('Ctrl Pts',(5.16958999567815,-90.9999999918871,17.5164385240738));
#6553=CARTESIAN_POINT('Ctrl Pts',(5.06726808972911,-90.9999999918871,17.889750283811));
#6554=CARTESIAN_POINT('Ctrl Pts',(4.96259194652606,-90.9999999918871,18.2963619576281));
#6555=CARTESIAN_POINT('Ctrl Pts',(4.86220432185462,-90.9999999918871,18.686314996106));
#6556=CARTESIAN_POINT('Ctrl Pts',(4.74154382834544,-90.9999999918871,19.0874333250981));
#6557=CARTESIAN_POINT('Ctrl Pts',(4.62400411354315,-90.9999999918871,19.5080761411781));
#6558=CARTESIAN_POINT('Ctrl Pts',(4.51114150254884,-90.9999999918871,19.9119808690281));
#6559=CARTESIAN_POINT('Ctrl Pts',(4.39800133580769,-90.9999999918871,20.287917305377));
#6560=CARTESIAN_POINT('Ctrl Pts',(4.28559260078678,-90.9999999918871,20.6362884676778));
#6561=CARTESIAN_POINT('',(5.43357769771149,-90.4555555474427,16.2701401792689));
#6562=CARTESIAN_POINT('Origin',(5.52691969484979,-90.4555555474427,16.2698798302906));
#6563=CARTESIAN_POINT('',(5.52691969484979,-90.4555555474427,16.2698798302906));
#6564=CARTESIAN_POINT('',(5.43357769771149,-90.4555555474427,16.2701401792689));
#6565=CARTESIAN_POINT('',(5.52691969484979,-90.9999999918871,16.2698798302906));
#6566=CARTESIAN_POINT('',(5.43357769771149,-90.9999999918871,16.2701401792689));
#6567=CARTESIAN_POINT('',(5.52691969484979,-90.4555555474427,16.2698798302906));
#6568=CARTESIAN_POINT('Ctrl Pts',(6.80666404459719,-90.4555555474427,20.2326252242767));
#6569=CARTESIAN_POINT('Ctrl Pts',(6.80666404459719,-90.6370370289242,20.2326252242767));
#6570=CARTESIAN_POINT('Ctrl Pts',(6.80666404459719,-90.8185185104057,20.2326252242767));
#6571=CARTESIAN_POINT('Ctrl Pts',(6.80666404459719,-90.9999999918871,20.2326252242767));
#6572=CARTESIAN_POINT('Ctrl Pts',(6.6913964717529,-90.4555555474427,19.8813936780876));
#6573=CARTESIAN_POINT('Ctrl Pts',(6.6913964717529,-90.6370370289242,19.8813936780876));
#6574=CARTESIAN_POINT('Ctrl Pts',(6.6913964717529,-90.8185185104057,19.8813936780876));
#6575=CARTESIAN_POINT('Ctrl Pts',(6.6913964717529,-90.9999999918871,19.8813936780876));
#6576=CARTESIAN_POINT('Ctrl Pts',(6.55925077415406,-90.4555555474427,19.5235537032918));
#6577=CARTESIAN_POINT('Ctrl Pts',(6.55925077415406,-90.6370370289242,19.5235537032918));
#6578=CARTESIAN_POINT('Ctrl Pts',(6.55925077415406,-90.8185185104057,19.5235537032918));
#6579=CARTESIAN_POINT('Ctrl Pts',(6.55925077415406,-90.9999999918871,19.5235537032918));
#6580=CARTESIAN_POINT('Ctrl Pts',(6.31036916645027,-90.4555555474427,18.768006083865));
#6581=CARTESIAN_POINT('Ctrl Pts',(6.31036916645027,-90.6370370289242,18.768006083865));
#6582=CARTESIAN_POINT('Ctrl Pts',(6.31036916645027,-90.8185185104057,18.768006083865));
#6583=CARTESIAN_POINT('Ctrl Pts',(6.31036916645027,-90.9999999918871,18.768006083865));
#6584=CARTESIAN_POINT('Ctrl Pts',(6.17580281568864,-90.4555555474427,18.4043132303113));
#6585=CARTESIAN_POINT('Ctrl Pts',(6.17580281568864,-90.6370370289242,18.4043132303113));
#6586=CARTESIAN_POINT('Ctrl Pts',(6.17580281568864,-90.8185185104057,18.4043132303113));
#6587=CARTESIAN_POINT('Ctrl Pts',(6.17580281568864,-90.9999999918872,18.4043132303113));
#6588=CARTESIAN_POINT('Ctrl Pts',(5.95192269292855,-90.4555555474427,17.6767464024381));
#6589=CARTESIAN_POINT('Ctrl Pts',(5.95192269292855,-90.6370370289242,17.6767464024381));
#6590=CARTESIAN_POINT('Ctrl Pts',(5.95192269292855,-90.8185185104057,17.6767464024381));
#6591=CARTESIAN_POINT('Ctrl Pts',(5.95192269292855,-90.9999999918872,17.6767464024381));
#6592=CARTESIAN_POINT('Ctrl Pts',(5.82955941590863,-90.4555555474427,17.3475950105271));
#6593=CARTESIAN_POINT('Ctrl Pts',(5.82955941590863,-90.6370370289242,17.3475950105271));
#6594=CARTESIAN_POINT('Ctrl Pts',(5.82955941590863,-90.8185185104057,17.3475950105271));
#6595=CARTESIAN_POINT('Ctrl Pts',(5.82955941590863,-90.9999999918872,17.3475950105271));
#6596=CARTESIAN_POINT('Ctrl Pts',(5.62774153153031,-90.4555555474427,16.7234916466282));
#6597=CARTESIAN_POINT('Ctrl Pts',(5.62774153153031,-90.6370370289242,16.7234916466282));
#6598=CARTESIAN_POINT('Ctrl Pts',(5.62774153153031,-90.8185185104057,16.7234916466282));
#6599=CARTESIAN_POINT('Ctrl Pts',(5.62774153153031,-90.9999999918872,16.7234916466282));
#6600=CARTESIAN_POINT('Ctrl Pts',(5.56384507984316,-90.4555555474427,16.4646133571498));
#6601=CARTESIAN_POINT('Ctrl Pts',(5.56384507984316,-90.6370370289242,16.4646133571498));
#6602=CARTESIAN_POINT('Ctrl Pts',(5.56384507984316,-90.8185185104057,16.4646133571498));
#6603=CARTESIAN_POINT('Ctrl Pts',(5.56384507984316,-90.9999999918871,16.4646133571498));
#6604=CARTESIAN_POINT('Ctrl Pts',(5.52691969484979,-90.4555555474427,16.2698798302906));
#6605=CARTESIAN_POINT('Ctrl Pts',(5.52691969484979,-90.6370370289242,16.2698798302906));
#6606=CARTESIAN_POINT('Ctrl Pts',(5.52691969484979,-90.8185185104057,16.2698798302906));
#6607=CARTESIAN_POINT('Ctrl Pts',(5.52691969484979,-90.9999999918871,16.2698798302906));
#6608=CARTESIAN_POINT('',(6.80666404459719,-90.4555555474427,20.2326252242767));
#6609=CARTESIAN_POINT('Ctrl Pts',(5.52691969484979,-90.4555555474427,16.2698798302906));
#6610=CARTESIAN_POINT('Ctrl Pts',(5.56384507984316,-90.4555555474427,16.4646133571498));
#6611=CARTESIAN_POINT('Ctrl Pts',(5.62774153153031,-90.4555555474427,16.7234916466282));
#6612=CARTESIAN_POINT('Ctrl Pts',(5.73064112645845,-90.4555555474427,17.0416992402531));
#6613=CARTESIAN_POINT('Ctrl Pts',(5.82955941590863,-90.4555555474427,17.3475950105271));
#6614=CARTESIAN_POINT('Ctrl Pts',(5.95192269292855,-90.4555555474427,17.6767464024381));
#6615=CARTESIAN_POINT('Ctrl Pts',(6.06455647343773,-90.4555555474427,18.0427842685342));
#6616=CARTESIAN_POINT('Ctrl Pts',(6.17580281568864,-90.4555555474427,18.4043132303113));
#6617=CARTESIAN_POINT('Ctrl Pts',(6.31036916645027,-90.4555555474427,18.768006083865));
#6618=CARTESIAN_POINT('Ctrl Pts',(6.43558821898914,-90.4555555474427,19.1481424785367));
#6619=CARTESIAN_POINT('Ctrl Pts',(6.55925077415406,-90.4555555474427,19.5235537032918));
#6620=CARTESIAN_POINT('Ctrl Pts',(6.6913964717529,-90.4555555474427,19.8813936780876));
#6621=CARTESIAN_POINT('Ctrl Pts',(6.80666404459719,-90.4555555474427,20.2326252242767));
#6622=CARTESIAN_POINT('',(6.80666404459719,-90.9999999918871,20.2326252242767));
#6623=CARTESIAN_POINT('Ctrl Pts',(6.80666404459719,-90.9999999918871,20.2326252242767));
#6624=CARTESIAN_POINT('Ctrl Pts',(6.6913964717529,-90.9999999918871,19.8813936780876));
#6625=CARTESIAN_POINT('Ctrl Pts',(6.55925077415406,-90.9999999918871,19.5235537032918));
#6626=CARTESIAN_POINT('Ctrl Pts',(6.43558821898914,-90.9999999918871,19.1481424785367));
#6627=CARTESIAN_POINT('Ctrl Pts',(6.31036916645027,-90.9999999918871,18.768006083865));
#6628=CARTESIAN_POINT('Ctrl Pts',(6.17580281568864,-90.9999999918871,18.4043132303113));
#6629=CARTESIAN_POINT('Ctrl Pts',(6.06455647343773,-90.9999999918871,18.0427842685342));
#6630=CARTESIAN_POINT('Ctrl Pts',(5.95192269292855,-90.9999999918871,17.6767464024381));
#6631=CARTESIAN_POINT('Ctrl Pts',(5.82955941590862,-90.9999999918871,17.3475950105271));
#6632=CARTESIAN_POINT('Ctrl Pts',(5.73064112645845,-90.9999999918871,17.0416992402531));
#6633=CARTESIAN_POINT('Ctrl Pts',(5.62774153153031,-90.9999999918871,16.7234916466282));
#6634=CARTESIAN_POINT('Ctrl Pts',(5.56384507984316,-90.9999999918871,16.4646133571498));
#6635=CARTESIAN_POINT('Ctrl Pts',(5.52691969484979,-90.9999999918871,16.2698798302906));
#6636=CARTESIAN_POINT('',(6.80666404459719,-90.4555555474427,20.2326252242767));
#6637=CARTESIAN_POINT('Origin',(8.66155829201438,-90.4555555474427,25.8846690598649));
#6638=CARTESIAN_POINT('',(8.66155829201438,-90.4555555474427,25.8846690598649));
#6639=CARTESIAN_POINT('',(6.80666404459718,-90.4555555474427,20.2326252242767));
#6640=CARTESIAN_POINT('',(8.66155829201438,-90.9999999918871,25.8846690598649));
#6641=CARTESIAN_POINT('',(6.80666404459718,-90.9999999918871,20.2326252242767));
#6642=CARTESIAN_POINT('',(8.66155829201438,-90.4555555474427,25.8846690598649));
#6643=CARTESIAN_POINT('Ctrl Pts',(6.99442849570286,-90.4555555474427,28.5613626972849));
#6644=CARTESIAN_POINT('Ctrl Pts',(6.99442849570286,-90.6370370289242,28.5613626972849));
#6645=CARTESIAN_POINT('Ctrl Pts',(6.99442849570286,-90.8185185104057,28.5613626972849));
#6646=CARTESIAN_POINT('Ctrl Pts',(6.99442849570286,-90.9999999918871,28.5613626972849));
#6647=CARTESIAN_POINT('Ctrl Pts',(7.05665649379507,-90.4555555474427,28.5611891312994));
#6648=CARTESIAN_POINT('Ctrl Pts',(7.05665649379507,-90.6370370289242,28.5611891312994));
#6649=CARTESIAN_POINT('Ctrl Pts',(7.05665649379507,-90.8185185104057,28.5611891312994));
#6650=CARTESIAN_POINT('Ctrl Pts',(7.05665649379507,-90.9999999918871,28.5611891312994));
#6651=CARTESIAN_POINT('Ctrl Pts',(7.11888449188727,-90.4555555474427,28.5610155653139));
#6652=CARTESIAN_POINT('Ctrl Pts',(7.11888449188727,-90.6370370289241,28.5610155653139));
#6653=CARTESIAN_POINT('Ctrl Pts',(7.11888449188727,-90.8185185104056,28.5610155653139));
#6654=CARTESIAN_POINT('Ctrl Pts',(7.11888449188727,-90.9999999918871,28.5610155653139));
#6655=CARTESIAN_POINT('Ctrl Pts',(7.75361007242775,-90.4555555474427,28.5592451922619));
#6656=CARTESIAN_POINT('Ctrl Pts',(7.75361007242775,-90.6370370289242,28.5592451922619));
#6657=CARTESIAN_POINT('Ctrl Pts',(7.75361007242775,-90.8185185104057,28.5592451922619));
#6658=CARTESIAN_POINT('Ctrl Pts',(7.75361007242775,-90.9999999918872,28.5592451922619));
#6659=CARTESIAN_POINT('Ctrl Pts',(8.18321835289938,-90.4555555474427,28.4467117775617));
#6660=CARTESIAN_POINT('Ctrl Pts',(8.18321835289938,-90.6370370289242,28.4467117775617));
#6661=CARTESIAN_POINT('Ctrl Pts',(8.18321835289938,-90.8185185104056,28.4467117775617));
#6662=CARTESIAN_POINT('Ctrl Pts',(8.18321835289938,-90.9999999918871,28.4467117775617));
#6663=CARTESIAN_POINT('Ctrl Pts',(8.75665630988925,-90.4555555474427,27.9997717328939));
#6664=CARTESIAN_POINT('Ctrl Pts',(8.75665630988925,-90.6370370289241,27.9997717328939));
#6665=CARTESIAN_POINT('Ctrl Pts',(8.75665630988925,-90.8185185104057,27.9997717328939));
#6666=CARTESIAN_POINT('Ctrl Pts',(8.75665630988925,-90.9999999918872,27.9997717328939));
#6667=CARTESIAN_POINT('Ctrl Pts',(8.90054475981638,-90.4555555474427,27.6375311505763));
#6668=CARTESIAN_POINT('Ctrl Pts',(8.90054475981638,-90.6370370289242,27.6375311505763));
#6669=CARTESIAN_POINT('Ctrl Pts',(8.90054475981638,-90.8185185104056,27.6375311505763));
#6670=CARTESIAN_POINT('Ctrl Pts',(8.90054475981638,-90.9999999918871,27.6375311505763));
#6671=CARTESIAN_POINT('Ctrl Pts',(8.9019553216288,-90.4555555474427,26.9695162941745));
#6672=CARTESIAN_POINT('Ctrl Pts',(8.9019553216288,-90.6370370289242,26.9695162941745));
#6673=CARTESIAN_POINT('Ctrl Pts',(8.9019553216288,-90.8185185104057,26.9695162941745));
#6674=CARTESIAN_POINT('Ctrl Pts',(8.9019553216288,-90.9999999918871,26.9695162941745));
#6675=CARTESIAN_POINT('Ctrl Pts',(8.8679425016037,-90.4555555474427,26.7771704480944));
#6676=CARTESIAN_POINT('Ctrl Pts',(8.8679425016037,-90.6370370289242,26.7771704480944));
#6677=CARTESIAN_POINT('Ctrl Pts',(8.8679425016037,-90.8185185104056,26.7771704480944));
#6678=CARTESIAN_POINT('Ctrl Pts',(8.8679425016037,-90.9999999918871,26.7771704480944));
#6679=CARTESIAN_POINT('Ctrl Pts',(8.79126732676197,-90.4555555474427,26.3435647850716));
#6680=CARTESIAN_POINT('Ctrl Pts',(8.79126732676197,-90.6370370289241,26.3435647850716));
#6681=CARTESIAN_POINT('Ctrl Pts',(8.79126732676197,-90.8185185104056,26.3435647850716));
#6682=CARTESIAN_POINT('Ctrl Pts',(8.79126732676197,-90.9999999918871,26.3435647850716));
#6683=CARTESIAN_POINT('Ctrl Pts',(8.73873385844046,-90.4555555474427,26.1198305441834));
#6684=CARTESIAN_POINT('Ctrl Pts',(8.73873385844046,-90.6370370289242,26.1198305441834));
#6685=CARTESIAN_POINT('Ctrl Pts',(8.73873385844046,-90.8185185104057,26.1198305441834));
#6686=CARTESIAN_POINT('Ctrl Pts',(8.73873385844046,-90.9999999918871,26.1198305441834));
#6687=CARTESIAN_POINT('Ctrl Pts',(8.66155829201439,-90.4555555474427,25.8846690598649));
#6688=CARTESIAN_POINT('Ctrl Pts',(8.66155829201439,-90.6370370289242,25.8846690598649));
#6689=CARTESIAN_POINT('Ctrl Pts',(8.66155829201439,-90.8185185104057,25.8846690598649));
#6690=CARTESIAN_POINT('Ctrl Pts',(8.66155829201439,-90.9999999918871,25.8846690598649));
#6691=CARTESIAN_POINT('',(6.99442849570286,-90.4555555474427,28.5613626972849));
#6692=CARTESIAN_POINT('Ctrl Pts',(8.66155829201439,-90.4555555474427,25.8846690598649));
#6693=CARTESIAN_POINT('Ctrl Pts',(8.73873385844046,-90.4555555474427,26.1198305441834));
#6694=CARTESIAN_POINT('Ctrl Pts',(8.79126732676198,-90.4555555474427,26.3435647850716));
#6695=CARTESIAN_POINT('Ctrl Pts',(8.82816332505092,-90.4555555474427,26.5522152881059));
#6696=CARTESIAN_POINT('Ctrl Pts',(8.8679425016037,-90.4555555474427,26.7771704480944));
#6697=CARTESIAN_POINT('Ctrl Pts',(8.9019553216288,-90.4555555474427,26.9695162941744));
#6698=CARTESIAN_POINT('Ctrl Pts',(8.9016026811757,-90.4555555474427,27.1365200082749));
#6699=CARTESIAN_POINT('Ctrl Pts',(8.90054475981638,-90.4555555474427,27.6375311505763));
#6700=CARTESIAN_POINT('Ctrl Pts',(8.75665630988925,-90.4555555474427,27.9997717328939));
#6701=CARTESIAN_POINT('Ctrl Pts',(8.46993733139431,-90.4555555474427,28.2232417552278));
#6702=CARTESIAN_POINT('Ctrl Pts',(8.18321835289937,-90.4555555474427,28.4467117775617));
#6703=CARTESIAN_POINT('Ctrl Pts',(7.75361007242775,-90.4555555474427,28.5592451922619));
#6704=CARTESIAN_POINT('Ctrl Pts',(7.18111248997947,-90.4555555474427,28.5608419993284));
#6705=CARTESIAN_POINT('Ctrl Pts',(7.11888449188727,-90.4555555474427,28.5610155653139));
#6706=CARTESIAN_POINT('Ctrl Pts',(7.05665649379507,-90.4555555474427,28.5611891312994));
#6707=CARTESIAN_POINT('Ctrl Pts',(6.99442849570286,-90.4555555474427,28.5613626972849));
#6708=CARTESIAN_POINT('',(6.99442849570286,-90.9999999918871,28.5613626972849));
#6709=CARTESIAN_POINT('Ctrl Pts',(6.99442849570286,-90.9999999918871,28.5613626972849));
#6710=CARTESIAN_POINT('Ctrl Pts',(7.05665649379507,-90.9999999918871,28.5611891312994));
#6711=CARTESIAN_POINT('Ctrl Pts',(7.11888449188727,-90.9999999918871,28.5610155653139));
#6712=CARTESIAN_POINT('Ctrl Pts',(7.18111248997947,-90.9999999918871,28.5608419993284));
#6713=CARTESIAN_POINT('Ctrl Pts',(7.75361007242775,-90.9999999918871,28.5592451922619));
#6714=CARTESIAN_POINT('Ctrl Pts',(8.18321835289937,-90.9999999918871,28.4467117775617));
#6715=CARTESIAN_POINT('Ctrl Pts',(8.46993733139431,-90.9999999918871,28.2232417552278));
#6716=CARTESIAN_POINT('Ctrl Pts',(8.75665630988925,-90.9999999918871,27.9997717328939));
#6717=CARTESIAN_POINT('Ctrl Pts',(8.90054475981638,-90.9999999918871,27.6375311505763));
#6718=CARTESIAN_POINT('Ctrl Pts',(8.9016026811757,-90.9999999918871,27.1365200082749));
#6719=CARTESIAN_POINT('Ctrl Pts',(8.9019553216288,-90.9999999918871,26.9695162941744));
#6720=CARTESIAN_POINT('Ctrl Pts',(8.8679425016037,-90.9999999918871,26.7771704480944));
#6721=CARTESIAN_POINT('Ctrl Pts',(8.82816332505092,-90.9999999918871,26.5522152881059));
#6722=CARTESIAN_POINT('Ctrl Pts',(8.79126732676198,-90.9999999918871,26.3435647850716));
#6723=CARTESIAN_POINT('Ctrl Pts',(8.73873385844046,-90.9999999918871,26.1198305441834));
#6724=CARTESIAN_POINT('Ctrl Pts',(8.66155829201439,-90.9999999918871,25.8846690598649));
#6725=CARTESIAN_POINT('',(6.99442849570286,-90.4555555474427,28.5613626972849));
#6726=CARTESIAN_POINT('Origin',(6.99182777236121,-90.4555555474427,29.7930150887758));
#6727=CARTESIAN_POINT('',(6.99182777236121,-90.4555555474427,29.7930150887758));
#6728=CARTESIAN_POINT('',(6.99442849570286,-90.4555555474427,28.5613626972849));
#6729=CARTESIAN_POINT('',(6.99182777236121,-90.9999999918871,29.7930150887758));
#6730=CARTESIAN_POINT('',(6.99442849570286,-90.9999999918871,28.5613626972849));
#6731=CARTESIAN_POINT('',(6.99182777236121,-90.4555555474427,29.7930150887758));
#6732=CARTESIAN_POINT('Origin',(12.5550108018043,-90.4555555474427,29.7774982896726));
#6733=CARTESIAN_POINT('',(12.5550108018043,-90.4555555474427,29.7774982896726));
#6734=CARTESIAN_POINT('',(6.9918277723612,-90.4555555474427,29.7930150887758));
#6735=CARTESIAN_POINT('',(12.5550108018043,-90.9999999918871,29.7774982896726));
#6736=CARTESIAN_POINT('',(6.9918277723612,-90.9999999918871,29.7930150887758));
#6737=CARTESIAN_POINT('',(12.5550108018043,-90.4555555474427,29.7774982896726));
#6738=CARTESIAN_POINT('Origin',(12.5576115251459,-90.4555555474427,28.5458458981817));
#6739=CARTESIAN_POINT('',(12.5576115251459,-90.4555555474427,28.5458458981817));
#6740=CARTESIAN_POINT('',(12.5550108018043,-90.4555555474427,29.7774982896726));
#6741=CARTESIAN_POINT('',(12.5576115251459,-90.9999999918871,28.5458458981817));
#6742=CARTESIAN_POINT('',(12.5550108018043,-90.9999999918871,29.7774982896726));
#6743=CARTESIAN_POINT('',(12.5576115251459,-90.4555555474427,28.5458458981817));
#6744=CARTESIAN_POINT('Ctrl Pts',(10.2661590416605,-90.4555555474427,26.2977003426903));
#6745=CARTESIAN_POINT('Ctrl Pts',(10.2661590416605,-90.6370370289242,26.2977003426903));
#6746=CARTESIAN_POINT('Ctrl Pts',(10.2661590416605,-90.8185185104057,26.2977003426903));
#6747=CARTESIAN_POINT('Ctrl Pts',(10.2661590416605,-90.9999999918871,26.2977003426903));
#6748=CARTESIAN_POINT('Ctrl Pts',(10.4215866137597,-90.4555555474427,26.7588534591502));
#6749=CARTESIAN_POINT('Ctrl Pts',(10.4215866137597,-90.6370370289242,26.7588534591502));
#6750=CARTESIAN_POINT('Ctrl Pts',(10.4215866137597,-90.8185185104057,26.7588534591502));
#6751=CARTESIAN_POINT('Ctrl Pts',(10.4215866137597,-90.9999999918871,26.7588534591502));
#6752=CARTESIAN_POINT('Ctrl Pts',(10.5693130300468,-90.4555555474427,27.1318684398637));
#6753=CARTESIAN_POINT('Ctrl Pts',(10.5693130300468,-90.6370370289242,27.1318684398637));
#6754=CARTESIAN_POINT('Ctrl Pts',(10.5693130300468,-90.8185185104056,27.1318684398637));
#6755=CARTESIAN_POINT('Ctrl Pts',(10.5693130300468,-90.9999999918871,27.1318684398637));
#6756=CARTESIAN_POINT('Ctrl Pts',(10.8193714255541,-90.4555555474426,27.7212987612475));
#6757=CARTESIAN_POINT('Ctrl Pts',(10.8193714255541,-90.6370370289241,27.7212987612475));
#6758=CARTESIAN_POINT('Ctrl Pts',(10.8193714255541,-90.8185185104057,27.7212987612475));
#6759=CARTESIAN_POINT('Ctrl Pts',(10.8193714255541,-90.9999999918871,27.7212987612475));
#6760=CARTESIAN_POINT('Ctrl Pts',(10.965853095628,-90.4555555474427,27.9449007237962));
#6761=CARTESIAN_POINT('Ctrl Pts',(10.965853095628,-90.6370370289242,27.9449007237962));
#6762=CARTESIAN_POINT('Ctrl Pts',(10.965853095628,-90.8185185104056,27.9449007237962));
#6763=CARTESIAN_POINT('Ctrl Pts',(10.965853095628,-90.9999999918871,27.9449007237962));
#6764=CARTESIAN_POINT('Ctrl Pts',(11.2447534333351,-90.4555555474426,28.2852247884923));
#6765=CARTESIAN_POINT('Ctrl Pts',(11.2447534333351,-90.6370370289241,28.2852247884923));
#6766=CARTESIAN_POINT('Ctrl Pts',(11.2447534333351,-90.8185185104057,28.2852247884923));
#6767=CARTESIAN_POINT('Ctrl Pts',(11.2447534333351,-90.9999999918871,28.2852247884923));
#6768=CARTESIAN_POINT('Ctrl Pts',(11.4092526807345,-90.4555555474427,28.4087106105539));
#6769=CARTESIAN_POINT('Ctrl Pts',(11.4092526807345,-90.6370370289242,28.4087106105539));
#6770=CARTESIAN_POINT('Ctrl Pts',(11.4092526807345,-90.8185185104056,28.4087106105539));
#6771=CARTESIAN_POINT('Ctrl Pts',(11.4092526807345,-90.9999999918871,28.4087106105539));
#6772=CARTESIAN_POINT('Ctrl Pts',(11.7611519229746,-90.4555555474427,28.520233590446));
#6773=CARTESIAN_POINT('Ctrl Pts',(11.7611519229746,-90.6370370289242,28.520233590446));
#6774=CARTESIAN_POINT('Ctrl Pts',(11.7611519229746,-90.8185185104057,28.520233590446));
#6775=CARTESIAN_POINT('Ctrl Pts',(11.7611519229746,-90.9999999918872,28.520233590446));
#6776=CARTESIAN_POINT('Ctrl Pts',(11.9788911428884,-90.4555555474427,28.5474600618468));
#6777=CARTESIAN_POINT('Ctrl Pts',(11.9788911428884,-90.6370370289242,28.5474600618468));
#6778=CARTESIAN_POINT('Ctrl Pts',(11.9788911428884,-90.8185185104056,28.5474600618468));
#6779=CARTESIAN_POINT('Ctrl Pts',(11.9788911428884,-90.9999999918871,28.5474600618468));
#6780=CARTESIAN_POINT('Ctrl Pts',(12.3460363316324,-90.4555555474427,28.5464360225324));
#6781=CARTESIAN_POINT('Ctrl Pts',(12.3460363316324,-90.6370370289242,28.5464360225324));
#6782=CARTESIAN_POINT('Ctrl Pts',(12.3460363316324,-90.8185185104057,28.5464360225324));
#6783=CARTESIAN_POINT('Ctrl Pts',(12.3460363316324,-90.9999999918872,28.5464360225324));
#6784=CARTESIAN_POINT('Ctrl Pts',(12.4518239283892,-90.4555555474427,28.5461409603571));
#6785=CARTESIAN_POINT('Ctrl Pts',(12.4518239283892,-90.6370370289242,28.5461409603571));
#6786=CARTESIAN_POINT('Ctrl Pts',(12.4518239283892,-90.8185185104057,28.5461409603571));
#6787=CARTESIAN_POINT('Ctrl Pts',(12.4518239283892,-90.9999999918871,28.5461409603571));
#6788=CARTESIAN_POINT('Ctrl Pts',(12.5576115251459,-90.4555555474427,28.5458458981817));
#6789=CARTESIAN_POINT('Ctrl Pts',(12.5576115251459,-90.6370370289242,28.5458458981817));
#6790=CARTESIAN_POINT('Ctrl Pts',(12.5576115251459,-90.8185185104057,28.5458458981817));
#6791=CARTESIAN_POINT('Ctrl Pts',(12.5576115251459,-90.9999999918871,28.5458458981817));
#6792=CARTESIAN_POINT('',(10.2661590416605,-90.4555555474427,26.2977003426903));
#6793=CARTESIAN_POINT('Ctrl Pts',(12.5576115251459,-90.4555555474427,28.5458458981817));
#6794=CARTESIAN_POINT('Ctrl Pts',(12.4518239283892,-90.4555555474427,28.5461409603571));
#6795=CARTESIAN_POINT('Ctrl Pts',(12.3460363316324,-90.4555555474427,28.5464360225324));
#6796=CARTESIAN_POINT('Ctrl Pts',(12.2402487348757,-90.4555555474427,28.5467310847078));
#6797=CARTESIAN_POINT('Ctrl Pts',(11.9788911428884,-90.4555555474427,28.5474600618468));
#6798=CARTESIAN_POINT('Ctrl Pts',(11.7611519229746,-90.4555555474427,28.520233590446));
#6799=CARTESIAN_POINT('Ctrl Pts',(11.5870310751341,-90.4555555474427,28.4650516705052));
#6800=CARTESIAN_POINT('Ctrl Pts',(11.4092526807345,-90.4555555474427,28.4087106105539));
#6801=CARTESIAN_POINT('Ctrl Pts',(11.2447534333351,-90.4555555474427,28.2852247884923));
#6802=CARTESIAN_POINT('Ctrl Pts',(11.1024020509777,-90.4555555474427,28.1115225927286));
#6803=CARTESIAN_POINT('Ctrl Pts',(10.965853095628,-90.4555555474427,27.9449007237962));
#6804=CARTESIAN_POINT('Ctrl Pts',(10.8193714255541,-90.4555555474427,27.7212987612475));
#6805=CARTESIAN_POINT('Ctrl Pts',(10.6931519054383,-90.4555555474427,27.4237778075685));
#6806=CARTESIAN_POINT('Ctrl Pts',(10.5693130300468,-90.4555555474427,27.1318684398637));
#6807=CARTESIAN_POINT('Ctrl Pts',(10.4215866137597,-90.4555555474427,26.7588534591502));
#6808=CARTESIAN_POINT('Ctrl Pts',(10.2661590416605,-90.4555555474427,26.2977003426903));
#6809=CARTESIAN_POINT('',(10.2661590416605,-90.9999999918871,26.2977003426903));
#6810=CARTESIAN_POINT('Ctrl Pts',(10.2661590416605,-90.9999999918871,26.2977003426903));
#6811=CARTESIAN_POINT('Ctrl Pts',(10.4215866137597,-90.9999999918871,26.7588534591502));
#6812=CARTESIAN_POINT('Ctrl Pts',(10.5693130300468,-90.9999999918871,27.1318684398637));
#6813=CARTESIAN_POINT('Ctrl Pts',(10.6931519054383,-90.9999999918871,27.4237778075685));
#6814=CARTESIAN_POINT('Ctrl Pts',(10.8193714255541,-90.9999999918871,27.7212987612475));
#6815=CARTESIAN_POINT('Ctrl Pts',(10.965853095628,-90.9999999918871,27.9449007237962));
#6816=CARTESIAN_POINT('Ctrl Pts',(11.1024020509777,-90.9999999918871,28.1115225927286));
#6817=CARTESIAN_POINT('Ctrl Pts',(11.2447534333351,-90.9999999918871,28.2852247884923));
#6818=CARTESIAN_POINT('Ctrl Pts',(11.4092526807345,-90.9999999918871,28.4087106105539));
#6819=CARTESIAN_POINT('Ctrl Pts',(11.5870310751341,-90.9999999918871,28.4650516705052));
#6820=CARTESIAN_POINT('Ctrl Pts',(11.7611519229746,-90.9999999918871,28.520233590446));
#6821=CARTESIAN_POINT('Ctrl Pts',(11.9788911428884,-90.9999999918871,28.5474600618468));
#6822=CARTESIAN_POINT('Ctrl Pts',(12.2402487348757,-90.9999999918871,28.5467310847078));
#6823=CARTESIAN_POINT('Ctrl Pts',(12.3460363316324,-90.9999999918871,28.5464360225324));
#6824=CARTESIAN_POINT('Ctrl Pts',(12.4518239283892,-90.9999999918871,28.5461409603571));
#6825=CARTESIAN_POINT('Ctrl Pts',(12.5576115251459,-90.9999999918871,28.5458458981817));
#6826=CARTESIAN_POINT('',(10.2661590416605,-90.4555555474427,26.2977003426903));
#6827=CARTESIAN_POINT('Origin',(6.20325783973953,-90.4555555474427,14.2430852841792));
#6828=CARTESIAN_POINT('',(6.20325783973953,-90.4555555474427,14.2430852841792));
#6829=CARTESIAN_POINT('',(10.2661590416605,-90.4555555474427,26.2977003426903));
#6830=CARTESIAN_POINT('',(6.20325783973953,-90.9999999918871,14.2430852841792));
#6831=CARTESIAN_POINT('',(10.2661590416605,-90.9999999918871,26.2977003426903));
#6832=CARTESIAN_POINT('',(6.20325783973953,-90.4555555474427,14.2430852841792));
#6833=CARTESIAN_POINT('Origin',(3.83237111242651,-90.4555555474427,14.2496981482266));
#6834=CARTESIAN_POINT('',(3.83237111242651,-90.4555555474427,14.2496981482266));
#6835=CARTESIAN_POINT('',(6.20325783973949,-90.4555555474427,14.2430852841792));
#6836=CARTESIAN_POINT('',(3.83237111242651,-90.9999999918871,14.2496981482266));
#6837=CARTESIAN_POINT('',(6.20325783973949,-90.9999999918871,14.2430852841792));
#6838=CARTESIAN_POINT('',(3.83237111242651,-90.4555555474427,14.2496981482266));
#6839=CARTESIAN_POINT('Origin',(-0.357658954604493,-90.4555555474427,27.0370938413411));
#6840=CARTESIAN_POINT('',(-0.357658954604493,-90.4555555474427,27.0370938413411));
#6841=CARTESIAN_POINT('',(3.83237111242649,-90.4555555474427,14.2496981482266));
#6842=CARTESIAN_POINT('',(-0.357658954604493,-90.9999999918871,27.0370938413411));
#6843=CARTESIAN_POINT('',(3.83237111242649,-90.9999999918871,14.2496981482266));
#6844=CARTESIAN_POINT('',(-0.357658954604493,-90.4555555474427,27.0370938413411));
#6845=CARTESIAN_POINT('Ctrl Pts',(-2.2837660198448,-90.4555555474427,28.5872413857221));
#6846=CARTESIAN_POINT('Ctrl Pts',(-2.2837660198448,-90.6370370289242,28.5872413857221));
#6847=CARTESIAN_POINT('Ctrl Pts',(-2.2837660198448,-90.8185185104057,28.5872413857221));
#6848=CARTESIAN_POINT('Ctrl Pts',(-2.2837660198448,-90.9999999918871,28.5872413857221));
#6849=CARTESIAN_POINT('Ctrl Pts',(-2.25887482060792,-90.4555555474427,28.5871719593279));
#6850=CARTESIAN_POINT('Ctrl Pts',(-2.25887482060792,-90.6370370289242,28.5871719593279));
#6851=CARTESIAN_POINT('Ctrl Pts',(-2.25887482060792,-90.8185185104057,28.5871719593279));
#6852=CARTESIAN_POINT('Ctrl Pts',(-2.25887482060792,-90.9999999918871,28.5871719593279));
#6853=CARTESIAN_POINT('Ctrl Pts',(-2.23398362137103,-90.4555555474427,28.5871025329337));
#6854=CARTESIAN_POINT('Ctrl Pts',(-2.23398362137103,-90.6370370289242,28.5871025329337));
#6855=CARTESIAN_POINT('Ctrl Pts',(-2.23398362137103,-90.8185185104057,28.5871025329337));
#6856=CARTESIAN_POINT('Ctrl Pts',(-2.23398362137103,-90.9999999918871,28.5871025329337));
#6857=CARTESIAN_POINT('Ctrl Pts',(-1.96018042976535,-90.4555555474427,28.5863388425975));
#6858=CARTESIAN_POINT('Ctrl Pts',(-1.96018042976535,-90.6370370289242,28.5863388425975));
#6859=CARTESIAN_POINT('Ctrl Pts',(-1.96018042976535,-90.8185185104057,28.5863388425975));
#6860=CARTESIAN_POINT('Ctrl Pts',(-1.96018042976535,-90.9999999918872,28.5863388425975));
#6861=CARTESIAN_POINT('Ctrl Pts',(-1.74233835638599,-90.4555555474427,28.5648558973857));
#6862=CARTESIAN_POINT('Ctrl Pts',(-1.74233835638599,-90.6370370289242,28.5648558973857));
#6863=CARTESIAN_POINT('Ctrl Pts',(-1.74233835638599,-90.8185185104057,28.5648558973857));
#6864=CARTESIAN_POINT('Ctrl Pts',(-1.74233835638599,-90.9999999918871,28.5648558973857));
#6865=CARTESIAN_POINT('Ctrl Pts',(-1.36602103254956,-90.4555555474427,28.4796850355743));
#6866=CARTESIAN_POINT('Ctrl Pts',(-1.36602103254956,-90.6370370289241,28.4796850355743));
#6867=CARTESIAN_POINT('Ctrl Pts',(-1.36602103254956,-90.8185185104057,28.4796850355743));
#6868=CARTESIAN_POINT('Ctrl Pts',(-1.36602103254956,-90.9999999918871,28.4796850355743));
#6869=CARTESIAN_POINT('Ctrl Pts',(-1.2067955456355,-90.4555555474427,28.382442539635));
#6870=CARTESIAN_POINT('Ctrl Pts',(-1.2067955456355,-90.6370370289242,28.382442539635));
#6871=CARTESIAN_POINT('Ctrl Pts',(-1.2067955456355,-90.8185185104057,28.382442539635));
#6872=CARTESIAN_POINT('Ctrl Pts',(-1.2067955456355,-90.9999999918871,28.382442539635));
#6873=CARTESIAN_POINT('Ctrl Pts',(-0.918421507246434,-90.4555555474427,
28.1475202052895));
#6874=CARTESIAN_POINT('Ctrl Pts',(-0.918421507246434,-90.6370370289241,
28.1475202052895));
#6875=CARTESIAN_POINT('Ctrl Pts',(-0.918421507246434,-90.8185185104057,
28.1475202052895));
#6876=CARTESIAN_POINT('Ctrl Pts',(-0.918421507246434,-90.9999999918871,
28.1475202052895));
#6877=CARTESIAN_POINT('Ctrl Pts',(-0.779801542509937,-90.4555555474427,
27.990888892291));
#6878=CARTESIAN_POINT('Ctrl Pts',(-0.779801542509937,-90.6370370289242,
27.990888892291));
#6879=CARTESIAN_POINT('Ctrl Pts',(-0.779801542509937,-90.8185185104057,
27.990888892291));
#6880=CARTESIAN_POINT('Ctrl Pts',(-0.779801542509937,-90.9999999918871,
27.990888892291));
#6881=CARTESIAN_POINT('Ctrl Pts',(-0.576632416104205,-90.4555555474427,
27.5943803692918));
#6882=CARTESIAN_POINT('Ctrl Pts',(-0.576632416104205,-90.6370370289242,
27.5943803692918));
#6883=CARTESIAN_POINT('Ctrl Pts',(-0.576632416104205,-90.8185185104057,
27.5943803692918));
#6884=CARTESIAN_POINT('Ctrl Pts',(-0.576632416104205,-90.9999999918871,
27.5943803692918));
#6885=CARTESIAN_POINT('Ctrl Pts',(-0.459594912139108,-90.4555555474427,
27.3481883689456));
#6886=CARTESIAN_POINT('Ctrl Pts',(-0.459594912139108,-90.6370370289242,
27.3481883689456));
#6887=CARTESIAN_POINT('Ctrl Pts',(-0.459594912139108,-90.8185185104057,
27.3481883689456));
#6888=CARTESIAN_POINT('Ctrl Pts',(-0.459594912139108,-90.9999999918871,
27.3481883689456));
#6889=CARTESIAN_POINT('Ctrl Pts',(-0.357658954604473,-90.4555555474427,
27.0370938413411));
#6890=CARTESIAN_POINT('Ctrl Pts',(-0.357658954604473,-90.6370370289242,
27.0370938413411));
#6891=CARTESIAN_POINT('Ctrl Pts',(-0.357658954604473,-90.8185185104057,
27.0370938413411));
#6892=CARTESIAN_POINT('Ctrl Pts',(-0.357658954604473,-90.9999999918871,
27.0370938413411));
#6893=CARTESIAN_POINT('Ctrl Pts',(-0.357658954604474,-90.4555555474427,
27.0370938413411));
#6894=CARTESIAN_POINT('Ctrl Pts',(-0.459594912139108,-90.4555555474427,
27.3481883689456));
#6895=CARTESIAN_POINT('Ctrl Pts',(-0.576632416104204,-90.4555555474427,
27.5943803692918));
#6896=CARTESIAN_POINT('Ctrl Pts',(-0.676608626913684,-90.4555555474427,
27.7894957413192));
#6897=CARTESIAN_POINT('Ctrl Pts',(-0.779801542509936,-90.4555555474427,
27.990888892291));
#6898=CARTESIAN_POINT('Ctrl Pts',(-0.918421507246435,-90.4555555474427,
28.1475202052895));
#6899=CARTESIAN_POINT('Ctrl Pts',(-1.06965885619725,-90.4555555474427,28.2707248850666));
#6900=CARTESIAN_POINT('Ctrl Pts',(-1.2067955456355,-90.4555555474427,28.382442539635));
#6901=CARTESIAN_POINT('Ctrl Pts',(-1.36602103254956,-90.4555555474427,28.4796850355743));
#6902=CARTESIAN_POINT('Ctrl Pts',(-1.55556620199609,-90.4555555474427,28.5225842709041));
#6903=CARTESIAN_POINT('Ctrl Pts',(-1.74233835638599,-90.4555555474427,28.5648558973857));
#6904=CARTESIAN_POINT('Ctrl Pts',(-1.96018042976535,-90.4555555474427,28.5863388425975));
#6905=CARTESIAN_POINT('Ctrl Pts',(-2.20909242213416,-90.4555555474427,28.5870331065395));
#6906=CARTESIAN_POINT('Ctrl Pts',(-2.23398362137104,-90.4555555474427,28.5871025329337));
#6907=CARTESIAN_POINT('Ctrl Pts',(-2.25887482060792,-90.4555555474427,28.5871719593279));
#6908=CARTESIAN_POINT('Ctrl Pts',(-2.2837660198448,-90.4555555474427,28.5872413857221));
#6909=CARTESIAN_POINT('Ctrl Pts',(-2.2837660198448,-90.9999999918871,28.5872413857221));
#6910=CARTESIAN_POINT('Ctrl Pts',(-2.25887482060792,-90.9999999918871,28.5871719593279));
#6911=CARTESIAN_POINT('Ctrl Pts',(-2.23398362137104,-90.9999999918871,28.5871025329337));
#6912=CARTESIAN_POINT('Ctrl Pts',(-2.20909242213416,-90.9999999918871,28.5870331065395));
#6913=CARTESIAN_POINT('Ctrl Pts',(-1.96018042976535,-90.9999999918871,28.5863388425975));
#6914=CARTESIAN_POINT('Ctrl Pts',(-1.74233835638599,-90.9999999918871,28.5648558973857));
#6915=CARTESIAN_POINT('Ctrl Pts',(-1.55556620199609,-90.9999999918871,28.5225842709041));
#6916=CARTESIAN_POINT('Ctrl Pts',(-1.36602103254956,-90.9999999918871,28.4796850355743));
#6917=CARTESIAN_POINT('Ctrl Pts',(-1.2067955456355,-90.9999999918871,28.382442539635));
#6918=CARTESIAN_POINT('Ctrl Pts',(-1.06965885619725,-90.9999999918871,28.2707248850666));
#6919=CARTESIAN_POINT('Ctrl Pts',(-0.918421507246435,-90.9999999918871,
28.1475202052895));
#6920=CARTESIAN_POINT('Ctrl Pts',(-0.779801542509936,-90.9999999918871,
27.990888892291));
#6921=CARTESIAN_POINT('Ctrl Pts',(-0.676608626913684,-90.9999999918871,
27.7894957413192));
#6922=CARTESIAN_POINT('Ctrl Pts',(-0.576632416104204,-90.9999999918871,
27.5943803692918));
#6923=CARTESIAN_POINT('Ctrl Pts',(-0.459594912139108,-90.9999999918871,
27.3481883689456));
#6924=CARTESIAN_POINT('Ctrl Pts',(-0.357658954604474,-90.9999999918871,
27.0370938413411));
#6925=CARTESIAN_POINT('Origin',(-31.3948986075703,-90.4555555474427,14.3479538526148));
#6926=CARTESIAN_POINT('Origin',(-31.3948986075703,-90.9999999918871,14.3479538526148));
#6927=CARTESIAN_POINT('Origin',(-31.3974552508554,-90.4555555474427,15.5587307798431));
#6928=CARTESIAN_POINT('',(-31.3948986075703,-90.4555555474427,14.3479538526148));
#6929=CARTESIAN_POINT('',(-31.3974552508554,-90.4555555474427,15.5587307798431));
#6930=CARTESIAN_POINT('',(-31.3948986075703,-90.4555555474427,14.3479538526148));
#6931=CARTESIAN_POINT('',(-31.3948986075703,-90.9999999918871,14.3479538526148));
#6932=CARTESIAN_POINT('',(-31.3948986075703,-90.4555555474427,14.3479538526148));
#6933=CARTESIAN_POINT('',(-31.3974552508554,-90.9999999918871,15.5587307798431));
#6934=CARTESIAN_POINT('',(-31.3948986075703,-90.9999999918871,14.3479538526148));
#6935=CARTESIAN_POINT('',(-31.3974552508554,-90.4555555474427,15.5587307798431));
#6936=CARTESIAN_POINT('Ctrl Pts',(-28.9376345320679,-90.4555555474427,17.6394039930732));
#6937=CARTESIAN_POINT('Ctrl Pts',(-28.9376345320679,-90.6370370289242,17.6394039930732));
#6938=CARTESIAN_POINT('Ctrl Pts',(-28.9376345320679,-90.8185185104057,17.6394039930732));
#6939=CARTESIAN_POINT('Ctrl Pts',(-28.9376345320679,-90.9999999918871,17.6394039930732));
#6940=CARTESIAN_POINT('Ctrl Pts',(-28.9366647708218,-90.4555555474427,17.180143779297));
#6941=CARTESIAN_POINT('Ctrl Pts',(-28.9366647708218,-90.6370370289242,17.180143779297));
#6942=CARTESIAN_POINT('Ctrl Pts',(-28.9366647708218,-90.8185185104057,17.180143779297));
#6943=CARTESIAN_POINT('Ctrl Pts',(-28.9366647708218,-90.9999999918871,17.180143779297));
#6944=CARTESIAN_POINT('Ctrl Pts',(-28.9870487592983,-90.4555555474427,16.8089887840642));
#6945=CARTESIAN_POINT('Ctrl Pts',(-28.9870487592983,-90.6370370289242,16.8089887840642));
#6946=CARTESIAN_POINT('Ctrl Pts',(-28.9870487592983,-90.8185185104056,16.8089887840642));
#6947=CARTESIAN_POINT('Ctrl Pts',(-28.9870487592983,-90.9999999918871,16.8089887840642));
#6948=CARTESIAN_POINT('Ctrl Pts',(-29.2147659330969,-90.4555555474427,16.2693628867667));
#6949=CARTESIAN_POINT('Ctrl Pts',(-29.2147659330969,-90.6370370289242,16.2693628867667));
#6950=CARTESIAN_POINT('Ctrl Pts',(-29.2147659330969,-90.8185185104057,16.2693628867667));
#6951=CARTESIAN_POINT('Ctrl Pts',(-29.2147659330969,-90.9999999918872,16.2693628867667));
#6952=CARTESIAN_POINT('Ctrl Pts',(-29.3679531571936,-90.4555555474427,16.05784044411));
#6953=CARTESIAN_POINT('Ctrl Pts',(-29.3679531571936,-90.6370370289241,16.05784044411));
#6954=CARTESIAN_POINT('Ctrl Pts',(-29.3679531571936,-90.8185185104057,16.05784044411));
#6955=CARTESIAN_POINT('Ctrl Pts',(-29.3679531571936,-90.9999999918871,16.05784044411));
#6956=CARTESIAN_POINT('Ctrl Pts',(-29.7550915951398,-90.4555555474427,15.7698617685391));
#6957=CARTESIAN_POINT('Ctrl Pts',(-29.7550915951398,-90.6370370289242,15.7698617685391));
#6958=CARTESIAN_POINT('Ctrl Pts',(-29.7550915951398,-90.8185185104057,15.7698617685391));
#6959=CARTESIAN_POINT('Ctrl Pts',(-29.7550915951398,-90.9999999918871,15.7698617685391));
#6960=CARTESIAN_POINT('Ctrl Pts',(-29.9768530407755,-90.4555555474427,15.6594686250788));
#6961=CARTESIAN_POINT('Ctrl Pts',(-29.9768530407755,-90.6370370289242,15.6594686250788));
#6962=CARTESIAN_POINT('Ctrl Pts',(-29.9768530407755,-90.8185185104057,15.6594686250788));
#6963=CARTESIAN_POINT('Ctrl Pts',(-29.9768530407755,-90.9999999918871,15.6594686250788));
#6964=CARTESIAN_POINT('Ctrl Pts',(-30.5014161583843,-90.4555555474427,15.5771068939145));
#6965=CARTESIAN_POINT('Ctrl Pts',(-30.5014161583843,-90.6370370289241,15.5771068939145));
#6966=CARTESIAN_POINT('Ctrl Pts',(-30.5014161583843,-90.8185185104057,15.5771068939145));
#6967=CARTESIAN_POINT('Ctrl Pts',(-30.5014161583843,-90.9999999918872,15.5771068939145));
#6968=CARTESIAN_POINT('Ctrl Pts',(-30.7751752699333,-90.4555555474427,15.5569951199881));
#6969=CARTESIAN_POINT('Ctrl Pts',(-30.7751752699333,-90.6370370289242,15.5569951199881));
#6970=CARTESIAN_POINT('Ctrl Pts',(-30.7751752699333,-90.8185185104056,15.5569951199881));
#6971=CARTESIAN_POINT('Ctrl Pts',(-30.7751752699333,-90.9999999918871,15.5569951199881));
#6972=CARTESIAN_POINT('Ctrl Pts',(-31.1734344577234,-90.4555555474427,15.5581059422953));
#6973=CARTESIAN_POINT('Ctrl Pts',(-31.1734344577234,-90.6370370289242,15.5581059422953));
#6974=CARTESIAN_POINT('Ctrl Pts',(-31.1734344577234,-90.8185185104057,15.5581059422953));
#6975=CARTESIAN_POINT('Ctrl Pts',(-31.1734344577234,-90.9999999918871,15.5581059422953));
#6976=CARTESIAN_POINT('Ctrl Pts',(-31.2854448542894,-90.4555555474427,15.5584183610692));
#6977=CARTESIAN_POINT('Ctrl Pts',(-31.2854448542894,-90.6370370289242,15.5584183610692));
#6978=CARTESIAN_POINT('Ctrl Pts',(-31.2854448542894,-90.8185185104057,15.5584183610692));
#6979=CARTESIAN_POINT('Ctrl Pts',(-31.2854448542894,-90.9999999918871,15.5584183610692));
#6980=CARTESIAN_POINT('Ctrl Pts',(-31.3974552508553,-90.4555555474427,15.5587307798431));
#6981=CARTESIAN_POINT('Ctrl Pts',(-31.3974552508553,-90.6370370289242,15.5587307798431));
#6982=CARTESIAN_POINT('Ctrl Pts',(-31.3974552508553,-90.8185185104057,15.5587307798431));
#6983=CARTESIAN_POINT('Ctrl Pts',(-31.3974552508553,-90.9999999918871,15.5587307798431));
#6984=CARTESIAN_POINT('',(-28.9376345320679,-90.4555555474427,17.6394039930732));
#6985=CARTESIAN_POINT('Ctrl Pts',(-31.3974552508554,-90.4555555474427,15.5587307798431));
#6986=CARTESIAN_POINT('Ctrl Pts',(-31.2854448542894,-90.4555555474427,15.5584183610692));
#6987=CARTESIAN_POINT('Ctrl Pts',(-31.1734344577234,-90.4555555474427,15.5581059422953));
#6988=CARTESIAN_POINT('Ctrl Pts',(-31.0614240611574,-90.4555555474427,15.5577935235214));
#6989=CARTESIAN_POINT('Ctrl Pts',(-30.7751752699333,-90.4555555474427,15.5569951199881));
#6990=CARTESIAN_POINT('Ctrl Pts',(-30.5014161583842,-90.4555555474427,15.5771068939145));
#6991=CARTESIAN_POINT('Ctrl Pts',(-30.2401467265103,-90.4555555474427,15.6181288453006));
#6992=CARTESIAN_POINT('Ctrl Pts',(-29.9768530407755,-90.4555555474427,15.6594686250788));
#6993=CARTESIAN_POINT('Ctrl Pts',(-29.7550915951398,-90.4555555474427,15.7698617685391));
#6994=CARTESIAN_POINT('Ctrl Pts',(-29.5687014679074,-90.4555555474427,15.908510832333));
#6995=CARTESIAN_POINT('Ctrl Pts',(-29.3679531571936,-90.4555555474427,16.05784044411));
#6996=CARTESIAN_POINT('Ctrl Pts',(-29.2147659330969,-90.4555555474427,16.2693628867667));
#6997=CARTESIAN_POINT('Ctrl Pts',(-29.103313883915,-90.4555555474427,16.5334730153185));
#6998=CARTESIAN_POINT('Ctrl Pts',(-28.9870487592982,-90.4555555474427,16.8089887840642));
#6999=CARTESIAN_POINT('Ctrl Pts',(-28.9366647708218,-90.4555555474427,17.180143779297));
#7000=CARTESIAN_POINT('Ctrl Pts',(-28.9376345320679,-90.4555555474427,17.6394039930732));
#7001=CARTESIAN_POINT('',(-28.9376345320679,-90.9999999918871,17.6394039930732));
#7002=CARTESIAN_POINT('Ctrl Pts',(-28.9376345320679,-90.9999999918871,17.6394039930732));
#7003=CARTESIAN_POINT('Ctrl Pts',(-28.9366647708218,-90.9999999918871,17.180143779297));
#7004=CARTESIAN_POINT('Ctrl Pts',(-28.9870487592982,-90.9999999918871,16.8089887840642));
#7005=CARTESIAN_POINT('Ctrl Pts',(-29.103313883915,-90.9999999918871,16.5334730153185));
#7006=CARTESIAN_POINT('Ctrl Pts',(-29.2147659330969,-90.9999999918871,16.2693628867667));
#7007=CARTESIAN_POINT('Ctrl Pts',(-29.3679531571936,-90.9999999918871,16.05784044411));
#7008=CARTESIAN_POINT('Ctrl Pts',(-29.5687014679074,-90.9999999918871,15.908510832333));
#7009=CARTESIAN_POINT('Ctrl Pts',(-29.7550915951398,-90.9999999918871,15.7698617685391));
#7010=CARTESIAN_POINT('Ctrl Pts',(-29.9768530407755,-90.9999999918871,15.6594686250788));
#7011=CARTESIAN_POINT('Ctrl Pts',(-30.2401467265103,-90.9999999918871,15.6181288453006));
#7012=CARTESIAN_POINT('Ctrl Pts',(-30.5014161583842,-90.9999999918871,15.5771068939145));
#7013=CARTESIAN_POINT('Ctrl Pts',(-30.7751752699333,-90.9999999918871,15.5569951199881));
#7014=CARTESIAN_POINT('Ctrl Pts',(-31.0614240611574,-90.9999999918871,15.5577935235214));
#7015=CARTESIAN_POINT('Ctrl Pts',(-31.1734344577234,-90.9999999918871,15.5581059422953));
#7016=CARTESIAN_POINT('Ctrl Pts',(-31.2854448542894,-90.9999999918871,15.5584183610692));
#7017=CARTESIAN_POINT('Ctrl Pts',(-31.3974552508554,-90.9999999918871,15.5587307798431));
#7018=CARTESIAN_POINT('',(-28.9376345320679,-90.4555555474427,17.6394039930732));
#7019=CARTESIAN_POINT('Origin',(-28.9673885702986,-90.4555555474427,31.7303423702993));
#7020=CARTESIAN_POINT('',(-28.9673885702986,-90.4555555474427,31.7303423702993));
#7021=CARTESIAN_POINT('',(-28.9376345320679,-90.4555555474427,17.6394039930732));
#7022=CARTESIAN_POINT('',(-28.9673885702986,-90.9999999918871,31.7303423702993));
#7023=CARTESIAN_POINT('',(-28.9376345320679,-90.9999999918871,17.6394039930732));
#7024=CARTESIAN_POINT('',(-28.9673885702986,-90.4555555474427,31.7303423702993));
#7025=CARTESIAN_POINT('Ctrl Pts',(-31.4360253004137,-90.4555555474427,33.8247620095806));
#7026=CARTESIAN_POINT('Ctrl Pts',(-31.4360253004137,-90.6370370289242,33.8247620095806));
#7027=CARTESIAN_POINT('Ctrl Pts',(-31.4360253004137,-90.8185185104057,33.8247620095806));
#7028=CARTESIAN_POINT('Ctrl Pts',(-31.4360253004137,-90.9999999918871,33.8247620095806));
#7029=CARTESIAN_POINT('Ctrl Pts',(-31.3240149038477,-90.4555555474427,33.8244495908067));
#7030=CARTESIAN_POINT('Ctrl Pts',(-31.3240149038477,-90.6370370289242,33.8244495908067));
#7031=CARTESIAN_POINT('Ctrl Pts',(-31.3240149038477,-90.8185185104057,33.8244495908067));
#7032=CARTESIAN_POINT('Ctrl Pts',(-31.3240149038477,-90.9999999918871,33.8244495908067));
#7033=CARTESIAN_POINT('Ctrl Pts',(-31.2120045072817,-90.4555555474427,33.8241371720328));
#7034=CARTESIAN_POINT('Ctrl Pts',(-31.2120045072817,-90.6370370289241,33.8241371720328));
#7035=CARTESIAN_POINT('Ctrl Pts',(-31.2120045072817,-90.8185185104057,33.8241371720328));
#7036=CARTESIAN_POINT('Ctrl Pts',(-31.2120045072817,-90.9999999918871,33.8241371720328));
#7037=CARTESIAN_POINT('Ctrl Pts',(-30.8137453194916,-90.4555555474427,33.8230263497256));
#7038=CARTESIAN_POINT('Ctrl Pts',(-30.8137453194916,-90.6370370289242,33.8230263497256));
#7039=CARTESIAN_POINT('Ctrl Pts',(-30.8137453194916,-90.8185185104057,33.8230263497256));
#7040=CARTESIAN_POINT('Ctrl Pts',(-30.8137453194916,-90.9999999918871,33.8230263497256));
#7041=CARTESIAN_POINT('Ctrl Pts',(-30.5398980478293,-90.4555555474427,33.8013871951269));
#7042=CARTESIAN_POINT('Ctrl Pts',(-30.5398980478293,-90.6370370289242,33.8013871951269));
#7043=CARTESIAN_POINT('Ctrl Pts',(-30.5398980478293,-90.8185185104056,33.8013871951269));
#7044=CARTESIAN_POINT('Ctrl Pts',(-30.5398980478293,-90.9999999918871,33.8013871951269));
#7045=CARTESIAN_POINT('Ctrl Pts',(-30.01498092368,-90.4555555474427,33.7160982595208));
#7046=CARTESIAN_POINT('Ctrl Pts',(-30.01498092368,-90.6370370289242,33.7160982595208));
#7047=CARTESIAN_POINT('Ctrl Pts',(-30.01498092368,-90.8185185104057,33.7160982595208));
#7048=CARTESIAN_POINT('Ctrl Pts',(-30.01498092368,-90.9999999918871,33.7160982595208));
#7049=CARTESIAN_POINT('Ctrl Pts',(-29.7927506568609,-90.4555555474427,33.6044667368504));
#7050=CARTESIAN_POINT('Ctrl Pts',(-29.7927506568609,-90.6370370289242,33.6044667368504));
#7051=CARTESIAN_POINT('Ctrl Pts',(-29.7927506568609,-90.8185185104057,33.6044667368504));
#7052=CARTESIAN_POINT('Ctrl Pts',(-29.7927506568609,-90.9999999918871,33.6044667368504));
#7053=CARTESIAN_POINT('Ctrl Pts',(-29.4043914758403,-90.4555555474427,33.3143250476424));
#7054=CARTESIAN_POINT('Ctrl Pts',(-29.4043914758403,-90.6370370289242,33.3143250476424));
#7055=CARTESIAN_POINT('Ctrl Pts',(-29.4043914758403,-90.8185185104057,33.3143250476424));
#7056=CARTESIAN_POINT('Ctrl Pts',(-29.4043914758403,-90.9999999918871,33.3143250476424));
#7057=CARTESIAN_POINT('Ctrl Pts',(-29.2503091520994,-90.4555555474427,33.1019455704753));
#7058=CARTESIAN_POINT('Ctrl Pts',(-29.2503091520994,-90.6370370289242,33.1019455704753));
#7059=CARTESIAN_POINT('Ctrl Pts',(-29.2503091520994,-90.8185185104057,33.1019455704753));
#7060=CARTESIAN_POINT('Ctrl Pts',(-29.2503091520994,-90.9999999918871,33.1019455704753));
#7061=CARTESIAN_POINT('Ctrl Pts',(-29.0203103641136,-90.4555555474427,32.5610430143679));
#7062=CARTESIAN_POINT('Ctrl Pts',(-29.0203103641136,-90.6370370289242,32.5610430143679));
#7063=CARTESIAN_POINT('Ctrl Pts',(-29.0203103641136,-90.8185185104056,32.5610430143679));
#7064=CARTESIAN_POINT('Ctrl Pts',(-29.0203103641136,-90.9999999918871,32.5610430143679));
#7065=CARTESIAN_POINT('Ctrl Pts',(-28.9683583315446,-90.4555555474427,32.1896025840756));
#7066=CARTESIAN_POINT('Ctrl Pts',(-28.9683583315446,-90.6370370289242,32.1896025840756));
#7067=CARTESIAN_POINT('Ctrl Pts',(-28.9683583315446,-90.8185185104057,32.1896025840756));
#7068=CARTESIAN_POINT('Ctrl Pts',(-28.9683583315446,-90.9999999918871,32.1896025840756));
#7069=CARTESIAN_POINT('Ctrl Pts',(-28.9673885702986,-90.4555555474427,31.7303423702993));
#7070=CARTESIAN_POINT('Ctrl Pts',(-28.9673885702986,-90.6370370289242,31.7303423702993));
#7071=CARTESIAN_POINT('Ctrl Pts',(-28.9673885702986,-90.8185185104057,31.7303423702993));
#7072=CARTESIAN_POINT('Ctrl Pts',(-28.9673885702986,-90.9999999918871,31.7303423702993));
#7073=CARTESIAN_POINT('',(-31.4360253004137,-90.4555555474427,33.8247620095806));
#7074=CARTESIAN_POINT('Ctrl Pts',(-28.9673885702986,-90.4555555474427,31.7303423702993));
#7075=CARTESIAN_POINT('Ctrl Pts',(-28.9683583315446,-90.4555555474427,32.1896025840756));
#7076=CARTESIAN_POINT('Ctrl Pts',(-29.0203103641136,-90.4555555474427,32.5610430143679));
#7077=CARTESIAN_POINT('Ctrl Pts',(-29.1377404081494,-90.4555555474427,32.8372106043757));
#7078=CARTESIAN_POINT('Ctrl Pts',(-29.2503091520994,-90.4555555474427,33.1019455704753));
#7079=CARTESIAN_POINT('Ctrl Pts',(-29.4043914758403,-90.4555555474427,33.3143250476424));
#7080=CARTESIAN_POINT('Ctrl Pts',(-29.60577279554,-90.4555555474427,33.4647762771436));
#7081=CARTESIAN_POINT('Ctrl Pts',(-29.7927506568609,-90.4555555474427,33.6044667368504));
#7082=CARTESIAN_POINT('Ctrl Pts',(-30.01498092368,-90.4555555474427,33.7160982595208));
#7083=CARTESIAN_POINT('Ctrl Pts',(-30.2784522957288,-90.4555555474427,33.7589072894627));
#7084=CARTESIAN_POINT('Ctrl Pts',(-30.5398980478293,-90.4555555474427,33.8013871951269));
#7085=CARTESIAN_POINT('Ctrl Pts',(-30.8137453194916,-90.4555555474427,33.8230263497256));
#7086=CARTESIAN_POINT('Ctrl Pts',(-31.0999941107158,-90.4555555474427,33.8238247532589));
#7087=CARTESIAN_POINT('Ctrl Pts',(-31.2120045072817,-90.4555555474427,33.8241371720328));
#7088=CARTESIAN_POINT('Ctrl Pts',(-31.3240149038477,-90.4555555474427,33.8244495908067));
#7089=CARTESIAN_POINT('Ctrl Pts',(-31.4360253004137,-90.4555555474427,33.8247620095806));
#7090=CARTESIAN_POINT('',(-31.4360253004137,-90.9999999918871,33.8247620095806));
#7091=CARTESIAN_POINT('Ctrl Pts',(-31.4360253004137,-90.9999999918871,33.8247620095806));
#7092=CARTESIAN_POINT('Ctrl Pts',(-31.3240149038477,-90.9999999918871,33.8244495908067));
#7093=CARTESIAN_POINT('Ctrl Pts',(-31.2120045072817,-90.9999999918871,33.8241371720328));
#7094=CARTESIAN_POINT('Ctrl Pts',(-31.0999941107158,-90.9999999918871,33.8238247532589));
#7095=CARTESIAN_POINT('Ctrl Pts',(-30.8137453194916,-90.9999999918871,33.8230263497256));
#7096=CARTESIAN_POINT('Ctrl Pts',(-30.5398980478293,-90.9999999918871,33.8013871951269));
#7097=CARTESIAN_POINT('Ctrl Pts',(-30.2784522957288,-90.9999999918871,33.7589072894627));
#7098=CARTESIAN_POINT('Ctrl Pts',(-30.01498092368,-90.9999999918871,33.7160982595208));
#7099=CARTESIAN_POINT('Ctrl Pts',(-29.7927506568609,-90.9999999918871,33.6044667368504));
#7100=CARTESIAN_POINT('Ctrl Pts',(-29.60577279554,-90.9999999918871,33.4647762771436));
#7101=CARTESIAN_POINT('Ctrl Pts',(-29.4043914758403,-90.9999999918871,33.3143250476424));
#7102=CARTESIAN_POINT('Ctrl Pts',(-29.2503091520994,-90.9999999918871,33.1019455704753));
#7103=CARTESIAN_POINT('Ctrl Pts',(-29.1377404081494,-90.9999999918871,32.8372106043757));
#7104=CARTESIAN_POINT('Ctrl Pts',(-29.0203103641136,-90.9999999918871,32.5610430143679));
#7105=CARTESIAN_POINT('Ctrl Pts',(-28.9683583315446,-90.9999999918871,32.1896025840756));
#7106=CARTESIAN_POINT('Ctrl Pts',(-28.9673885702986,-90.9999999918871,31.7303423702993));
#7107=CARTESIAN_POINT('',(-31.4360253004137,-90.4555555474427,33.8247620095806));
#7108=CARTESIAN_POINT('Origin',(-31.4386260237553,-90.4555555474427,35.0564144010714));
#7109=CARTESIAN_POINT('',(-31.4386260237553,-90.4555555474427,35.0564144010714));
#7110=CARTESIAN_POINT('',(-31.4360253004137,-90.4555555474427,33.8247620095806));
#7111=CARTESIAN_POINT('',(-31.4386260237553,-90.9999999918871,35.0564144010714));
#7112=CARTESIAN_POINT('',(-31.4360253004137,-90.9999999918871,33.8247620095806));
#7113=CARTESIAN_POINT('',(-31.4386260237553,-90.4555555474427,35.0564144010714));
#7114=CARTESIAN_POINT('Origin',(-23.8965926549802,-90.4555555474427,35.0353782036296));
#7115=CARTESIAN_POINT('',(-23.8965926549802,-90.4555555474427,35.0353782036296));
#7116=CARTESIAN_POINT('',(-31.4386260237553,-90.4555555474427,35.0564144010715));
#7117=CARTESIAN_POINT('',(-23.8965926549802,-90.9999999918871,35.0353782036296));
#7118=CARTESIAN_POINT('',(-31.4386260237553,-90.9999999918871,35.0564144010715));
#7119=CARTESIAN_POINT('',(-23.8965926549802,-90.4555555474427,35.0353782036296));
#7120=CARTESIAN_POINT('Origin',(-23.8939919316385,-90.4555555474427,33.8037258121387));
#7121=CARTESIAN_POINT('',(-23.8939919316385,-90.4555555474427,33.8037258121387));
#7122=CARTESIAN_POINT('',(-23.8965926549802,-90.4555555474427,35.0353782036296));
#7123=CARTESIAN_POINT('',(-23.8939919316385,-90.9999999918871,33.8037258121387));
#7124=CARTESIAN_POINT('',(-23.8965926549802,-90.9999999918871,35.0353782036296));
#7125=CARTESIAN_POINT('',(-23.8939919316385,-90.4555555474427,33.8037258121387));
#7126=CARTESIAN_POINT('Ctrl Pts',(-26.3540771307658,-90.4555555474427,31.8483053844839));
#7127=CARTESIAN_POINT('Ctrl Pts',(-26.3540771307658,-90.6370370289242,31.8483053844839));
#7128=CARTESIAN_POINT('Ctrl Pts',(-26.3540771307658,-90.8185185104057,31.8483053844839));
#7129=CARTESIAN_POINT('Ctrl Pts',(-26.3540771307658,-90.9999999918871,31.8483053844839));
#7130=CARTESIAN_POINT('Ctrl Pts',(-26.3549587318986,-90.4555555474427,32.265814669735));
#7131=CARTESIAN_POINT('Ctrl Pts',(-26.3549587318986,-90.6370370289242,32.265814669735));
#7132=CARTESIAN_POINT('Ctrl Pts',(-26.3549587318986,-90.8185185104057,32.265814669735));
#7133=CARTESIAN_POINT('Ctrl Pts',(-26.3549587318986,-90.9999999918871,32.265814669735));
#7134=CARTESIAN_POINT('Ctrl Pts',(-26.299673507874,-90.4555555474427,32.6066243766365));
#7135=CARTESIAN_POINT('Ctrl Pts',(-26.299673507874,-90.6370370289242,32.6066243766365));
#7136=CARTESIAN_POINT('Ctrl Pts',(-26.299673507874,-90.8185185104057,32.6066243766365));
#7137=CARTESIAN_POINT('Ctrl Pts',(-26.299673507874,-90.9999999918871,32.6066243766365));
#7138=CARTESIAN_POINT('Ctrl Pts',(-26.0767694095103,-90.4555555474426,33.1348446337402));
#7139=CARTESIAN_POINT('Ctrl Pts',(-26.0767694095103,-90.6370370289241,33.1348446337402));
#7140=CARTESIAN_POINT('Ctrl Pts',(-26.0767694095103,-90.8185185104056,33.1348446337402));
#7141=CARTESIAN_POINT('Ctrl Pts',(-26.0767694095103,-90.9999999918871,33.1348446337402));
#7142=CARTESIAN_POINT('Ctrl Pts',(-25.9178668643248,-90.4555555474427,33.3297102489866));
#7143=CARTESIAN_POINT('Ctrl Pts',(-25.9178668643248,-90.6370370289242,33.3297102489866));
#7144=CARTESIAN_POINT('Ctrl Pts',(-25.9178668643248,-90.8185185104056,33.3297102489866));
#7145=CARTESIAN_POINT('Ctrl Pts',(-25.9178668643248,-90.9999999918871,33.3297102489866));
#7146=CARTESIAN_POINT('Ctrl Pts',(-25.5363996674107,-90.4555555474426,33.6134702877052));
#7147=CARTESIAN_POINT('Ctrl Pts',(-25.5363996674107,-90.6370370289241,33.6134702877052));
#7148=CARTESIAN_POINT('Ctrl Pts',(-25.5363996674107,-90.8185185104056,33.6134702877052));
#7149=CARTESIAN_POINT('Ctrl Pts',(-25.5363996674107,-90.9999999918871,33.6134702877052));
#7150=CARTESIAN_POINT('Ctrl Pts',(-25.3125698878576,-90.4555555474427,33.7033057952952));
#7151=CARTESIAN_POINT('Ctrl Pts',(-25.3125698878576,-90.6370370289242,33.7033057952952));
#7152=CARTESIAN_POINT('Ctrl Pts',(-25.3125698878576,-90.8185185104057,33.7033057952952));
#7153=CARTESIAN_POINT('Ctrl Pts',(-25.3125698878576,-90.9999999918872,33.7033057952952));
#7154=CARTESIAN_POINT('Ctrl Pts',(-24.7900310241096,-90.4555555474427,33.7853496980673));
#7155=CARTESIAN_POINT('Ctrl Pts',(-24.7900310241096,-90.6370370289241,33.7853496980673));
#7156=CARTESIAN_POINT('Ctrl Pts',(-24.7900310241096,-90.8185185104056,33.7853496980673));
#7157=CARTESIAN_POINT('Ctrl Pts',(-24.7900310241096,-90.9999999918871,33.7853496980673));
#7158=CARTESIAN_POINT('Ctrl Pts',(-24.5162719125606,-90.4555555474427,33.8054614719937));
#7159=CARTESIAN_POINT('Ctrl Pts',(-24.5162719125606,-90.6370370289242,33.8054614719937));
#7160=CARTESIAN_POINT('Ctrl Pts',(-24.5162719125606,-90.8185185104057,33.8054614719937));
#7161=CARTESIAN_POINT('Ctrl Pts',(-24.5162719125606,-90.9999999918871,33.8054614719937));
#7162=CARTESIAN_POINT('Ctrl Pts',(-24.1180127247705,-90.4555555474427,33.8043506496865));
#7163=CARTESIAN_POINT('Ctrl Pts',(-24.1180127247705,-90.6370370289242,33.8043506496865));
#7164=CARTESIAN_POINT('Ctrl Pts',(-24.1180127247705,-90.8185185104057,33.8043506496865));
#7165=CARTESIAN_POINT('Ctrl Pts',(-24.1180127247705,-90.9999999918871,33.8043506496865));
#7166=CARTESIAN_POINT('Ctrl Pts',(-24.0060023282045,-90.4555555474427,33.8040382309126));
#7167=CARTESIAN_POINT('Ctrl Pts',(-24.0060023282045,-90.6370370289242,33.8040382309126));
#7168=CARTESIAN_POINT('Ctrl Pts',(-24.0060023282045,-90.8185185104057,33.8040382309126));
#7169=CARTESIAN_POINT('Ctrl Pts',(-24.0060023282045,-90.9999999918871,33.8040382309126));
#7170=CARTESIAN_POINT('Ctrl Pts',(-23.8939919316385,-90.4555555474427,33.8037258121387));
#7171=CARTESIAN_POINT('Ctrl Pts',(-23.8939919316385,-90.6370370289242,33.8037258121387));
#7172=CARTESIAN_POINT('Ctrl Pts',(-23.8939919316385,-90.8185185104057,33.8037258121387));
#7173=CARTESIAN_POINT('Ctrl Pts',(-23.8939919316385,-90.9999999918871,33.8037258121387));
#7174=CARTESIAN_POINT('',(-26.3540771307658,-90.4555555474427,31.8483053844839));
#7175=CARTESIAN_POINT('Ctrl Pts',(-23.8939919316385,-90.4555555474427,33.8037258121387));
#7176=CARTESIAN_POINT('Ctrl Pts',(-24.0060023282045,-90.4555555474427,33.8040382309126));
#7177=CARTESIAN_POINT('Ctrl Pts',(-24.1180127247705,-90.4555555474427,33.8043506496865));
#7178=CARTESIAN_POINT('Ctrl Pts',(-24.2300231213364,-90.4555555474427,33.8046630684604));
#7179=CARTESIAN_POINT('Ctrl Pts',(-24.5162719125606,-90.4555555474427,33.8054614719936));
#7180=CARTESIAN_POINT('Ctrl Pts',(-24.7900310241096,-90.4555555474427,33.7853496980673));
#7181=CARTESIAN_POINT('Ctrl Pts',(-25.0513004559836,-90.4555555474427,33.7443277466812));
#7182=CARTESIAN_POINT('Ctrl Pts',(-25.3125698878576,-90.4555555474427,33.7033057952952));
#7183=CARTESIAN_POINT('Ctrl Pts',(-25.5363996674108,-90.4555555474427,33.6134702877052));
#7184=CARTESIAN_POINT('Ctrl Pts',(-25.7227897946431,-90.4555555474427,33.4748212239113));
#7185=CARTESIAN_POINT('Ctrl Pts',(-25.9178668643248,-90.4555555474427,33.3297102489866));
#7186=CARTESIAN_POINT('Ctrl Pts',(-26.0767694095103,-90.4555555474427,33.1348446337402));
#7187=CARTESIAN_POINT('Ctrl Pts',(-26.1882214586922,-90.4555555474427,32.8707345051884));
#7188=CARTESIAN_POINT('Ctrl Pts',(-26.299673507874,-90.4555555474427,32.6066243766365));
#7189=CARTESIAN_POINT('Ctrl Pts',(-26.3549587318986,-90.4555555474427,32.265814669735));
#7190=CARTESIAN_POINT('Ctrl Pts',(-26.3540771307658,-90.4555555474427,31.8483053844839));
#7191=CARTESIAN_POINT('',(-26.3540771307658,-90.9999999918871,31.8483053844839));
#7192=CARTESIAN_POINT('Ctrl Pts',(-26.3540771307658,-90.9999999918871,31.8483053844839));
#7193=CARTESIAN_POINT('Ctrl Pts',(-26.3549587318986,-90.9999999918871,32.265814669735));
#7194=CARTESIAN_POINT('Ctrl Pts',(-26.299673507874,-90.9999999918871,32.6066243766365));
#7195=CARTESIAN_POINT('Ctrl Pts',(-26.1882214586922,-90.9999999918871,32.8707345051884));
#7196=CARTESIAN_POINT('Ctrl Pts',(-26.0767694095103,-90.9999999918871,33.1348446337402));
#7197=CARTESIAN_POINT('Ctrl Pts',(-25.9178668643248,-90.9999999918871,33.3297102489866));
#7198=CARTESIAN_POINT('Ctrl Pts',(-25.7227897946431,-90.9999999918871,33.4748212239113));
#7199=CARTESIAN_POINT('Ctrl Pts',(-25.5363996674108,-90.9999999918871,33.6134702877052));
#7200=CARTESIAN_POINT('Ctrl Pts',(-25.3125698878576,-90.9999999918871,33.7033057952952));
#7201=CARTESIAN_POINT('Ctrl Pts',(-25.0513004559836,-90.9999999918871,33.7443277466812));
#7202=CARTESIAN_POINT('Ctrl Pts',(-24.7900310241096,-90.9999999918871,33.7853496980673));
#7203=CARTESIAN_POINT('Ctrl Pts',(-24.5162719125606,-90.9999999918871,33.8054614719936));
#7204=CARTESIAN_POINT('Ctrl Pts',(-24.2300231213364,-90.9999999918871,33.8046630684604));
#7205=CARTESIAN_POINT('Ctrl Pts',(-24.1180127247705,-90.9999999918871,33.8043506496865));
#7206=CARTESIAN_POINT('Ctrl Pts',(-24.0060023282045,-90.9999999918871,33.8040382309126));
#7207=CARTESIAN_POINT('Ctrl Pts',(-23.8939919316385,-90.9999999918871,33.8037258121387));
#7208=CARTESIAN_POINT('',(-26.3540771307658,-90.4555555474427,31.8483053844839));
#7209=CARTESIAN_POINT('Origin',(-26.3201354871545,-90.4555555474427,15.7741979023149));
#7210=CARTESIAN_POINT('',(-26.3201354871545,-90.4555555474427,15.7741979023149));
#7211=CARTESIAN_POINT('',(-26.3540771307658,-90.4555555474427,31.8483053844839));
#7212=CARTESIAN_POINT('',(-26.3201354871545,-90.9999999918871,15.7741979023149));
#7213=CARTESIAN_POINT('',(-26.3540771307658,-90.9999999918871,31.8483053844839));
#7214=CARTESIAN_POINT('',(-26.3201354871545,-90.4555555474427,15.7741979023149));
#7215=CARTESIAN_POINT('Origin',(-21.1863256445476,-90.4555555474427,15.7598787085116));
#7216=CARTESIAN_POINT('',(-21.1863256445476,-90.4555555474427,15.7598787085116));
#7217=CARTESIAN_POINT('',(-26.3201354871545,-90.4555555474427,15.7741979023149));
#7218=CARTESIAN_POINT('',(-21.1863256445476,-90.9999999918871,15.7598787085116));
#7219=CARTESIAN_POINT('',(-26.3201354871545,-90.9999999918871,15.7741979023149));
#7220=CARTESIAN_POINT('',(-21.1863256445476,-90.4555555474427,15.7598787085116));
#7221=CARTESIAN_POINT('Ctrl Pts',(-18.6575617354125,-90.4555555474427,20.5541539966916));
#7222=CARTESIAN_POINT('Ctrl Pts',(-18.6575617354125,-90.6370370289242,20.5541539966916));
#7223=CARTESIAN_POINT('Ctrl Pts',(-18.6575617354125,-90.8185185104057,20.5541539966916));
#7224=CARTESIAN_POINT('Ctrl Pts',(-18.6575617354125,-90.9999999918871,20.5541539966916));
#7225=CARTESIAN_POINT('Ctrl Pts',(-18.7431381307592,-90.4555555474427,19.8237557398818));
#7226=CARTESIAN_POINT('Ctrl Pts',(-18.7431381307592,-90.6370370289242,19.8237557398818));
#7227=CARTESIAN_POINT('Ctrl Pts',(-18.7431381307592,-90.8185185104057,19.8237557398818));
#7228=CARTESIAN_POINT('Ctrl Pts',(-18.7431381307592,-90.9999999918871,19.8237557398818));
#7229=CARTESIAN_POINT('Ctrl Pts',(-18.828714526106,-90.4555555474427,19.093357483072));
#7230=CARTESIAN_POINT('Ctrl Pts',(-18.828714526106,-90.6370370289242,19.093357483072));
#7231=CARTESIAN_POINT('Ctrl Pts',(-18.828714526106,-90.8185185104057,19.093357483072));
#7232=CARTESIAN_POINT('Ctrl Pts',(-18.828714526106,-90.9999999918871,19.093357483072));
#7233=CARTESIAN_POINT('Ctrl Pts',(-18.9501659010935,-90.4555555474427,18.0567647144869));
#7234=CARTESIAN_POINT('Ctrl Pts',(-18.9501659010935,-90.6370370289242,18.0567647144869));
#7235=CARTESIAN_POINT('Ctrl Pts',(-18.9501659010935,-90.8185185104057,18.0567647144869));
#7236=CARTESIAN_POINT('Ctrl Pts',(-18.9501659010935,-90.9999999918871,18.0567647144869));
#7237=CARTESIAN_POINT('Ctrl Pts',(-19.0335337177728,-90.4555555474427,17.7564478912958));
#7238=CARTESIAN_POINT('Ctrl Pts',(-19.0335337177728,-90.6370370289242,17.7564478912958));
#7239=CARTESIAN_POINT('Ctrl Pts',(-19.0335337177728,-90.8185185104057,17.7564478912958));
#7240=CARTESIAN_POINT('Ctrl Pts',(-19.0335337177728,-90.9999999918871,17.7564478912958));
#7241=CARTESIAN_POINT('Ctrl Pts',(-19.2041470957922,-90.4555555474427,17.1251641068156));
#7242=CARTESIAN_POINT('Ctrl Pts',(-19.2041470957922,-90.6370370289242,17.1251641068156));
#7243=CARTESIAN_POINT('Ctrl Pts',(-19.2041470957922,-90.8185185104057,17.1251641068156));
#7244=CARTESIAN_POINT('Ctrl Pts',(-19.2041470957922,-90.9999999918871,17.1251641068156));
#7245=CARTESIAN_POINT('Ctrl Pts',(-19.3481137570755,-90.4555555474427,16.8471597715062));
#7246=CARTESIAN_POINT('Ctrl Pts',(-19.3481137570755,-90.6370370289242,16.8471597715062));
#7247=CARTESIAN_POINT('Ctrl Pts',(-19.3481137570755,-90.8185185104057,16.8471597715062));
#7248=CARTESIAN_POINT('Ctrl Pts',(-19.3481137570755,-90.9999999918871,16.8471597715062));
#7249=CARTESIAN_POINT('Ctrl Pts',(-19.7003107317298,-90.4555555474427,16.3402434808099));
#7250=CARTESIAN_POINT('Ctrl Pts',(-19.7003107317298,-90.6370370289242,16.3402434808099));
#7251=CARTESIAN_POINT('Ctrl Pts',(-19.7003107317298,-90.8185185104057,16.3402434808099));
#7252=CARTESIAN_POINT('Ctrl Pts',(-19.7003107317298,-90.9999999918871,16.3402434808099));
#7253=CARTESIAN_POINT('Ctrl Pts',(-19.9239054176476,-90.4555555474427,16.1390721638196));
#7254=CARTESIAN_POINT('Ctrl Pts',(-19.9239054176476,-90.6370370289242,16.1390721638196));
#7255=CARTESIAN_POINT('Ctrl Pts',(-19.9239054176476,-90.8185185104057,16.1390721638196));
#7256=CARTESIAN_POINT('Ctrl Pts',(-19.9239054176476,-90.9999999918871,16.1390721638196));
#7257=CARTESIAN_POINT('Ctrl Pts',(-20.4708652933616,-90.4555555474427,15.8344260686412));
#7258=CARTESIAN_POINT('Ctrl Pts',(-20.4708652933616,-90.6370370289242,15.8344260686412));
#7259=CARTESIAN_POINT('Ctrl Pts',(-20.4708652933616,-90.8185185104057,15.8344260686412));
#7260=CARTESIAN_POINT('Ctrl Pts',(-20.4708652933616,-90.9999999918871,15.8344260686412));
#7261=CARTESIAN_POINT('Ctrl Pts',(-20.800512056376,-90.4555555474427,15.7588025994016));
#7262=CARTESIAN_POINT('Ctrl Pts',(-20.800512056376,-90.6370370289242,15.7588025994016));
#7263=CARTESIAN_POINT('Ctrl Pts',(-20.800512056376,-90.8185185104057,15.7588025994016));
#7264=CARTESIAN_POINT('Ctrl Pts',(-20.800512056376,-90.9999999918871,15.7588025994016));
#7265=CARTESIAN_POINT('Ctrl Pts',(-21.1863256445476,-90.4555555474427,15.7598787085116));
#7266=CARTESIAN_POINT('Ctrl Pts',(-21.1863256445476,-90.6370370289242,15.7598787085116));
#7267=CARTESIAN_POINT('Ctrl Pts',(-21.1863256445476,-90.8185185104057,15.7598787085116));
#7268=CARTESIAN_POINT('Ctrl Pts',(-21.1863256445476,-90.9999999918871,15.7598787085116));
#7269=CARTESIAN_POINT('',(-18.6575617354125,-90.4555555474427,20.5541539966916));
#7270=CARTESIAN_POINT('Ctrl Pts',(-21.1863256445476,-90.4555555474427,15.7598787085116));
#7271=CARTESIAN_POINT('Ctrl Pts',(-20.800512056376,-90.4555555474427,15.7588025994016));
#7272=CARTESIAN_POINT('Ctrl Pts',(-20.4708652933616,-90.4555555474427,15.8344260686412));
#7273=CARTESIAN_POINT('Ctrl Pts',(-20.1973853555046,-90.4555555474427,15.9867491162304));
#7274=CARTESIAN_POINT('Ctrl Pts',(-19.9239054176476,-90.4555555474427,16.1390721638196));
#7275=CARTESIAN_POINT('Ctrl Pts',(-19.7003107317298,-90.4555555474427,16.3402434808099));
#7276=CARTESIAN_POINT('Ctrl Pts',(-19.5266012977513,-90.4555555474427,16.5902630672012));
#7277=CARTESIAN_POINT('Ctrl Pts',(-19.3481137570755,-90.4555555474427,16.8471597715061));
#7278=CARTESIAN_POINT('Ctrl Pts',(-19.2041470957922,-90.4555555474427,17.1251641068156));
#7279=CARTESIAN_POINT('Ctrl Pts',(-19.1177037926649,-90.4555555474427,17.4450115664618));
#7280=CARTESIAN_POINT('Ctrl Pts',(-19.0335337177728,-90.4555555474427,17.7564478912958));
#7281=CARTESIAN_POINT('Ctrl Pts',(-18.9501659010935,-90.4555555474427,18.0567647144869));
#7282=CARTESIAN_POINT('Ctrl Pts',(-18.9142909214527,-90.4555555474427,18.3629592262622));
#7283=CARTESIAN_POINT('Ctrl Pts',(-18.828714526106,-90.4555555474427,19.093357483072));
#7284=CARTESIAN_POINT('Ctrl Pts',(-18.7431381307592,-90.4555555474427,19.8237557398818));
#7285=CARTESIAN_POINT('Ctrl Pts',(-18.6575617354125,-90.4555555474427,20.5541539966916));
#7286=CARTESIAN_POINT('',(-18.6575617354125,-90.9999999918871,20.5541539966916));
#7287=CARTESIAN_POINT('Ctrl Pts',(-18.6575617354125,-90.9999999918871,20.5541539966916));
#7288=CARTESIAN_POINT('Ctrl Pts',(-18.7431381307592,-90.9999999918871,19.8237557398818));
#7289=CARTESIAN_POINT('Ctrl Pts',(-18.828714526106,-90.9999999918871,19.093357483072));
#7290=CARTESIAN_POINT('Ctrl Pts',(-18.9142909214527,-90.9999999918871,18.3629592262622));
#7291=CARTESIAN_POINT('Ctrl Pts',(-18.9501659010935,-90.9999999918871,18.0567647144869));
#7292=CARTESIAN_POINT('Ctrl Pts',(-19.0335337177728,-90.9999999918871,17.7564478912958));
#7293=CARTESIAN_POINT('Ctrl Pts',(-19.1177037926649,-90.9999999918871,17.4450115664618));
#7294=CARTESIAN_POINT('Ctrl Pts',(-19.2041470957922,-90.9999999918871,17.1251641068156));
#7295=CARTESIAN_POINT('Ctrl Pts',(-19.3481137570755,-90.9999999918871,16.8471597715061));
#7296=CARTESIAN_POINT('Ctrl Pts',(-19.5266012977513,-90.9999999918871,16.5902630672012));
#7297=CARTESIAN_POINT('Ctrl Pts',(-19.7003107317298,-90.9999999918871,16.3402434808099));
#7298=CARTESIAN_POINT('Ctrl Pts',(-19.9239054176476,-90.9999999918871,16.1390721638196));
#7299=CARTESIAN_POINT('Ctrl Pts',(-20.1973853555046,-90.9999999918871,15.9867491162304));
#7300=CARTESIAN_POINT('Ctrl Pts',(-20.4708652933616,-90.9999999918871,15.8344260686412));
#7301=CARTESIAN_POINT('Ctrl Pts',(-20.800512056376,-90.9999999918871,15.7588025994016));
#7302=CARTESIAN_POINT('Ctrl Pts',(-21.1863256445476,-90.9999999918871,15.7598787085116));
#7303=CARTESIAN_POINT('',(-18.6575617354125,-90.4555555474427,20.5541539966916));
#7304=CARTESIAN_POINT('Origin',(-17.3134369766209,-90.4555555474427,20.5504049714049));
#7305=CARTESIAN_POINT('',(-17.3134369766209,-90.4555555474427,20.5504049714049));
#7306=CARTESIAN_POINT('',(-18.6575617354125,-90.4555555474427,20.5541539966916));
#7307=CARTESIAN_POINT('',(-17.3134369766209,-90.9999999918871,20.5504049714049));
#7308=CARTESIAN_POINT('',(-18.6575617354125,-90.9999999918871,20.5541539966916));
#7309=CARTESIAN_POINT('',(-17.3134369766209,-90.4555555474427,20.5504049714049));
#7310=CARTESIAN_POINT('Origin',(-17.4869410339627,-90.4555555474427,14.3091618548568));
#7311=CARTESIAN_POINT('',(-17.4869410339627,-90.4555555474427,14.3091618548568));
#7312=CARTESIAN_POINT('',(-17.3134369766209,-90.4555555474427,20.5504049714049));
#7313=CARTESIAN_POINT('',(-17.4869410339627,-90.9999999918871,14.3091618548568));
#7314=CARTESIAN_POINT('',(-17.3134369766209,-90.9999999918871,20.5504049714049));
#7315=CARTESIAN_POINT('',(-17.4869410339627,-90.4555555474427,14.3091618548568));
#7316=CARTESIAN_POINT('Origin',(-31.3948986075703,-90.4555555474427,14.3479538526148));
#7317=CARTESIAN_POINT('',(-17.4869410339627,-90.4555555474427,14.3091618548568));
#7318=CARTESIAN_POINT('',(-17.4869410339627,-90.9999999918871,14.3091618548568));
#7319=CARTESIAN_POINT('Origin',(-31.3948986075703,-90.4555555474427,14.3479538526148));
#7320=CARTESIAN_POINT('Origin',(-31.3948986075703,-90.9999999918871,14.3479538526148));
#7321=UNCERTAINTY_MEASURE_WITH_UNIT(LENGTH_MEASURE(0.01),#7325,
'DISTANCE_ACCURACY_VALUE',
'Maximum model space distance between geometric entities at asserted c
onnectivities');
#7322=UNCERTAINTY_MEASURE_WITH_UNIT(LENGTH_MEASURE(0.01),#7325,
'DISTANCE_ACCURACY_VALUE',
'Maximum model space distance between geometric entities at asserted c
onnectivities');
#7323=(
GEOMETRIC_REPRESENTATION_CONTEXT(3)
GLOBAL_UNCERTAINTY_ASSIGNED_CONTEXT((#7321))
GLOBAL_UNIT_ASSIGNED_CONTEXT((#7325,#7327,#7328))
REPRESENTATION_CONTEXT('','3D')
);
#7324=(
GEOMETRIC_REPRESENTATION_CONTEXT(3)
GLOBAL_UNCERTAINTY_ASSIGNED_CONTEXT((#7322))
GLOBAL_UNIT_ASSIGNED_CONTEXT((#7325,#7327,#7328))
REPRESENTATION_CONTEXT('','3D')
);
#7325=(
LENGTH_UNIT()
NAMED_UNIT(*)
SI_UNIT(.MILLI.,.METRE.)
);
#7326=(
LENGTH_UNIT()
NAMED_UNIT(*)
SI_UNIT($,.METRE.)
);
#7327=(
NAMED_UNIT(*)
PLANE_ANGLE_UNIT()
SI_UNIT($,.RADIAN.)
);
#7328=(
NAMED_UNIT(*)
SI_UNIT($,.STERADIAN.)
SOLID_ANGLE_UNIT()
);
#7329=SHAPE_DEFINITION_REPRESENTATION(#7330,#7331);
#7330=PRODUCT_DEFINITION_SHAPE('',$,#7333);
#7331=SHAPE_REPRESENTATION('',(#2957),#7323);
#7332=PRODUCT_DEFINITION_CONTEXT('part definition',#7337,'design');
#7333=PRODUCT_DEFINITION('Levita Top Shell','Levita Top Shell',#7334,#7332);
#7334=PRODUCT_DEFINITION_FORMATION('',$,#7339);
#7335=PRODUCT_RELATED_PRODUCT_CATEGORY('Levita Top Shell',
'Levita Top Shell',(#7339));
#7336=APPLICATION_PROTOCOL_DEFINITION('international standard',
'automotive_design',2009,#7337);
#7337=APPLICATION_CONTEXT(
'Core Data for Automotive Mechanical Design Process');
#7338=PRODUCT_CONTEXT('part definition',#7337,'mechanical');
#7339=PRODUCT('Levita Top Shell','Levita Top Shell',$,(#7338));
#7340=PRESENTATION_STYLE_ASSIGNMENT((#7343));
#7341=PRESENTATION_STYLE_ASSIGNMENT((#7344));
#7342=PRESENTATION_STYLE_ASSIGNMENT((#7345));
#7343=SURFACE_STYLE_USAGE(.BOTH.,#7346);
#7344=SURFACE_STYLE_USAGE(.BOTH.,#7347);
#7345=SURFACE_STYLE_USAGE(.BOTH.,#7348);
#7346=SURFACE_SIDE_STYLE('',(#7349));
#7347=SURFACE_SIDE_STYLE('',(#7350));
#7348=SURFACE_SIDE_STYLE('',(#7351));
#7349=SURFACE_STYLE_FILL_AREA(#7352);
#7350=SURFACE_STYLE_FILL_AREA(#7353);
#7351=SURFACE_STYLE_FILL_AREA(#7354);
#7352=FILL_AREA_STYLE('Steel - Satin',(#7355));
#7353=FILL_AREA_STYLE('Opaque(43,46,49)',(#7356));
#7354=FILL_AREA_STYLE(
'HP 3D HR CB PA 12 (with HP Jet Fusion 580 Color 3D Printer)',(#7357));
#7355=FILL_AREA_STYLE_COLOUR('Steel - Satin',#7358);
#7356=FILL_AREA_STYLE_COLOUR('Opaque(43,46,49)',#7359);
#7357=FILL_AREA_STYLE_COLOUR(
'HP 3D HR CB PA 12 (with HP Jet Fusion 580 Color 3D Printer)',#7360);
#7358=COLOUR_RGB('Steel - Satin',0.627450980392157,0.627450980392157,0.627450980392157);
#7359=COLOUR_RGB('Opaque(43,46,49)',0.168627450980392,0.180392156862745,
0.192156862745098);
#7360=COLOUR_RGB(
'HP 3D HR CB PA 12 (with HP Jet Fusion 580 Color 3D Printer)',0.964705882352941,
0.964705882352941,0.952941176470588);
ENDSEC;
END-ISO-10303-21;
