ISO-10303-21;
HEADER;
/* Generated by software containing ST-Developer
 * from STEP Tools, Inc. (www.steptools.com) 
 */

FILE_DESCRIPTION(
/* description */ (''),
/* implementation_level */ '2;1');

FILE_NAME(
/* name */ 'Levita bottom cover.step',
/* time_stamp */ '2026-05-13T14:45:43+05:30',
/* author */ (''),
/* organization */ (''),
/* preprocessor_version */ 'ST-DEVELOPER v20.1',
/* originating_system */ 'Autodesk Translation Framework v15.8.0.0',
/* authorisation */ '');

FILE_SCHEMA (('AUTOMOTIVE_DESIGN { 1 0 10303 214 3 1 1 }'));
ENDSEC;

DATA;
#10=MECHANICAL_DESIGN_GEOMETRIC_PRESENTATION_REPRESENTATION('',(#72,#73,
#74,#75,#76,#77,#78,#79,#80,#81,#82,#83,#84,#85),#10744);
#11=SHAPE_REPRESENTATION_RELATIONSHIP('SRR','None',#10751,#12);
#12=ADVANCED_BREP_SHAPE_REPRESENTATION('',(#86,#87,#88,#89,#90,#91,#92,
#93,#94,#95,#96,#97,#98,#99),#10743);
#13=FACE_BOUND('',#576,.T.);
#14=FACE_BOUND('',#577,.T.);
#15=FACE_BOUND('',#578,.T.);
#16=FACE_BOUND('',#579,.T.);
#17=FACE_BOUND('',#845,.T.);
#18=FACE_BOUND('',#846,.T.);
#19=FACE_BOUND('',#847,.T.);
#20=FACE_BOUND('',#848,.T.);
#21=FACE_BOUND('',#849,.T.);
#22=FACE_BOUND('',#850,.T.);
#23=FACE_BOUND('',#851,.T.);
#24=FACE_BOUND('',#852,.T.);
#25=FACE_BOUND('',#853,.T.);
#26=FACE_BOUND('',#854,.T.);
#27=FACE_BOUND('',#855,.T.);
#28=FACE_BOUND('',#856,.T.);
#29=FACE_BOUND('',#857,.T.);
#30=FACE_BOUND('',#858,.T.);
#31=FACE_BOUND('',#859,.T.);
#32=FACE_BOUND('',#860,.T.);
#33=FACE_BOUND('',#861,.T.);
#34=FACE_BOUND('',#862,.T.);
#35=FACE_BOUND('',#863,.T.);
#36=FACE_BOUND('',#864,.T.);
#37=FACE_BOUND('',#865,.T.);
#38=FACE_BOUND('',#866,.T.);
#39=FACE_BOUND('',#867,.T.);
#40=FACE_BOUND('',#868,.T.);
#41=FACE_BOUND('',#869,.T.);
#42=FACE_BOUND('',#870,.T.);
#43=FACE_BOUND('',#871,.T.);
#44=FACE_BOUND('',#872,.T.);
#45=FACE_BOUND('',#873,.T.);
#46=FACE_BOUND('',#874,.T.);
#47=FACE_BOUND('',#875,.T.);
#48=FACE_BOUND('',#876,.T.);
#49=FACE_BOUND('',#877,.T.);
#50=FACE_BOUND('',#878,.T.);
#51=FACE_BOUND('',#879,.T.);
#52=FACE_BOUND('',#880,.T.);
#53=FACE_BOUND('',#881,.T.);
#54=FACE_BOUND('',#882,.T.);
#55=FACE_BOUND('',#883,.T.);
#56=FACE_BOUND('',#884,.T.);
#57=FACE_BOUND('',#885,.T.);
#58=FACE_BOUND('',#886,.T.);
#59=FACE_BOUND('',#887,.T.);
#60=CIRCLE('',#6908,5.0085);
#61=CIRCLE('',#6911,5.0085);
#62=CIRCLE('',#6914,5.0085);
#63=CIRCLE('',#6917,5.0085);
#64=ELLIPSE('',#6907,5.00851694636448,5.0085);
#65=ELLIPSE('',#6910,5.00851694636448,5.0085);
#66=ELLIPSE('',#6913,5.00851694636448,5.0085);
#67=ELLIPSE('',#6916,5.00851694636448,5.0085);
#68=CYLINDRICAL_SURFACE('',#6906,5.0085);
#69=CYLINDRICAL_SURFACE('',#6909,5.0085);
#70=CYLINDRICAL_SURFACE('',#6912,5.0085);
#71=CYLINDRICAL_SURFACE('',#6915,5.0085);
#72=STYLED_ITEM('',(#10761),#86);
#73=STYLED_ITEM('',(#10761),#87);
#74=STYLED_ITEM('',(#10761),#88);
#75=STYLED_ITEM('',(#10761),#89);
#76=STYLED_ITEM('',(#10761),#90);
#77=STYLED_ITEM('',(#10761),#91);
#78=STYLED_ITEM('',(#10761),#92);
#79=STYLED_ITEM('',(#10761),#93);
#80=STYLED_ITEM('',(#10761),#94);
#81=STYLED_ITEM('',(#10761),#95);
#82=STYLED_ITEM('',(#10761),#96);
#83=STYLED_ITEM('',(#10761),#97);
#84=STYLED_ITEM('',(#10761),#98);
#85=STYLED_ITEM('',(#10761),#99);
#86=MANIFOLD_SOLID_BREP('Body1',#6779);
#87=MANIFOLD_SOLID_BREP('Body2',#6780);
#88=MANIFOLD_SOLID_BREP('Body3',#6781);
#89=MANIFOLD_SOLID_BREP('Body4',#6782);
#90=MANIFOLD_SOLID_BREP('Body5',#6783);
#91=MANIFOLD_SOLID_BREP('Body6',#6784);
#92=MANIFOLD_SOLID_BREP('Body7',#6785);
#93=MANIFOLD_SOLID_BREP('Body8',#6786);
#94=MANIFOLD_SOLID_BREP('Body9',#6787);
#95=MANIFOLD_SOLID_BREP('Body10',#6788);
#96=MANIFOLD_SOLID_BREP('Body11',#6789);
#97=MANIFOLD_SOLID_BREP('Body12',#6790);
#98=MANIFOLD_SOLID_BREP('Body13',#6791);
#99=MANIFOLD_SOLID_BREP('Body14',#6792);
#100=FACE_OUTER_BOUND('',#471,.T.);
#101=FACE_OUTER_BOUND('',#472,.T.);
#102=FACE_OUTER_BOUND('',#473,.T.);
#103=FACE_OUTER_BOUND('',#474,.T.);
#104=FACE_OUTER_BOUND('',#475,.T.);
#105=FACE_OUTER_BOUND('',#476,.T.);
#106=FACE_OUTER_BOUND('',#477,.T.);
#107=FACE_OUTER_BOUND('',#478,.T.);
#108=FACE_OUTER_BOUND('',#479,.T.);
#109=FACE_OUTER_BOUND('',#480,.T.);
#110=FACE_OUTER_BOUND('',#481,.T.);
#111=FACE_OUTER_BOUND('',#482,.T.);
#112=FACE_OUTER_BOUND('',#483,.T.);
#113=FACE_OUTER_BOUND('',#484,.T.);
#114=FACE_OUTER_BOUND('',#485,.T.);
#115=FACE_OUTER_BOUND('',#486,.T.);
#116=FACE_OUTER_BOUND('',#487,.T.);
#117=FACE_OUTER_BOUND('',#488,.T.);
#118=FACE_OUTER_BOUND('',#489,.T.);
#119=FACE_OUTER_BOUND('',#490,.T.);
#120=FACE_OUTER_BOUND('',#491,.T.);
#121=FACE_OUTER_BOUND('',#492,.T.);
#122=FACE_OUTER_BOUND('',#493,.T.);
#123=FACE_OUTER_BOUND('',#494,.T.);
#124=FACE_OUTER_BOUND('',#495,.T.);
#125=FACE_OUTER_BOUND('',#496,.T.);
#126=FACE_OUTER_BOUND('',#497,.T.);
#127=FACE_OUTER_BOUND('',#498,.T.);
#128=FACE_OUTER_BOUND('',#499,.T.);
#129=FACE_OUTER_BOUND('',#500,.T.);
#130=FACE_OUTER_BOUND('',#501,.T.);
#131=FACE_OUTER_BOUND('',#502,.T.);
#132=FACE_OUTER_BOUND('',#503,.T.);
#133=FACE_OUTER_BOUND('',#504,.T.);
#134=FACE_OUTER_BOUND('',#505,.T.);
#135=FACE_OUTER_BOUND('',#506,.T.);
#136=FACE_OUTER_BOUND('',#507,.T.);
#137=FACE_OUTER_BOUND('',#508,.T.);
#138=FACE_OUTER_BOUND('',#509,.T.);
#139=FACE_OUTER_BOUND('',#510,.T.);
#140=FACE_OUTER_BOUND('',#511,.T.);
#141=FACE_OUTER_BOUND('',#512,.T.);
#142=FACE_OUTER_BOUND('',#513,.T.);
#143=FACE_OUTER_BOUND('',#514,.T.);
#144=FACE_OUTER_BOUND('',#515,.T.);
#145=FACE_OUTER_BOUND('',#516,.T.);
#146=FACE_OUTER_BOUND('',#517,.T.);
#147=FACE_OUTER_BOUND('',#518,.T.);
#148=FACE_OUTER_BOUND('',#519,.T.);
#149=FACE_OUTER_BOUND('',#520,.T.);
#150=FACE_OUTER_BOUND('',#521,.T.);
#151=FACE_OUTER_BOUND('',#522,.T.);
#152=FACE_OUTER_BOUND('',#523,.T.);
#153=FACE_OUTER_BOUND('',#524,.T.);
#154=FACE_OUTER_BOUND('',#525,.T.);
#155=FACE_OUTER_BOUND('',#526,.T.);
#156=FACE_OUTER_BOUND('',#527,.T.);
#157=FACE_OUTER_BOUND('',#528,.T.);
#158=FACE_OUTER_BOUND('',#529,.T.);
#159=FACE_OUTER_BOUND('',#530,.T.);
#160=FACE_OUTER_BOUND('',#531,.T.);
#161=FACE_OUTER_BOUND('',#532,.T.);
#162=FACE_OUTER_BOUND('',#533,.T.);
#163=FACE_OUTER_BOUND('',#534,.T.);
#164=FACE_OUTER_BOUND('',#535,.T.);
#165=FACE_OUTER_BOUND('',#536,.T.);
#166=FACE_OUTER_BOUND('',#537,.T.);
#167=FACE_OUTER_BOUND('',#538,.T.);
#168=FACE_OUTER_BOUND('',#539,.T.);
#169=FACE_OUTER_BOUND('',#540,.T.);
#170=FACE_OUTER_BOUND('',#541,.T.);
#171=FACE_OUTER_BOUND('',#542,.T.);
#172=FACE_OUTER_BOUND('',#543,.T.);
#173=FACE_OUTER_BOUND('',#544,.T.);
#174=FACE_OUTER_BOUND('',#545,.T.);
#175=FACE_OUTER_BOUND('',#546,.T.);
#176=FACE_OUTER_BOUND('',#547,.T.);
#177=FACE_OUTER_BOUND('',#548,.T.);
#178=FACE_OUTER_BOUND('',#549,.T.);
#179=FACE_OUTER_BOUND('',#550,.T.);
#180=FACE_OUTER_BOUND('',#551,.T.);
#181=FACE_OUTER_BOUND('',#552,.T.);
#182=FACE_OUTER_BOUND('',#553,.T.);
#183=FACE_OUTER_BOUND('',#554,.T.);
#184=FACE_OUTER_BOUND('',#555,.T.);
#185=FACE_OUTER_BOUND('',#556,.T.);
#186=FACE_OUTER_BOUND('',#557,.T.);
#187=FACE_OUTER_BOUND('',#558,.T.);
#188=FACE_OUTER_BOUND('',#559,.T.);
#189=FACE_OUTER_BOUND('',#560,.T.);
#190=FACE_OUTER_BOUND('',#561,.T.);
#191=FACE_OUTER_BOUND('',#562,.T.);
#192=FACE_OUTER_BOUND('',#563,.T.);
#193=FACE_OUTER_BOUND('',#564,.T.);
#194=FACE_OUTER_BOUND('',#565,.T.);
#195=FACE_OUTER_BOUND('',#566,.T.);
#196=FACE_OUTER_BOUND('',#567,.T.);
#197=FACE_OUTER_BOUND('',#568,.T.);
#198=FACE_OUTER_BOUND('',#569,.T.);
#199=FACE_OUTER_BOUND('',#570,.T.);
#200=FACE_OUTER_BOUND('',#571,.T.);
#201=FACE_OUTER_BOUND('',#572,.T.);
#202=FACE_OUTER_BOUND('',#573,.T.);
#203=FACE_OUTER_BOUND('',#574,.T.);
#204=FACE_OUTER_BOUND('',#575,.T.);
#205=FACE_OUTER_BOUND('',#580,.T.);
#206=FACE_OUTER_BOUND('',#581,.T.);
#207=FACE_OUTER_BOUND('',#582,.T.);
#208=FACE_OUTER_BOUND('',#583,.T.);
#209=FACE_OUTER_BOUND('',#584,.T.);
#210=FACE_OUTER_BOUND('',#585,.T.);
#211=FACE_OUTER_BOUND('',#586,.T.);
#212=FACE_OUTER_BOUND('',#587,.T.);
#213=FACE_OUTER_BOUND('',#588,.T.);
#214=FACE_OUTER_BOUND('',#589,.T.);
#215=FACE_OUTER_BOUND('',#590,.T.);
#216=FACE_OUTER_BOUND('',#591,.T.);
#217=FACE_OUTER_BOUND('',#592,.T.);
#218=FACE_OUTER_BOUND('',#593,.T.);
#219=FACE_OUTER_BOUND('',#594,.T.);
#220=FACE_OUTER_BOUND('',#595,.T.);
#221=FACE_OUTER_BOUND('',#596,.T.);
#222=FACE_OUTER_BOUND('',#597,.T.);
#223=FACE_OUTER_BOUND('',#598,.T.);
#224=FACE_OUTER_BOUND('',#599,.T.);
#225=FACE_OUTER_BOUND('',#600,.T.);
#226=FACE_OUTER_BOUND('',#601,.T.);
#227=FACE_OUTER_BOUND('',#602,.T.);
#228=FACE_OUTER_BOUND('',#603,.T.);
#229=FACE_OUTER_BOUND('',#604,.T.);
#230=FACE_OUTER_BOUND('',#605,.T.);
#231=FACE_OUTER_BOUND('',#606,.T.);
#232=FACE_OUTER_BOUND('',#607,.T.);
#233=FACE_OUTER_BOUND('',#608,.T.);
#234=FACE_OUTER_BOUND('',#609,.T.);
#235=FACE_OUTER_BOUND('',#610,.T.);
#236=FACE_OUTER_BOUND('',#611,.T.);
#237=FACE_OUTER_BOUND('',#612,.T.);
#238=FACE_OUTER_BOUND('',#613,.T.);
#239=FACE_OUTER_BOUND('',#614,.T.);
#240=FACE_OUTER_BOUND('',#615,.T.);
#241=FACE_OUTER_BOUND('',#616,.T.);
#242=FACE_OUTER_BOUND('',#617,.T.);
#243=FACE_OUTER_BOUND('',#618,.T.);
#244=FACE_OUTER_BOUND('',#619,.T.);
#245=FACE_OUTER_BOUND('',#620,.T.);
#246=FACE_OUTER_BOUND('',#621,.T.);
#247=FACE_OUTER_BOUND('',#622,.T.);
#248=FACE_OUTER_BOUND('',#623,.T.);
#249=FACE_OUTER_BOUND('',#624,.T.);
#250=FACE_OUTER_BOUND('',#625,.T.);
#251=FACE_OUTER_BOUND('',#626,.T.);
#252=FACE_OUTER_BOUND('',#627,.T.);
#253=FACE_OUTER_BOUND('',#628,.T.);
#254=FACE_OUTER_BOUND('',#629,.T.);
#255=FACE_OUTER_BOUND('',#630,.T.);
#256=FACE_OUTER_BOUND('',#631,.T.);
#257=FACE_OUTER_BOUND('',#632,.T.);
#258=FACE_OUTER_BOUND('',#633,.T.);
#259=FACE_OUTER_BOUND('',#634,.T.);
#260=FACE_OUTER_BOUND('',#635,.T.);
#261=FACE_OUTER_BOUND('',#636,.T.);
#262=FACE_OUTER_BOUND('',#637,.T.);
#263=FACE_OUTER_BOUND('',#638,.T.);
#264=FACE_OUTER_BOUND('',#639,.T.);
#265=FACE_OUTER_BOUND('',#640,.T.);
#266=FACE_OUTER_BOUND('',#641,.T.);
#267=FACE_OUTER_BOUND('',#642,.T.);
#268=FACE_OUTER_BOUND('',#643,.T.);
#269=FACE_OUTER_BOUND('',#644,.T.);
#270=FACE_OUTER_BOUND('',#645,.T.);
#271=FACE_OUTER_BOUND('',#646,.T.);
#272=FACE_OUTER_BOUND('',#647,.T.);
#273=FACE_OUTER_BOUND('',#648,.T.);
#274=FACE_OUTER_BOUND('',#649,.T.);
#275=FACE_OUTER_BOUND('',#650,.T.);
#276=FACE_OUTER_BOUND('',#651,.T.);
#277=FACE_OUTER_BOUND('',#652,.T.);
#278=FACE_OUTER_BOUND('',#653,.T.);
#279=FACE_OUTER_BOUND('',#654,.T.);
#280=FACE_OUTER_BOUND('',#655,.T.);
#281=FACE_OUTER_BOUND('',#656,.T.);
#282=FACE_OUTER_BOUND('',#657,.T.);
#283=FACE_OUTER_BOUND('',#658,.T.);
#284=FACE_OUTER_BOUND('',#659,.T.);
#285=FACE_OUTER_BOUND('',#660,.T.);
#286=FACE_OUTER_BOUND('',#661,.T.);
#287=FACE_OUTER_BOUND('',#662,.T.);
#288=FACE_OUTER_BOUND('',#663,.T.);
#289=FACE_OUTER_BOUND('',#664,.T.);
#290=FACE_OUTER_BOUND('',#665,.T.);
#291=FACE_OUTER_BOUND('',#666,.T.);
#292=FACE_OUTER_BOUND('',#667,.T.);
#293=FACE_OUTER_BOUND('',#668,.T.);
#294=FACE_OUTER_BOUND('',#669,.T.);
#295=FACE_OUTER_BOUND('',#670,.T.);
#296=FACE_OUTER_BOUND('',#671,.T.);
#297=FACE_OUTER_BOUND('',#672,.T.);
#298=FACE_OUTER_BOUND('',#673,.T.);
#299=FACE_OUTER_BOUND('',#674,.T.);
#300=FACE_OUTER_BOUND('',#675,.T.);
#301=FACE_OUTER_BOUND('',#676,.T.);
#302=FACE_OUTER_BOUND('',#677,.T.);
#303=FACE_OUTER_BOUND('',#678,.T.);
#304=FACE_OUTER_BOUND('',#679,.T.);
#305=FACE_OUTER_BOUND('',#680,.T.);
#306=FACE_OUTER_BOUND('',#681,.T.);
#307=FACE_OUTER_BOUND('',#682,.T.);
#308=FACE_OUTER_BOUND('',#683,.T.);
#309=FACE_OUTER_BOUND('',#684,.T.);
#310=FACE_OUTER_BOUND('',#685,.T.);
#311=FACE_OUTER_BOUND('',#686,.T.);
#312=FACE_OUTER_BOUND('',#687,.T.);
#313=FACE_OUTER_BOUND('',#688,.T.);
#314=FACE_OUTER_BOUND('',#689,.T.);
#315=FACE_OUTER_BOUND('',#690,.T.);
#316=FACE_OUTER_BOUND('',#691,.T.);
#317=FACE_OUTER_BOUND('',#692,.T.);
#318=FACE_OUTER_BOUND('',#693,.T.);
#319=FACE_OUTER_BOUND('',#694,.T.);
#320=FACE_OUTER_BOUND('',#695,.T.);
#321=FACE_OUTER_BOUND('',#696,.T.);
#322=FACE_OUTER_BOUND('',#697,.T.);
#323=FACE_OUTER_BOUND('',#698,.T.);
#324=FACE_OUTER_BOUND('',#699,.T.);
#325=FACE_OUTER_BOUND('',#700,.T.);
#326=FACE_OUTER_BOUND('',#701,.T.);
#327=FACE_OUTER_BOUND('',#702,.T.);
#328=FACE_OUTER_BOUND('',#703,.T.);
#329=FACE_OUTER_BOUND('',#704,.T.);
#330=FACE_OUTER_BOUND('',#705,.T.);
#331=FACE_OUTER_BOUND('',#706,.T.);
#332=FACE_OUTER_BOUND('',#707,.T.);
#333=FACE_OUTER_BOUND('',#708,.T.);
#334=FACE_OUTER_BOUND('',#709,.T.);
#335=FACE_OUTER_BOUND('',#710,.T.);
#336=FACE_OUTER_BOUND('',#711,.T.);
#337=FACE_OUTER_BOUND('',#712,.T.);
#338=FACE_OUTER_BOUND('',#713,.T.);
#339=FACE_OUTER_BOUND('',#714,.T.);
#340=FACE_OUTER_BOUND('',#715,.T.);
#341=FACE_OUTER_BOUND('',#716,.T.);
#342=FACE_OUTER_BOUND('',#717,.T.);
#343=FACE_OUTER_BOUND('',#718,.T.);
#344=FACE_OUTER_BOUND('',#719,.T.);
#345=FACE_OUTER_BOUND('',#720,.T.);
#346=FACE_OUTER_BOUND('',#721,.T.);
#347=FACE_OUTER_BOUND('',#722,.T.);
#348=FACE_OUTER_BOUND('',#723,.T.);
#349=FACE_OUTER_BOUND('',#724,.T.);
#350=FACE_OUTER_BOUND('',#725,.T.);
#351=FACE_OUTER_BOUND('',#726,.T.);
#352=FACE_OUTER_BOUND('',#727,.T.);
#353=FACE_OUTER_BOUND('',#728,.T.);
#354=FACE_OUTER_BOUND('',#729,.T.);
#355=FACE_OUTER_BOUND('',#730,.T.);
#356=FACE_OUTER_BOUND('',#731,.T.);
#357=FACE_OUTER_BOUND('',#732,.T.);
#358=FACE_OUTER_BOUND('',#733,.T.);
#359=FACE_OUTER_BOUND('',#734,.T.);
#360=FACE_OUTER_BOUND('',#735,.T.);
#361=FACE_OUTER_BOUND('',#736,.T.);
#362=FACE_OUTER_BOUND('',#737,.T.);
#363=FACE_OUTER_BOUND('',#738,.T.);
#364=FACE_OUTER_BOUND('',#739,.T.);
#365=FACE_OUTER_BOUND('',#740,.T.);
#366=FACE_OUTER_BOUND('',#741,.T.);
#367=FACE_OUTER_BOUND('',#742,.T.);
#368=FACE_OUTER_BOUND('',#743,.T.);
#369=FACE_OUTER_BOUND('',#744,.T.);
#370=FACE_OUTER_BOUND('',#745,.T.);
#371=FACE_OUTER_BOUND('',#746,.T.);
#372=FACE_OUTER_BOUND('',#747,.T.);
#373=FACE_OUTER_BOUND('',#748,.T.);
#374=FACE_OUTER_BOUND('',#749,.T.);
#375=FACE_OUTER_BOUND('',#750,.T.);
#376=FACE_OUTER_BOUND('',#751,.T.);
#377=FACE_OUTER_BOUND('',#752,.T.);
#378=FACE_OUTER_BOUND('',#753,.T.);
#379=FACE_OUTER_BOUND('',#754,.T.);
#380=FACE_OUTER_BOUND('',#755,.T.);
#381=FACE_OUTER_BOUND('',#756,.T.);
#382=FACE_OUTER_BOUND('',#757,.T.);
#383=FACE_OUTER_BOUND('',#758,.T.);
#384=FACE_OUTER_BOUND('',#759,.T.);
#385=FACE_OUTER_BOUND('',#760,.T.);
#386=FACE_OUTER_BOUND('',#761,.T.);
#387=FACE_OUTER_BOUND('',#762,.T.);
#388=FACE_OUTER_BOUND('',#763,.T.);
#389=FACE_OUTER_BOUND('',#764,.T.);
#390=FACE_OUTER_BOUND('',#765,.T.);
#391=FACE_OUTER_BOUND('',#766,.T.);
#392=FACE_OUTER_BOUND('',#767,.T.);
#393=FACE_OUTER_BOUND('',#768,.T.);
#394=FACE_OUTER_BOUND('',#769,.T.);
#395=FACE_OUTER_BOUND('',#770,.T.);
#396=FACE_OUTER_BOUND('',#771,.T.);
#397=FACE_OUTER_BOUND('',#772,.T.);
#398=FACE_OUTER_BOUND('',#773,.T.);
#399=FACE_OUTER_BOUND('',#774,.T.);
#400=FACE_OUTER_BOUND('',#775,.T.);
#401=FACE_OUTER_BOUND('',#776,.T.);
#402=FACE_OUTER_BOUND('',#777,.T.);
#403=FACE_OUTER_BOUND('',#778,.T.);
#404=FACE_OUTER_BOUND('',#779,.T.);
#405=FACE_OUTER_BOUND('',#780,.T.);
#406=FACE_OUTER_BOUND('',#781,.T.);
#407=FACE_OUTER_BOUND('',#782,.T.);
#408=FACE_OUTER_BOUND('',#783,.T.);
#409=FACE_OUTER_BOUND('',#784,.T.);
#410=FACE_OUTER_BOUND('',#785,.T.);
#411=FACE_OUTER_BOUND('',#786,.T.);
#412=FACE_OUTER_BOUND('',#787,.T.);
#413=FACE_OUTER_BOUND('',#788,.T.);
#414=FACE_OUTER_BOUND('',#789,.T.);
#415=FACE_OUTER_BOUND('',#790,.T.);
#416=FACE_OUTER_BOUND('',#791,.T.);
#417=FACE_OUTER_BOUND('',#792,.T.);
#418=FACE_OUTER_BOUND('',#793,.T.);
#419=FACE_OUTER_BOUND('',#794,.T.);
#420=FACE_OUTER_BOUND('',#795,.T.);
#421=FACE_OUTER_BOUND('',#796,.T.);
#422=FACE_OUTER_BOUND('',#797,.T.);
#423=FACE_OUTER_BOUND('',#798,.T.);
#424=FACE_OUTER_BOUND('',#799,.T.);
#425=FACE_OUTER_BOUND('',#800,.T.);
#426=FACE_OUTER_BOUND('',#801,.T.);
#427=FACE_OUTER_BOUND('',#802,.T.);
#428=FACE_OUTER_BOUND('',#803,.T.);
#429=FACE_OUTER_BOUND('',#804,.T.);
#430=FACE_OUTER_BOUND('',#805,.T.);
#431=FACE_OUTER_BOUND('',#806,.T.);
#432=FACE_OUTER_BOUND('',#807,.T.);
#433=FACE_OUTER_BOUND('',#808,.T.);
#434=FACE_OUTER_BOUND('',#809,.T.);
#435=FACE_OUTER_BOUND('',#810,.T.);
#436=FACE_OUTER_BOUND('',#811,.T.);
#437=FACE_OUTER_BOUND('',#812,.T.);
#438=FACE_OUTER_BOUND('',#813,.T.);
#439=FACE_OUTER_BOUND('',#814,.T.);
#440=FACE_OUTER_BOUND('',#815,.T.);
#441=FACE_OUTER_BOUND('',#816,.T.);
#442=FACE_OUTER_BOUND('',#817,.T.);
#443=FACE_OUTER_BOUND('',#818,.T.);
#444=FACE_OUTER_BOUND('',#819,.T.);
#445=FACE_OUTER_BOUND('',#820,.T.);
#446=FACE_OUTER_BOUND('',#821,.T.);
#447=FACE_OUTER_BOUND('',#822,.T.);
#448=FACE_OUTER_BOUND('',#823,.T.);
#449=FACE_OUTER_BOUND('',#824,.T.);
#450=FACE_OUTER_BOUND('',#825,.T.);
#451=FACE_OUTER_BOUND('',#826,.T.);
#452=FACE_OUTER_BOUND('',#827,.T.);
#453=FACE_OUTER_BOUND('',#828,.T.);
#454=FACE_OUTER_BOUND('',#829,.T.);
#455=FACE_OUTER_BOUND('',#830,.T.);
#456=FACE_OUTER_BOUND('',#831,.T.);
#457=FACE_OUTER_BOUND('',#832,.T.);
#458=FACE_OUTER_BOUND('',#833,.T.);
#459=FACE_OUTER_BOUND('',#834,.T.);
#460=FACE_OUTER_BOUND('',#835,.T.);
#461=FACE_OUTER_BOUND('',#836,.T.);
#462=FACE_OUTER_BOUND('',#837,.T.);
#463=FACE_OUTER_BOUND('',#838,.T.);
#464=FACE_OUTER_BOUND('',#839,.T.);
#465=FACE_OUTER_BOUND('',#840,.T.);
#466=FACE_OUTER_BOUND('',#841,.T.);
#467=FACE_OUTER_BOUND('',#842,.T.);
#468=FACE_OUTER_BOUND('',#843,.T.);
#469=FACE_OUTER_BOUND('',#844,.T.);
#470=FACE_OUTER_BOUND('',#888,.T.);
#471=EDGE_LOOP('',(#4217,#4218,#4219,#4220));
#472=EDGE_LOOP('',(#4221,#4222,#4223,#4224));
#473=EDGE_LOOP('',(#4225,#4226,#4227,#4228));
#474=EDGE_LOOP('',(#4229,#4230,#4231,#4232));
#475=EDGE_LOOP('',(#4233,#4234,#4235,#4236,#4237,#4238));
#476=EDGE_LOOP('',(#4239,#4240,#4241,#4242));
#477=EDGE_LOOP('',(#4243,#4244,#4245,#4246,#4247,#4248));
#478=EDGE_LOOP('',(#4249,#4250,#4251,#4252));
#479=EDGE_LOOP('',(#4253,#4254,#4255,#4256));
#480=EDGE_LOOP('',(#4257,#4258,#4259,#4260,#4261,#4262));
#481=EDGE_LOOP('',(#4263,#4264,#4265,#4266));
#482=EDGE_LOOP('',(#4267,#4268,#4269,#4270));
#483=EDGE_LOOP('',(#4271,#4272,#4273,#4274));
#484=EDGE_LOOP('',(#4275,#4276,#4277,#4278));
#485=EDGE_LOOP('',(#4279,#4280,#4281,#4282,#4283,#4284));
#486=EDGE_LOOP('',(#4285,#4286,#4287,#4288));
#487=EDGE_LOOP('',(#4289,#4290,#4291,#4292));
#488=EDGE_LOOP('',(#4293,#4294,#4295,#4296));
#489=EDGE_LOOP('',(#4297,#4298,#4299,#4300,#4301,#4302));
#490=EDGE_LOOP('',(#4303,#4304,#4305,#4306));
#491=EDGE_LOOP('',(#4307,#4308,#4309,#4310));
#492=EDGE_LOOP('',(#4311,#4312,#4313,#4314));
#493=EDGE_LOOP('',(#4315,#4316,#4317,#4318,#4319,#4320));
#494=EDGE_LOOP('',(#4321,#4322,#4323,#4324));
#495=EDGE_LOOP('',(#4325,#4326,#4327,#4328));
#496=EDGE_LOOP('',(#4329,#4330,#4331,#4332));
#497=EDGE_LOOP('',(#4333,#4334,#4335,#4336,#4337,#4338));
#498=EDGE_LOOP('',(#4339,#4340,#4341,#4342));
#499=EDGE_LOOP('',(#4343,#4344,#4345,#4346));
#500=EDGE_LOOP('',(#4347,#4348,#4349,#4350,#4351,#4352));
#501=EDGE_LOOP('',(#4353,#4354,#4355,#4356));
#502=EDGE_LOOP('',(#4357,#4358,#4359,#4360));
#503=EDGE_LOOP('',(#4361,#4362,#4363,#4364));
#504=EDGE_LOOP('',(#4365,#4366,#4367,#4368));
#505=EDGE_LOOP('',(#4369,#4370,#4371,#4372));
#506=EDGE_LOOP('',(#4373,#4374,#4375,#4376));
#507=EDGE_LOOP('',(#4377,#4378,#4379,#4380));
#508=EDGE_LOOP('',(#4381,#4382,#4383,#4384));
#509=EDGE_LOOP('',(#4385,#4386,#4387,#4388));
#510=EDGE_LOOP('',(#4389,#4390,#4391,#4392));
#511=EDGE_LOOP('',(#4393,#4394,#4395,#4396,#4397,#4398));
#512=EDGE_LOOP('',(#4399,#4400,#4401,#4402));
#513=EDGE_LOOP('',(#4403,#4404,#4405,#4406));
#514=EDGE_LOOP('',(#4407,#4408,#4409,#4410));
#515=EDGE_LOOP('',(#4411,#4412,#4413,#4414,#4415,#4416));
#516=EDGE_LOOP('',(#4417,#4418,#4419,#4420));
#517=EDGE_LOOP('',(#4421,#4422,#4423,#4424,#4425,#4426));
#518=EDGE_LOOP('',(#4427,#4428,#4429,#4430));
#519=EDGE_LOOP('',(#4431,#4432,#4433,#4434));
#520=EDGE_LOOP('',(#4435,#4436,#4437,#4438));
#521=EDGE_LOOP('',(#4439,#4440,#4441,#4442));
#522=EDGE_LOOP('',(#4443,#4444,#4445,#4446));
#523=EDGE_LOOP('',(#4447,#4448,#4449,#4450));
#524=EDGE_LOOP('',(#4451,#4452,#4453,#4454,#4455,#4456));
#525=EDGE_LOOP('',(#4457,#4458,#4459,#4460));
#526=EDGE_LOOP('',(#4461,#4462,#4463,#4464));
#527=EDGE_LOOP('',(#4465,#4466,#4467,#4468,#4469,#4470));
#528=EDGE_LOOP('',(#4471,#4472,#4473,#4474));
#529=EDGE_LOOP('',(#4475,#4476,#4477,#4478));
#530=EDGE_LOOP('',(#4479,#4480,#4481,#4482,#4483,#4484));
#531=EDGE_LOOP('',(#4485,#4486,#4487,#4488));
#532=EDGE_LOOP('',(#4489,#4490,#4491,#4492));
#533=EDGE_LOOP('',(#4493,#4494,#4495,#4496));
#534=EDGE_LOOP('',(#4497,#4498,#4499,#4500));
#535=EDGE_LOOP('',(#4501,#4502,#4503,#4504));
#536=EDGE_LOOP('',(#4505,#4506,#4507,#4508));
#537=EDGE_LOOP('',(#4509,#4510,#4511,#4512));
#538=EDGE_LOOP('',(#4513,#4514,#4515,#4516));
#539=EDGE_LOOP('',(#4517,#4518,#4519,#4520,#4521,#4522));
#540=EDGE_LOOP('',(#4523,#4524,#4525,#4526));
#541=EDGE_LOOP('',(#4527,#4528,#4529,#4530));
#542=EDGE_LOOP('',(#4531,#4532,#4533,#4534));
#543=EDGE_LOOP('',(#4535,#4536,#4537,#4538));
#544=EDGE_LOOP('',(#4539,#4540,#4541,#4542));
#545=EDGE_LOOP('',(#4543,#4544,#4545,#4546,#4547,#4548));
#546=EDGE_LOOP('',(#4549,#4550,#4551,#4552));
#547=EDGE_LOOP('',(#4553,#4554,#4555,#4556,#4557,#4558));
#548=EDGE_LOOP('',(#4559,#4560,#4561,#4562));
#549=EDGE_LOOP('',(#4563,#4564,#4565,#4566));
#550=EDGE_LOOP('',(#4567,#4568,#4569,#4570));
#551=EDGE_LOOP('',(#4571,#4572,#4573,#4574));
#552=EDGE_LOOP('',(#4575,#4576,#4577,#4578));
#553=EDGE_LOOP('',(#4579,#4580,#4581,#4582,#4583,#4584));
#554=EDGE_LOOP('',(#4585,#4586,#4587,#4588));
#555=EDGE_LOOP('',(#4589,#4590,#4591,#4592));
#556=EDGE_LOOP('',(#4593,#4594,#4595,#4596,#4597,#4598));
#557=EDGE_LOOP('',(#4599,#4600,#4601,#4602));
#558=EDGE_LOOP('',(#4603,#4604,#4605,#4606));
#559=EDGE_LOOP('',(#4607,#4608,#4609,#4610));
#560=EDGE_LOOP('',(#4611,#4612,#4613,#4614));
#561=EDGE_LOOP('',(#4615,#4616,#4617,#4618,#4619,#4620));
#562=EDGE_LOOP('',(#4621,#4622,#4623,#4624));
#563=EDGE_LOOP('',(#4625,#4626,#4627,#4628));
#564=EDGE_LOOP('',(#4629,#4630,#4631,#4632,#4633,#4634));
#565=EDGE_LOOP('',(#4635,#4636,#4637,#4638));
#566=EDGE_LOOP('',(#4639,#4640,#4641,#4642));
#567=EDGE_LOOP('',(#4643,#4644,#4645,#4646));
#568=EDGE_LOOP('',(#4647,#4648,#4649,#4650,#4651,#4652));
#569=EDGE_LOOP('',(#4653,#4654,#4655,#4656));
#570=EDGE_LOOP('',(#4657,#4658,#4659,#4660));
#571=EDGE_LOOP('',(#4661,#4662,#4663,#4664));
#572=EDGE_LOOP('',(#4665,#4666,#4667,#4668));
#573=EDGE_LOOP('',(#4669,#4670,#4671,#4672));
#574=EDGE_LOOP('',(#4673,#4674,#4675,#4676));
#575=EDGE_LOOP('',(#4677,#4678,#4679,#4680));
#576=EDGE_LOOP('',(#4681));
#577=EDGE_LOOP('',(#4682));
#578=EDGE_LOOP('',(#4683));
#579=EDGE_LOOP('',(#4684));
#580=EDGE_LOOP('',(#4685,#4686,#4687,#4688));
#581=EDGE_LOOP('',(#4689,#4690,#4691,#4692));
#582=EDGE_LOOP('',(#4693,#4694,#4695,#4696));
#583=EDGE_LOOP('',(#4697,#4698,#4699,#4700));
#584=EDGE_LOOP('',(#4701,#4702,#4703,#4704));
#585=EDGE_LOOP('',(#4705,#4706,#4707,#4708,#4709,#4710));
#586=EDGE_LOOP('',(#4711,#4712,#4713,#4714));
#587=EDGE_LOOP('',(#4715,#4716,#4717,#4718));
#588=EDGE_LOOP('',(#4719,#4720,#4721,#4722));
#589=EDGE_LOOP('',(#4723,#4724,#4725,#4726));
#590=EDGE_LOOP('',(#4727,#4728,#4729,#4730));
#591=EDGE_LOOP('',(#4731,#4732,#4733,#4734));
#592=EDGE_LOOP('',(#4735,#4736,#4737,#4738));
#593=EDGE_LOOP('',(#4739,#4740,#4741,#4742));
#594=EDGE_LOOP('',(#4743,#4744,#4745,#4746));
#595=EDGE_LOOP('',(#4747,#4748,#4749,#4750,#4751,#4752));
#596=EDGE_LOOP('',(#4753,#4754,#4755,#4756));
#597=EDGE_LOOP('',(#4757,#4758,#4759,#4760));
#598=EDGE_LOOP('',(#4761,#4762,#4763,#4764));
#599=EDGE_LOOP('',(#4765,#4766,#4767,#4768));
#600=EDGE_LOOP('',(#4769,#4770,#4771,#4772,#4773,#4774));
#601=EDGE_LOOP('',(#4775,#4776,#4777,#4778));
#602=EDGE_LOOP('',(#4779,#4780,#4781,#4782));
#603=EDGE_LOOP('',(#4783,#4784,#4785,#4786));
#604=EDGE_LOOP('',(#4787,#4788,#4789,#4790));
#605=EDGE_LOOP('',(#4791,#4792,#4793,#4794));
#606=EDGE_LOOP('',(#4795,#4796,#4797,#4798,#4799,#4800));
#607=EDGE_LOOP('',(#4801,#4802,#4803,#4804));
#608=EDGE_LOOP('',(#4805,#4806,#4807,#4808));
#609=EDGE_LOOP('',(#4809,#4810,#4811,#4812));
#610=EDGE_LOOP('',(#4813,#4814,#4815,#4816));
#611=EDGE_LOOP('',(#4817,#4818,#4819,#4820));
#612=EDGE_LOOP('',(#4821,#4822,#4823,#4824));
#613=EDGE_LOOP('',(#4825,#4826,#4827,#4828,#4829,#4830));
#614=EDGE_LOOP('',(#4831,#4832,#4833,#4834));
#615=EDGE_LOOP('',(#4835,#4836,#4837,#4838));
#616=EDGE_LOOP('',(#4839,#4840,#4841,#4842));
#617=EDGE_LOOP('',(#4843,#4844,#4845,#4846));
#618=EDGE_LOOP('',(#4847,#4848,#4849,#4850));
#619=EDGE_LOOP('',(#4851,#4852,#4853,#4854));
#620=EDGE_LOOP('',(#4855,#4856,#4857,#4858));
#621=EDGE_LOOP('',(#4859,#4860,#4861,#4862));
#622=EDGE_LOOP('',(#4863,#4864,#4865,#4866,#4867,#4868));
#623=EDGE_LOOP('',(#4869,#4870,#4871,#4872));
#624=EDGE_LOOP('',(#4873,#4874,#4875,#4876));
#625=EDGE_LOOP('',(#4877,#4878,#4879,#4880));
#626=EDGE_LOOP('',(#4881,#4882,#4883,#4884));
#627=EDGE_LOOP('',(#4885,#4886,#4887,#4888,#4889,#4890));
#628=EDGE_LOOP('',(#4891,#4892,#4893,#4894));
#629=EDGE_LOOP('',(#4895,#4896,#4897,#4898));
#630=EDGE_LOOP('',(#4899,#4900,#4901,#4902));
#631=EDGE_LOOP('',(#4903,#4904,#4905,#4906));
#632=EDGE_LOOP('',(#4907,#4908,#4909,#4910));
#633=EDGE_LOOP('',(#4911,#4912,#4913,#4914));
#634=EDGE_LOOP('',(#4915,#4916,#4917,#4918));
#635=EDGE_LOOP('',(#4919,#4920,#4921,#4922));
#636=EDGE_LOOP('',(#4923,#4924,#4925,#4926,#4927,#4928));
#637=EDGE_LOOP('',(#4929,#4930,#4931,#4932));
#638=EDGE_LOOP('',(#4933,#4934,#4935,#4936));
#639=EDGE_LOOP('',(#4937,#4938,#4939,#4940));
#640=EDGE_LOOP('',(#4941,#4942,#4943,#4944));
#641=EDGE_LOOP('',(#4945,#4946,#4947,#4948));
#642=EDGE_LOOP('',(#4949,#4950,#4951,#4952));
#643=EDGE_LOOP('',(#4953,#4954,#4955,#4956));
#644=EDGE_LOOP('',(#4957,#4958,#4959,#4960));
#645=EDGE_LOOP('',(#4961,#4962,#4963,#4964));
#646=EDGE_LOOP('',(#4965,#4966,#4967,#4968));
#647=EDGE_LOOP('',(#4969,#4970,#4971,#4972));
#648=EDGE_LOOP('',(#4973,#4974,#4975,#4976));
#649=EDGE_LOOP('',(#4977,#4978,#4979,#4980));
#650=EDGE_LOOP('',(#4981,#4982,#4983,#4984));
#651=EDGE_LOOP('',(#4985,#4986,#4987,#4988));
#652=EDGE_LOOP('',(#4989,#4990,#4991,#4992,#4993,#4994));
#653=EDGE_LOOP('',(#4995,#4996,#4997,#4998));
#654=EDGE_LOOP('',(#4999,#5000,#5001,#5002));
#655=EDGE_LOOP('',(#5003,#5004,#5005,#5006));
#656=EDGE_LOOP('',(#5007,#5008,#5009,#5010));
#657=EDGE_LOOP('',(#5011,#5012,#5013,#5014));
#658=EDGE_LOOP('',(#5015,#5016,#5017,#5018,#5019,#5020));
#659=EDGE_LOOP('',(#5021,#5022,#5023,#5024));
#660=EDGE_LOOP('',(#5025,#5026,#5027,#5028));
#661=EDGE_LOOP('',(#5029,#5030,#5031,#5032));
#662=EDGE_LOOP('',(#5033,#5034,#5035,#5036));
#663=EDGE_LOOP('',(#5037,#5038,#5039,#5040));
#664=EDGE_LOOP('',(#5041,#5042,#5043,#5044));
#665=EDGE_LOOP('',(#5045,#5046,#5047,#5048,#5049,#5050));
#666=EDGE_LOOP('',(#5051,#5052,#5053,#5054));
#667=EDGE_LOOP('',(#5055,#5056,#5057,#5058));
#668=EDGE_LOOP('',(#5059,#5060,#5061,#5062));
#669=EDGE_LOOP('',(#5063,#5064,#5065,#5066));
#670=EDGE_LOOP('',(#5067,#5068,#5069,#5070));
#671=EDGE_LOOP('',(#5071,#5072,#5073,#5074));
#672=EDGE_LOOP('',(#5075,#5076,#5077,#5078,#5079,#5080));
#673=EDGE_LOOP('',(#5081,#5082,#5083,#5084));
#674=EDGE_LOOP('',(#5085,#5086,#5087,#5088));
#675=EDGE_LOOP('',(#5089,#5090,#5091,#5092));
#676=EDGE_LOOP('',(#5093,#5094,#5095,#5096));
#677=EDGE_LOOP('',(#5097,#5098,#5099,#5100));
#678=EDGE_LOOP('',(#5101,#5102,#5103,#5104));
#679=EDGE_LOOP('',(#5105,#5106,#5107,#5108));
#680=EDGE_LOOP('',(#5109,#5110,#5111,#5112));
#681=EDGE_LOOP('',(#5113,#5114,#5115,#5116));
#682=EDGE_LOOP('',(#5117,#5118,#5119,#5120,#5121,#5122));
#683=EDGE_LOOP('',(#5123,#5124,#5125,#5126));
#684=EDGE_LOOP('',(#5127,#5128,#5129,#5130));
#685=EDGE_LOOP('',(#5131,#5132,#5133,#5134));
#686=EDGE_LOOP('',(#5135,#5136,#5137,#5138));
#687=EDGE_LOOP('',(#5139,#5140,#5141,#5142,#5143,#5144));
#688=EDGE_LOOP('',(#5145,#5146,#5147,#5148));
#689=EDGE_LOOP('',(#5149,#5150,#5151,#5152));
#690=EDGE_LOOP('',(#5153,#5154,#5155,#5156));
#691=EDGE_LOOP('',(#5157,#5158,#5159,#5160));
#692=EDGE_LOOP('',(#5161,#5162,#5163,#5164));
#693=EDGE_LOOP('',(#5165,#5166,#5167,#5168,#5169,#5170));
#694=EDGE_LOOP('',(#5171,#5172,#5173,#5174));
#695=EDGE_LOOP('',(#5175,#5176,#5177,#5178));
#696=EDGE_LOOP('',(#5179,#5180,#5181,#5182));
#697=EDGE_LOOP('',(#5183,#5184,#5185,#5186));
#698=EDGE_LOOP('',(#5187,#5188,#5189,#5190));
#699=EDGE_LOOP('',(#5191,#5192,#5193,#5194));
#700=EDGE_LOOP('',(#5195,#5196,#5197,#5198,#5199,#5200));
#701=EDGE_LOOP('',(#5201,#5202,#5203,#5204));
#702=EDGE_LOOP('',(#5205,#5206,#5207,#5208));
#703=EDGE_LOOP('',(#5209,#5210,#5211,#5212));
#704=EDGE_LOOP('',(#5213,#5214,#5215,#5216));
#705=EDGE_LOOP('',(#5217,#5218,#5219,#5220));
#706=EDGE_LOOP('',(#5221,#5222,#5223,#5224));
#707=EDGE_LOOP('',(#5225,#5226,#5227,#5228));
#708=EDGE_LOOP('',(#5229,#5230,#5231,#5232));
#709=EDGE_LOOP('',(#5233,#5234,#5235,#5236,#5237,#5238));
#710=EDGE_LOOP('',(#5239,#5240,#5241,#5242));
#711=EDGE_LOOP('',(#5243,#5244,#5245,#5246));
#712=EDGE_LOOP('',(#5247,#5248,#5249,#5250));
#713=EDGE_LOOP('',(#5251,#5252,#5253,#5254));
#714=EDGE_LOOP('',(#5255,#5256,#5257,#5258,#5259,#5260));
#715=EDGE_LOOP('',(#5261,#5262,#5263,#5264));
#716=EDGE_LOOP('',(#5265,#5266,#5267,#5268));
#717=EDGE_LOOP('',(#5269,#5270,#5271,#5272));
#718=EDGE_LOOP('',(#5273,#5274,#5275,#5276));
#719=EDGE_LOOP('',(#5277,#5278,#5279,#5280));
#720=EDGE_LOOP('',(#5281,#5282,#5283,#5284));
#721=EDGE_LOOP('',(#5285,#5286,#5287,#5288));
#722=EDGE_LOOP('',(#5289,#5290,#5291,#5292));
#723=EDGE_LOOP('',(#5293,#5294,#5295,#5296,#5297,#5298));
#724=EDGE_LOOP('',(#5299,#5300,#5301,#5302));
#725=EDGE_LOOP('',(#5303,#5304,#5305,#5306));
#726=EDGE_LOOP('',(#5307,#5308,#5309,#5310));
#727=EDGE_LOOP('',(#5311,#5312,#5313,#5314));
#728=EDGE_LOOP('',(#5315,#5316,#5317,#5318));
#729=EDGE_LOOP('',(#5319,#5320,#5321,#5322));
#730=EDGE_LOOP('',(#5323,#5324,#5325,#5326));
#731=EDGE_LOOP('',(#5327,#5328,#5329,#5330));
#732=EDGE_LOOP('',(#5331,#5332,#5333,#5334));
#733=EDGE_LOOP('',(#5335,#5336,#5337,#5338));
#734=EDGE_LOOP('',(#5339,#5340,#5341,#5342));
#735=EDGE_LOOP('',(#5343,#5344,#5345,#5346));
#736=EDGE_LOOP('',(#5347,#5348,#5349,#5350));
#737=EDGE_LOOP('',(#5351,#5352,#5353,#5354));
#738=EDGE_LOOP('',(#5355,#5356,#5357,#5358));
#739=EDGE_LOOP('',(#5359,#5360,#5361,#5362,#5363,#5364));
#740=EDGE_LOOP('',(#5365,#5366,#5367,#5368));
#741=EDGE_LOOP('',(#5369,#5370,#5371,#5372));
#742=EDGE_LOOP('',(#5373,#5374,#5375,#5376));
#743=EDGE_LOOP('',(#5377,#5378,#5379,#5380));
#744=EDGE_LOOP('',(#5381,#5382,#5383,#5384));
#745=EDGE_LOOP('',(#5385,#5386,#5387,#5388,#5389,#5390));
#746=EDGE_LOOP('',(#5391,#5392,#5393,#5394));
#747=EDGE_LOOP('',(#5395,#5396,#5397,#5398));
#748=EDGE_LOOP('',(#5399,#5400,#5401,#5402));
#749=EDGE_LOOP('',(#5403,#5404,#5405,#5406));
#750=EDGE_LOOP('',(#5407,#5408,#5409,#5410));
#751=EDGE_LOOP('',(#5411,#5412,#5413,#5414));
#752=EDGE_LOOP('',(#5415,#5416,#5417,#5418,#5419,#5420));
#753=EDGE_LOOP('',(#5421,#5422,#5423,#5424));
#754=EDGE_LOOP('',(#5425,#5426,#5427,#5428));
#755=EDGE_LOOP('',(#5429,#5430,#5431,#5432));
#756=EDGE_LOOP('',(#5433,#5434,#5435,#5436));
#757=EDGE_LOOP('',(#5437,#5438,#5439,#5440));
#758=EDGE_LOOP('',(#5441,#5442,#5443,#5444));
#759=EDGE_LOOP('',(#5445,#5446,#5447,#5448,#5449,#5450));
#760=EDGE_LOOP('',(#5451,#5452,#5453,#5454));
#761=EDGE_LOOP('',(#5455,#5456,#5457,#5458));
#762=EDGE_LOOP('',(#5459,#5460,#5461,#5462));
#763=EDGE_LOOP('',(#5463,#5464,#5465,#5466));
#764=EDGE_LOOP('',(#5467,#5468,#5469,#5470));
#765=EDGE_LOOP('',(#5471,#5472,#5473,#5474));
#766=EDGE_LOOP('',(#5475,#5476,#5477,#5478));
#767=EDGE_LOOP('',(#5479,#5480,#5481,#5482));
#768=EDGE_LOOP('',(#5483,#5484,#5485,#5486));
#769=EDGE_LOOP('',(#5487,#5488,#5489,#5490,#5491,#5492));
#770=EDGE_LOOP('',(#5493,#5494,#5495,#5496));
#771=EDGE_LOOP('',(#5497,#5498,#5499,#5500));
#772=EDGE_LOOP('',(#5501,#5502,#5503,#5504));
#773=EDGE_LOOP('',(#5505,#5506,#5507,#5508));
#774=EDGE_LOOP('',(#5509,#5510,#5511,#5512,#5513,#5514));
#775=EDGE_LOOP('',(#5515,#5516,#5517,#5518));
#776=EDGE_LOOP('',(#5519,#5520,#5521,#5522));
#777=EDGE_LOOP('',(#5523,#5524,#5525,#5526));
#778=EDGE_LOOP('',(#5527,#5528,#5529,#5530));
#779=EDGE_LOOP('',(#5531,#5532,#5533,#5534));
#780=EDGE_LOOP('',(#5535,#5536,#5537,#5538,#5539,#5540));
#781=EDGE_LOOP('',(#5541,#5542,#5543,#5544));
#782=EDGE_LOOP('',(#5545,#5546,#5547,#5548));
#783=EDGE_LOOP('',(#5549,#5550,#5551,#5552));
#784=EDGE_LOOP('',(#5553,#5554,#5555,#5556));
#785=EDGE_LOOP('',(#5557,#5558,#5559,#5560));
#786=EDGE_LOOP('',(#5561,#5562,#5563,#5564));
#787=EDGE_LOOP('',(#5565,#5566,#5567,#5568,#5569,#5570));
#788=EDGE_LOOP('',(#5571,#5572,#5573,#5574));
#789=EDGE_LOOP('',(#5575,#5576,#5577,#5578));
#790=EDGE_LOOP('',(#5579,#5580,#5581,#5582));
#791=EDGE_LOOP('',(#5583,#5584,#5585,#5586));
#792=EDGE_LOOP('',(#5587,#5588,#5589,#5590));
#793=EDGE_LOOP('',(#5591,#5592,#5593,#5594));
#794=EDGE_LOOP('',(#5595,#5596,#5597,#5598));
#795=EDGE_LOOP('',(#5599,#5600,#5601,#5602));
#796=EDGE_LOOP('',(#5603,#5604,#5605,#5606,#5607,#5608));
#797=EDGE_LOOP('',(#5609,#5610,#5611,#5612));
#798=EDGE_LOOP('',(#5613,#5614,#5615,#5616));
#799=EDGE_LOOP('',(#5617,#5618,#5619,#5620));
#800=EDGE_LOOP('',(#5621,#5622,#5623,#5624));
#801=EDGE_LOOP('',(#5625,#5626,#5627,#5628,#5629,#5630));
#802=EDGE_LOOP('',(#5631,#5632,#5633,#5634));
#803=EDGE_LOOP('',(#5635,#5636,#5637,#5638));
#804=EDGE_LOOP('',(#5639,#5640,#5641,#5642));
#805=EDGE_LOOP('',(#5643,#5644,#5645,#5646));
#806=EDGE_LOOP('',(#5647,#5648,#5649,#5650));
#807=EDGE_LOOP('',(#5651,#5652,#5653,#5654));
#808=EDGE_LOOP('',(#5655,#5656,#5657,#5658));
#809=EDGE_LOOP('',(#5659,#5660,#5661,#5662));
#810=EDGE_LOOP('',(#5663,#5664,#5665,#5666,#5667,#5668));
#811=EDGE_LOOP('',(#5669,#5670,#5671,#5672));
#812=EDGE_LOOP('',(#5673,#5674,#5675,#5676));
#813=EDGE_LOOP('',(#5677,#5678,#5679,#5680));
#814=EDGE_LOOP('',(#5681,#5682,#5683,#5684));
#815=EDGE_LOOP('',(#5685,#5686,#5687,#5688));
#816=EDGE_LOOP('',(#5689,#5690,#5691,#5692));
#817=EDGE_LOOP('',(#5693,#5694,#5695,#5696));
#818=EDGE_LOOP('',(#5697,#5698,#5699,#5700));
#819=EDGE_LOOP('',(#5701,#5702,#5703,#5704));
#820=EDGE_LOOP('',(#5705,#5706,#5707,#5708));
#821=EDGE_LOOP('',(#5709,#5710,#5711,#5712));
#822=EDGE_LOOP('',(#5713,#5714,#5715,#5716));
#823=EDGE_LOOP('',(#5717,#5718,#5719,#5720));
#824=EDGE_LOOP('',(#5721,#5722,#5723,#5724));
#825=EDGE_LOOP('',(#5725,#5726,#5727,#5728));
#826=EDGE_LOOP('',(#5729,#5730,#5731,#5732,#5733,#5734));
#827=EDGE_LOOP('',(#5735,#5736,#5737,#5738));
#828=EDGE_LOOP('',(#5739,#5740,#5741,#5742));
#829=EDGE_LOOP('',(#5743,#5744,#5745,#5746));
#830=EDGE_LOOP('',(#5747,#5748,#5749,#5750));
#831=EDGE_LOOP('',(#5751,#5752,#5753,#5754));
#832=EDGE_LOOP('',(#5755,#5756,#5757,#5758,#5759,#5760));
#833=EDGE_LOOP('',(#5761,#5762,#5763,#5764));
#834=EDGE_LOOP('',(#5765,#5766,#5767,#5768));
#835=EDGE_LOOP('',(#5769,#5770,#5771,#5772));
#836=EDGE_LOOP('',(#5773,#5774,#5775,#5776));
#837=EDGE_LOOP('',(#5777,#5778,#5779,#5780));
#838=EDGE_LOOP('',(#5781,#5782,#5783,#5784));
#839=EDGE_LOOP('',(#5785,#5786,#5787,#5788,#5789,#5790));
#840=EDGE_LOOP('',(#5791,#5792,#5793,#5794));
#841=EDGE_LOOP('',(#5795,#5796,#5797,#5798));
#842=EDGE_LOOP('',(#5799,#5800,#5801,#5802));
#843=EDGE_LOOP('',(#5803,#5804,#5805,#5806));
#844=EDGE_LOOP('',(#5807,#5808,#5809,#5810));
#845=EDGE_LOOP('',(#5811));
#846=EDGE_LOOP('',(#5812));
#847=EDGE_LOOP('',(#5813));
#848=EDGE_LOOP('',(#5814));
#849=EDGE_LOOP('',(#5815,#5816,#5817,#5818,#5819,#5820));
#850=EDGE_LOOP('',(#5821,#5822,#5823,#5824,#5825,#5826));
#851=EDGE_LOOP('',(#5827,#5828,#5829,#5830,#5831,#5832));
#852=EDGE_LOOP('',(#5833,#5834,#5835,#5836,#5837,#5838));
#853=EDGE_LOOP('',(#5839,#5840,#5841,#5842,#5843,#5844));
#854=EDGE_LOOP('',(#5845,#5846,#5847,#5848,#5849,#5850));
#855=EDGE_LOOP('',(#5851,#5852,#5853,#5854,#5855,#5856));
#856=EDGE_LOOP('',(#5857,#5858,#5859,#5860,#5861,#5862));
#857=EDGE_LOOP('',(#5863,#5864,#5865,#5866));
#858=EDGE_LOOP('',(#5867,#5868,#5869,#5870));
#859=EDGE_LOOP('',(#5871,#5872,#5873,#5874,#5875,#5876));
#860=EDGE_LOOP('',(#5877,#5878,#5879,#5880,#5881,#5882));
#861=EDGE_LOOP('',(#5883,#5884,#5885,#5886,#5887,#5888));
#862=EDGE_LOOP('',(#5889,#5890,#5891,#5892,#5893,#5894));
#863=EDGE_LOOP('',(#5895,#5896,#5897,#5898,#5899,#5900));
#864=EDGE_LOOP('',(#5901,#5902,#5903,#5904,#5905,#5906));
#865=EDGE_LOOP('',(#5907,#5908,#5909,#5910,#5911,#5912));
#866=EDGE_LOOP('',(#5913,#5914,#5915,#5916,#5917,#5918));
#867=EDGE_LOOP('',(#5919,#5920,#5921,#5922,#5923,#5924));
#868=EDGE_LOOP('',(#5925,#5926,#5927,#5928,#5929,#5930));
#869=EDGE_LOOP('',(#5931,#5932,#5933,#5934,#5935,#5936));
#870=EDGE_LOOP('',(#5937,#5938,#5939,#5940));
#871=EDGE_LOOP('',(#5941,#5942,#5943,#5944));
#872=EDGE_LOOP('',(#5945,#5946,#5947,#5948,#5949,#5950));
#873=EDGE_LOOP('',(#5951,#5952,#5953,#5954,#5955,#5956));
#874=EDGE_LOOP('',(#5957,#5958,#5959,#5960,#5961,#5962));
#875=EDGE_LOOP('',(#5963,#5964,#5965,#5966,#5967,#5968));
#876=EDGE_LOOP('',(#5969,#5970,#5971,#5972,#5973,#5974));
#877=EDGE_LOOP('',(#5975,#5976,#5977,#5978,#5979,#5980));
#878=EDGE_LOOP('',(#5981,#5982,#5983,#5984,#5985,#5986));
#879=EDGE_LOOP('',(#5987,#5988,#5989,#5990,#5991,#5992));
#880=EDGE_LOOP('',(#5993,#5994,#5995,#5996,#5997,#5998));
#881=EDGE_LOOP('',(#5999,#6000,#6001,#6002,#6003,#6004));
#882=EDGE_LOOP('',(#6005,#6006,#6007,#6008,#6009,#6010));
#883=EDGE_LOOP('',(#6011,#6012,#6013,#6014));
#884=EDGE_LOOP('',(#6015,#6016,#6017,#6018));
#885=EDGE_LOOP('',(#6019,#6020,#6021,#6022,#6023,#6024));
#886=EDGE_LOOP('',(#6025,#6026,#6027,#6028,#6029,#6030));
#887=EDGE_LOOP('',(#6031,#6032,#6033,#6034,#6035,#6036));
#888=EDGE_LOOP('',(#6037,#6038,#6039,#6040));
#889=LINE('',#8853,#1793);
#890=LINE('',#8855,#1794);
#891=LINE('',#8857,#1795);
#892=LINE('',#8858,#1796);
#893=LINE('',#8861,#1797);
#894=LINE('',#8863,#1798);
#895=LINE('',#8864,#1799);
#896=LINE('',#8868,#1800);
#897=LINE('',#8870,#1801);
#898=LINE('',#8872,#1802);
#899=LINE('',#8873,#1803);
#900=LINE('',#8875,#1804);
#901=LINE('',#8876,#1805);
#902=LINE('',#8879,#1806);
#903=LINE('',#8880,#1807);
#904=LINE('',#8883,#1808);
#905=LINE('',#8884,#1809);
#906=LINE('',#8886,#1810);
#907=LINE('',#8891,#1811);
#908=LINE('',#8893,#1812);
#909=LINE('',#8895,#1813);
#910=LINE('',#8896,#1814);
#911=LINE('',#8900,#1815);
#912=LINE('',#8902,#1816);
#913=LINE('',#8903,#1817);
#914=LINE('',#8905,#1818);
#915=LINE('',#8906,#1819);
#916=LINE('',#8909,#1820);
#917=LINE('',#8910,#1821);
#918=LINE('',#8913,#1822);
#919=LINE('',#8914,#1823);
#920=LINE('',#8917,#1824);
#921=LINE('',#8918,#1825);
#922=LINE('',#8921,#1826);
#923=LINE('',#8922,#1827);
#924=LINE('',#8924,#1828);
#925=LINE('',#8929,#1829);
#926=LINE('',#8931,#1830);
#927=LINE('',#8933,#1831);
#928=LINE('',#8934,#1832);
#929=LINE('',#8938,#1833);
#930=LINE('',#8939,#1834);
#931=LINE('',#8940,#1835);
#932=LINE('',#8944,#1836);
#933=LINE('',#8945,#1837);
#934=LINE('',#8947,#1838);
#935=LINE('',#8948,#1839);
#936=LINE('',#8951,#1840);
#937=LINE('',#8952,#1841);
#938=LINE('',#8956,#1842);
#939=LINE('',#8957,#1843);
#940=LINE('',#8958,#1844);
#941=LINE('',#8960,#1845);
#942=LINE('',#8962,#1846);
#943=LINE('',#8967,#1847);
#944=LINE('',#8969,#1848);
#945=LINE('',#8971,#1849);
#946=LINE('',#8972,#1850);
#947=LINE('',#8975,#1851);
#948=LINE('',#8977,#1852);
#949=LINE('',#8978,#1853);
#950=LINE('',#8982,#1854);
#951=LINE('',#8983,#1855);
#952=LINE('',#8985,#1856);
#953=LINE('',#8986,#1857);
#954=LINE('',#8989,#1858);
#955=LINE('',#8990,#1859);
#956=LINE('',#8993,#1860);
#957=LINE('',#8994,#1861);
#958=LINE('',#8997,#1862);
#959=LINE('',#8998,#1863);
#960=LINE('',#9000,#1864);
#961=LINE('',#9005,#1865);
#962=LINE('',#9007,#1866);
#963=LINE('',#9009,#1867);
#964=LINE('',#9010,#1868);
#965=LINE('',#9013,#1869);
#966=LINE('',#9015,#1870);
#967=LINE('',#9016,#1871);
#968=LINE('',#9019,#1872);
#969=LINE('',#9020,#1873);
#970=LINE('',#9023,#1874);
#971=LINE('',#9024,#1875);
#972=LINE('',#9026,#1876);
#973=LINE('',#9031,#1877);
#974=LINE('',#9033,#1878);
#975=LINE('',#9035,#1879);
#976=LINE('',#9036,#1880);
#977=LINE('',#9039,#1881);
#978=LINE('',#9041,#1882);
#979=LINE('',#9042,#1883);
#980=LINE('',#9045,#1884);
#981=LINE('',#9047,#1885);
#982=LINE('',#9049,#1886);
#983=LINE('',#9050,#1887);
#984=LINE('',#9053,#1888);
#985=LINE('',#9054,#1889);
#986=LINE('',#9057,#1890);
#987=LINE('',#9058,#1891);
#988=LINE('',#9061,#1892);
#989=LINE('',#9062,#1893);
#990=LINE('',#9064,#1894);
#991=LINE('',#9069,#1895);
#992=LINE('',#9071,#1896);
#993=LINE('',#9073,#1897);
#994=LINE('',#9075,#1898);
#995=LINE('',#9077,#1899);
#996=LINE('',#9078,#1900);
#997=LINE('',#9081,#1901);
#998=LINE('',#9083,#1902);
#999=LINE('',#9084,#1903);
#1000=LINE('',#9087,#1904);
#1001=LINE('',#9088,#1905);
#1002=LINE('',#9092,#1906);
#1003=LINE('',#9093,#1907);
#1004=LINE('',#9094,#1908);
#1005=LINE('',#9096,#1909);
#1006=LINE('',#9099,#1910);
#1007=LINE('',#9100,#1911);
#1008=LINE('',#9102,#1912);
#1009=LINE('',#9107,#1913);
#1010=LINE('',#9109,#1914);
#1011=LINE('',#9111,#1915);
#1012=LINE('',#9112,#1916);
#1013=LINE('',#9115,#1917);
#1014=LINE('',#9117,#1918);
#1015=LINE('',#9118,#1919);
#1016=LINE('',#9122,#1920);
#1017=LINE('',#9123,#1921);
#1018=LINE('',#9125,#1922);
#1019=LINE('',#9126,#1923);
#1020=LINE('',#9129,#1924);
#1021=LINE('',#9130,#1925);
#1022=LINE('',#9133,#1926);
#1023=LINE('',#9134,#1927);
#1024=LINE('',#9137,#1928);
#1025=LINE('',#9138,#1929);
#1026=LINE('',#9140,#1930);
#1027=LINE('',#9145,#1931);
#1028=LINE('',#9147,#1932);
#1029=LINE('',#9149,#1933);
#1030=LINE('',#9150,#1934);
#1031=LINE('',#9153,#1935);
#1032=LINE('',#9155,#1936);
#1033=LINE('',#9156,#1937);
#1034=LINE('',#9159,#1938);
#1035=LINE('',#9160,#1939);
#1036=LINE('',#9163,#1940);
#1037=LINE('',#9164,#1941);
#1038=LINE('',#9166,#1942);
#1039=LINE('',#9171,#1943);
#1040=LINE('',#9173,#1944);
#1041=LINE('',#9175,#1945);
#1042=LINE('',#9177,#1946);
#1043=LINE('',#9179,#1947);
#1044=LINE('',#9180,#1948);
#1045=LINE('',#9184,#1949);
#1046=LINE('',#9185,#1950);
#1047=LINE('',#9186,#1951);
#1048=LINE('',#9189,#1952);
#1049=LINE('',#9190,#1953);
#1050=LINE('',#9193,#1954);
#1051=LINE('',#9195,#1955);
#1052=LINE('',#9196,#1956);
#1053=LINE('',#9198,#1957);
#1054=LINE('',#9201,#1958);
#1055=LINE('',#9202,#1959);
#1056=LINE('',#9204,#1960);
#1057=LINE('',#9209,#1961);
#1058=LINE('',#9211,#1962);
#1059=LINE('',#9213,#1963);
#1060=LINE('',#9215,#1964);
#1061=LINE('',#9217,#1965);
#1062=LINE('',#9218,#1966);
#1063=LINE('',#9222,#1967);
#1064=LINE('',#9223,#1968);
#1065=LINE('',#9224,#1969);
#1066=LINE('',#9227,#1970);
#1067=LINE('',#9228,#1971);
#1068=LINE('',#9232,#1972);
#1069=LINE('',#9233,#1973);
#1070=LINE('',#9234,#1974);
#1071=LINE('',#9237,#1975);
#1072=LINE('',#9238,#1976);
#1073=LINE('',#9240,#1977);
#1074=LINE('',#9242,#1978);
#1075=LINE('',#9247,#1979);
#1076=LINE('',#9249,#1980);
#1077=LINE('',#9251,#1981);
#1078=LINE('',#9252,#1982);
#1079=LINE('',#9255,#1983);
#1080=LINE('',#9257,#1984);
#1081=LINE('',#9259,#1985);
#1082=LINE('',#9261,#1986);
#1083=LINE('',#9262,#1987);
#1084=LINE('',#9265,#1988);
#1085=LINE('',#9266,#1989);
#1086=LINE('',#9269,#1990);
#1087=LINE('',#9271,#1991);
#1088=LINE('',#9272,#1992);
#1089=LINE('',#9274,#1993);
#1090=LINE('',#9277,#1994);
#1091=LINE('',#9278,#1995);
#1092=LINE('',#9280,#1996);
#1093=LINE('',#9285,#1997);
#1094=LINE('',#9287,#1998);
#1095=LINE('',#9289,#1999);
#1096=LINE('',#9290,#2000);
#1097=LINE('',#9294,#2001);
#1098=LINE('',#9296,#2002);
#1099=LINE('',#9297,#2003);
#1100=LINE('',#9299,#2004);
#1101=LINE('',#9300,#2005);
#1102=LINE('',#9303,#2006);
#1103=LINE('',#9304,#2007);
#1104=LINE('',#9307,#2008);
#1105=LINE('',#9309,#2009);
#1106=LINE('',#9310,#2010);
#1107=LINE('',#9313,#2011);
#1108=LINE('',#9314,#2012);
#1109=LINE('',#9316,#2013);
#1110=LINE('',#9317,#2014);
#1111=LINE('',#9324,#2015);
#1112=LINE('',#9330,#2016);
#1113=LINE('',#9336,#2017);
#1114=LINE('',#9342,#2018);
#1115=LINE('',#9347,#2019);
#1116=LINE('',#9349,#2020);
#1117=LINE('',#9351,#2021);
#1118=LINE('',#9352,#2022);
#1119=LINE('',#9355,#2023);
#1120=LINE('',#9357,#2024);
#1121=LINE('',#9358,#2025);
#1122=LINE('',#9361,#2026);
#1123=LINE('',#9362,#2027);
#1124=LINE('',#9366,#2028);
#1125=LINE('',#9368,#2029);
#1126=LINE('',#9370,#2030);
#1127=LINE('',#9371,#2031);
#1128=LINE('',#9374,#2032);
#1129=LINE('',#9376,#2033);
#1130=LINE('',#9377,#2034);
#1131=LINE('',#9380,#2035);
#1132=LINE('',#9382,#2036);
#1133=LINE('',#9383,#2037);
#1134=LINE('',#9386,#2038);
#1135=LINE('',#9388,#2039);
#1136=LINE('',#9389,#2040);
#1137=LINE('',#9392,#2041);
#1138=LINE('',#9393,#2042);
#1139=LINE('',#9396,#2043);
#1140=LINE('',#9397,#2044);
#1141=LINE('',#9399,#2045);
#1142=LINE('',#9403,#2046);
#1143=LINE('',#9405,#2047);
#1144=LINE('',#9407,#2048);
#1145=LINE('',#9408,#2049);
#1146=LINE('',#9411,#2050);
#1147=LINE('',#9413,#2051);
#1148=LINE('',#9414,#2052);
#1149=LINE('',#9417,#2053);
#1150=LINE('',#9419,#2054);
#1151=LINE('',#9420,#2055);
#1152=LINE('',#9424,#2056);
#1153=LINE('',#9426,#2057);
#1154=LINE('',#9428,#2058);
#1155=LINE('',#9429,#2059);
#1156=LINE('',#9431,#2060);
#1157=LINE('',#9432,#2061);
#1158=LINE('',#9434,#2062);
#1159=LINE('',#9435,#2063);
#1160=LINE('',#9440,#2064);
#1161=LINE('',#9442,#2065);
#1162=LINE('',#9444,#2066);
#1163=LINE('',#9445,#2067);
#1164=LINE('',#9448,#2068);
#1165=LINE('',#9450,#2069);
#1166=LINE('',#9451,#2070);
#1167=LINE('',#9454,#2071);
#1168=LINE('',#9456,#2072);
#1169=LINE('',#9457,#2073);
#1170=LINE('',#9461,#2074);
#1171=LINE('',#9463,#2075);
#1172=LINE('',#9465,#2076);
#1173=LINE('',#9466,#2077);
#1174=LINE('',#9468,#2078);
#1175=LINE('',#9469,#2079);
#1176=LINE('',#9471,#2080);
#1177=LINE('',#9473,#2081);
#1178=LINE('',#9477,#2082);
#1179=LINE('',#9479,#2083);
#1180=LINE('',#9481,#2084);
#1181=LINE('',#9482,#2085);
#1182=LINE('',#9485,#2086);
#1183=LINE('',#9487,#2087);
#1184=LINE('',#9488,#2088);
#1185=LINE('',#9491,#2089);
#1186=LINE('',#9493,#2090);
#1187=LINE('',#9494,#2091);
#1188=LINE('',#9497,#2092);
#1189=LINE('',#9499,#2093);
#1190=LINE('',#9500,#2094);
#1191=LINE('',#9503,#2095);
#1192=LINE('',#9504,#2096);
#1193=LINE('',#9507,#2097);
#1194=LINE('',#9508,#2098);
#1195=LINE('',#9510,#2099);
#1196=LINE('',#9514,#2100);
#1197=LINE('',#9516,#2101);
#1198=LINE('',#9518,#2102);
#1199=LINE('',#9519,#2103);
#1200=LINE('',#9522,#2104);
#1201=LINE('',#9524,#2105);
#1202=LINE('',#9525,#2106);
#1203=LINE('',#9528,#2107);
#1204=LINE('',#9530,#2108);
#1205=LINE('',#9531,#2109);
#1206=LINE('',#9534,#2110);
#1207=LINE('',#9536,#2111);
#1208=LINE('',#9537,#2112);
#1209=LINE('',#9540,#2113);
#1210=LINE('',#9541,#2114);
#1211=LINE('',#9544,#2115);
#1212=LINE('',#9545,#2116);
#1213=LINE('',#9547,#2117);
#1214=LINE('',#9551,#2118);
#1215=LINE('',#9553,#2119);
#1216=LINE('',#9555,#2120);
#1217=LINE('',#9556,#2121);
#1218=LINE('',#9559,#2122);
#1219=LINE('',#9561,#2123);
#1220=LINE('',#9562,#2124);
#1221=LINE('',#9565,#2125);
#1222=LINE('',#9567,#2126);
#1223=LINE('',#9568,#2127);
#1224=LINE('',#9571,#2128);
#1225=LINE('',#9573,#2129);
#1226=LINE('',#9574,#2130);
#1227=LINE('',#9577,#2131);
#1228=LINE('',#9579,#2132);
#1229=LINE('',#9580,#2133);
#1230=LINE('',#9582,#2134);
#1231=LINE('',#9584,#2135);
#1232=LINE('',#9588,#2136);
#1233=LINE('',#9590,#2137);
#1234=LINE('',#9592,#2138);
#1235=LINE('',#9593,#2139);
#1236=LINE('',#9596,#2140);
#1237=LINE('',#9598,#2141);
#1238=LINE('',#9599,#2142);
#1239=LINE('',#9602,#2143);
#1240=LINE('',#9604,#2144);
#1241=LINE('',#9605,#2145);
#1242=LINE('',#9608,#2146);
#1243=LINE('',#9610,#2147);
#1244=LINE('',#9611,#2148);
#1245=LINE('',#9615,#2149);
#1246=LINE('',#9616,#2150);
#1247=LINE('',#9617,#2151);
#1248=LINE('',#9619,#2152);
#1249=LINE('',#9621,#2153);
#1250=LINE('',#9625,#2154);
#1251=LINE('',#9627,#2155);
#1252=LINE('',#9629,#2156);
#1253=LINE('',#9630,#2157);
#1254=LINE('',#9633,#2158);
#1255=LINE('',#9635,#2159);
#1256=LINE('',#9636,#2160);
#1257=LINE('',#9639,#2161);
#1258=LINE('',#9641,#2162);
#1259=LINE('',#9642,#2163);
#1260=LINE('',#9645,#2164);
#1261=LINE('',#9647,#2165);
#1262=LINE('',#9648,#2166);
#1263=LINE('',#9651,#2167);
#1264=LINE('',#9653,#2168);
#1265=LINE('',#9654,#2169);
#1266=LINE('',#9656,#2170);
#1267=LINE('',#9658,#2171);
#1268=LINE('',#9662,#2172);
#1269=LINE('',#9664,#2173);
#1270=LINE('',#9666,#2174);
#1271=LINE('',#9667,#2175);
#1272=LINE('',#9670,#2176);
#1273=LINE('',#9672,#2177);
#1274=LINE('',#9673,#2178);
#1275=LINE('',#9676,#2179);
#1276=LINE('',#9677,#2180);
#1277=LINE('',#9680,#2181);
#1278=LINE('',#9681,#2182);
#1279=LINE('',#9683,#2183);
#1280=LINE('',#9687,#2184);
#1281=LINE('',#9689,#2185);
#1282=LINE('',#9691,#2186);
#1283=LINE('',#9692,#2187);
#1284=LINE('',#9695,#2188);
#1285=LINE('',#9697,#2189);
#1286=LINE('',#9698,#2190);
#1287=LINE('',#9701,#2191);
#1288=LINE('',#9702,#2192);
#1289=LINE('',#9705,#2193);
#1290=LINE('',#9706,#2194);
#1291=LINE('',#9708,#2195);
#1292=LINE('',#9712,#2196);
#1293=LINE('',#9714,#2197);
#1294=LINE('',#9716,#2198);
#1295=LINE('',#9717,#2199);
#1296=LINE('',#9720,#2200);
#1297=LINE('',#9722,#2201);
#1298=LINE('',#9723,#2202);
#1299=LINE('',#9726,#2203);
#1300=LINE('',#9728,#2204);
#1301=LINE('',#9729,#2205);
#1302=LINE('',#9732,#2206);
#1303=LINE('',#9734,#2207);
#1304=LINE('',#9735,#2208);
#1305=LINE('',#9738,#2209);
#1306=LINE('',#9739,#2210);
#1307=LINE('',#9742,#2211);
#1308=LINE('',#9743,#2212);
#1309=LINE('',#9745,#2213);
#1310=LINE('',#9749,#2214);
#1311=LINE('',#9751,#2215);
#1312=LINE('',#9753,#2216);
#1313=LINE('',#9754,#2217);
#1314=LINE('',#9757,#2218);
#1315=LINE('',#9759,#2219);
#1316=LINE('',#9760,#2220);
#1317=LINE('',#9763,#2221);
#1318=LINE('',#9765,#2222);
#1319=LINE('',#9766,#2223);
#1320=LINE('',#9769,#2224);
#1321=LINE('',#9771,#2225);
#1322=LINE('',#9772,#2226);
#1323=LINE('',#9775,#2227);
#1324=LINE('',#9776,#2228);
#1325=LINE('',#9779,#2229);
#1326=LINE('',#9780,#2230);
#1327=LINE('',#9782,#2231);
#1328=LINE('',#9786,#2232);
#1329=LINE('',#9788,#2233);
#1330=LINE('',#9790,#2234);
#1331=LINE('',#9791,#2235);
#1332=LINE('',#9794,#2236);
#1333=LINE('',#9796,#2237);
#1334=LINE('',#9797,#2238);
#1335=LINE('',#9800,#2239);
#1336=LINE('',#9802,#2240);
#1337=LINE('',#9803,#2241);
#1338=LINE('',#9806,#2242);
#1339=LINE('',#9808,#2243);
#1340=LINE('',#9809,#2244);
#1341=LINE('',#9813,#2245);
#1342=LINE('',#9814,#2246);
#1343=LINE('',#9815,#2247);
#1344=LINE('',#9817,#2248);
#1345=LINE('',#9819,#2249);
#1346=LINE('',#9823,#2250);
#1347=LINE('',#9825,#2251);
#1348=LINE('',#9827,#2252);
#1349=LINE('',#9828,#2253);
#1350=LINE('',#9831,#2254);
#1351=LINE('',#9833,#2255);
#1352=LINE('',#9834,#2256);
#1353=LINE('',#9837,#2257);
#1354=LINE('',#9839,#2258);
#1355=LINE('',#9840,#2259);
#1356=LINE('',#9843,#2260);
#1357=LINE('',#9845,#2261);
#1358=LINE('',#9846,#2262);
#1359=LINE('',#9849,#2263);
#1360=LINE('',#9850,#2264);
#1361=LINE('',#9853,#2265);
#1362=LINE('',#9854,#2266);
#1363=LINE('',#9856,#2267);
#1364=LINE('',#9860,#2268);
#1365=LINE('',#9862,#2269);
#1366=LINE('',#9864,#2270);
#1367=LINE('',#9865,#2271);
#1368=LINE('',#9868,#2272);
#1369=LINE('',#9870,#2273);
#1370=LINE('',#9871,#2274);
#1371=LINE('',#9874,#2275);
#1372=LINE('',#9876,#2276);
#1373=LINE('',#9877,#2277);
#1374=LINE('',#9881,#2278);
#1375=LINE('',#9883,#2279);
#1376=LINE('',#9885,#2280);
#1377=LINE('',#9886,#2281);
#1378=LINE('',#9888,#2282);
#1379=LINE('',#9889,#2283);
#1380=LINE('',#9891,#2284);
#1381=LINE('',#9892,#2285);
#1382=LINE('',#9897,#2286);
#1383=LINE('',#9899,#2287);
#1384=LINE('',#9901,#2288);
#1385=LINE('',#9902,#2289);
#1386=LINE('',#9905,#2290);
#1387=LINE('',#9907,#2291);
#1388=LINE('',#9908,#2292);
#1389=LINE('',#9911,#2293);
#1390=LINE('',#9913,#2294);
#1391=LINE('',#9914,#2295);
#1392=LINE('',#9918,#2296);
#1393=LINE('',#9920,#2297);
#1394=LINE('',#9922,#2298);
#1395=LINE('',#9923,#2299);
#1396=LINE('',#9925,#2300);
#1397=LINE('',#9926,#2301);
#1398=LINE('',#9928,#2302);
#1399=LINE('',#9930,#2303);
#1400=LINE('',#9934,#2304);
#1401=LINE('',#9936,#2305);
#1402=LINE('',#9938,#2306);
#1403=LINE('',#9939,#2307);
#1404=LINE('',#9942,#2308);
#1405=LINE('',#9944,#2309);
#1406=LINE('',#9945,#2310);
#1407=LINE('',#9948,#2311);
#1408=LINE('',#9950,#2312);
#1409=LINE('',#9951,#2313);
#1410=LINE('',#9954,#2314);
#1411=LINE('',#9956,#2315);
#1412=LINE('',#9957,#2316);
#1413=LINE('',#9960,#2317);
#1414=LINE('',#9961,#2318);
#1415=LINE('',#9964,#2319);
#1416=LINE('',#9965,#2320);
#1417=LINE('',#9967,#2321);
#1418=LINE('',#9971,#2322);
#1419=LINE('',#9973,#2323);
#1420=LINE('',#9975,#2324);
#1421=LINE('',#9976,#2325);
#1422=LINE('',#9979,#2326);
#1423=LINE('',#9981,#2327);
#1424=LINE('',#9982,#2328);
#1425=LINE('',#9985,#2329);
#1426=LINE('',#9987,#2330);
#1427=LINE('',#9988,#2331);
#1428=LINE('',#9991,#2332);
#1429=LINE('',#9993,#2333);
#1430=LINE('',#9994,#2334);
#1431=LINE('',#9997,#2335);
#1432=LINE('',#9998,#2336);
#1433=LINE('',#10001,#2337);
#1434=LINE('',#10002,#2338);
#1435=LINE('',#10004,#2339);
#1436=LINE('',#10008,#2340);
#1437=LINE('',#10010,#2341);
#1438=LINE('',#10012,#2342);
#1439=LINE('',#10013,#2343);
#1440=LINE('',#10016,#2344);
#1441=LINE('',#10018,#2345);
#1442=LINE('',#10019,#2346);
#1443=LINE('',#10022,#2347);
#1444=LINE('',#10024,#2348);
#1445=LINE('',#10025,#2349);
#1446=LINE('',#10028,#2350);
#1447=LINE('',#10030,#2351);
#1448=LINE('',#10031,#2352);
#1449=LINE('',#10034,#2353);
#1450=LINE('',#10036,#2354);
#1451=LINE('',#10037,#2355);
#1452=LINE('',#10039,#2356);
#1453=LINE('',#10041,#2357);
#1454=LINE('',#10045,#2358);
#1455=LINE('',#10047,#2359);
#1456=LINE('',#10049,#2360);
#1457=LINE('',#10050,#2361);
#1458=LINE('',#10053,#2362);
#1459=LINE('',#10055,#2363);
#1460=LINE('',#10056,#2364);
#1461=LINE('',#10059,#2365);
#1462=LINE('',#10061,#2366);
#1463=LINE('',#10062,#2367);
#1464=LINE('',#10065,#2368);
#1465=LINE('',#10067,#2369);
#1466=LINE('',#10068,#2370);
#1467=LINE('',#10072,#2371);
#1468=LINE('',#10073,#2372);
#1469=LINE('',#10074,#2373);
#1470=LINE('',#10076,#2374);
#1471=LINE('',#10078,#2375);
#1472=LINE('',#10082,#2376);
#1473=LINE('',#10084,#2377);
#1474=LINE('',#10086,#2378);
#1475=LINE('',#10087,#2379);
#1476=LINE('',#10090,#2380);
#1477=LINE('',#10092,#2381);
#1478=LINE('',#10093,#2382);
#1479=LINE('',#10096,#2383);
#1480=LINE('',#10098,#2384);
#1481=LINE('',#10099,#2385);
#1482=LINE('',#10102,#2386);
#1483=LINE('',#10104,#2387);
#1484=LINE('',#10105,#2388);
#1485=LINE('',#10108,#2389);
#1486=LINE('',#10110,#2390);
#1487=LINE('',#10111,#2391);
#1488=LINE('',#10113,#2392);
#1489=LINE('',#10115,#2393);
#1490=LINE('',#10119,#2394);
#1491=LINE('',#10121,#2395);
#1492=LINE('',#10123,#2396);
#1493=LINE('',#10124,#2397);
#1494=LINE('',#10127,#2398);
#1495=LINE('',#10129,#2399);
#1496=LINE('',#10130,#2400);
#1497=LINE('',#10133,#2401);
#1498=LINE('',#10134,#2402);
#1499=LINE('',#10137,#2403);
#1500=LINE('',#10138,#2404);
#1501=LINE('',#10140,#2405);
#1502=LINE('',#10144,#2406);
#1503=LINE('',#10146,#2407);
#1504=LINE('',#10148,#2408);
#1505=LINE('',#10149,#2409);
#1506=LINE('',#10152,#2410);
#1507=LINE('',#10154,#2411);
#1508=LINE('',#10155,#2412);
#1509=LINE('',#10158,#2413);
#1510=LINE('',#10159,#2414);
#1511=LINE('',#10162,#2415);
#1512=LINE('',#10163,#2416);
#1513=LINE('',#10165,#2417);
#1514=LINE('',#10169,#2418);
#1515=LINE('',#10171,#2419);
#1516=LINE('',#10173,#2420);
#1517=LINE('',#10174,#2421);
#1518=LINE('',#10177,#2422);
#1519=LINE('',#10179,#2423);
#1520=LINE('',#10180,#2424);
#1521=LINE('',#10183,#2425);
#1522=LINE('',#10185,#2426);
#1523=LINE('',#10186,#2427);
#1524=LINE('',#10189,#2428);
#1525=LINE('',#10191,#2429);
#1526=LINE('',#10192,#2430);
#1527=LINE('',#10195,#2431);
#1528=LINE('',#10196,#2432);
#1529=LINE('',#10199,#2433);
#1530=LINE('',#10200,#2434);
#1531=LINE('',#10202,#2435);
#1532=LINE('',#10206,#2436);
#1533=LINE('',#10208,#2437);
#1534=LINE('',#10210,#2438);
#1535=LINE('',#10211,#2439);
#1536=LINE('',#10214,#2440);
#1537=LINE('',#10216,#2441);
#1538=LINE('',#10217,#2442);
#1539=LINE('',#10220,#2443);
#1540=LINE('',#10222,#2444);
#1541=LINE('',#10223,#2445);
#1542=LINE('',#10226,#2446);
#1543=LINE('',#10228,#2447);
#1544=LINE('',#10229,#2448);
#1545=LINE('',#10232,#2449);
#1546=LINE('',#10233,#2450);
#1547=LINE('',#10236,#2451);
#1548=LINE('',#10237,#2452);
#1549=LINE('',#10239,#2453);
#1550=LINE('',#10243,#2454);
#1551=LINE('',#10245,#2455);
#1552=LINE('',#10247,#2456);
#1553=LINE('',#10248,#2457);
#1554=LINE('',#10251,#2458);
#1555=LINE('',#10253,#2459);
#1556=LINE('',#10254,#2460);
#1557=LINE('',#10257,#2461);
#1558=LINE('',#10259,#2462);
#1559=LINE('',#10260,#2463);
#1560=LINE('',#10263,#2464);
#1561=LINE('',#10265,#2465);
#1562=LINE('',#10266,#2466);
#1563=LINE('',#10270,#2467);
#1564=LINE('',#10271,#2468);
#1565=LINE('',#10272,#2469);
#1566=LINE('',#10274,#2470);
#1567=LINE('',#10276,#2471);
#1568=LINE('',#10280,#2472);
#1569=LINE('',#10282,#2473);
#1570=LINE('',#10284,#2474);
#1571=LINE('',#10285,#2475);
#1572=LINE('',#10288,#2476);
#1573=LINE('',#10290,#2477);
#1574=LINE('',#10291,#2478);
#1575=LINE('',#10294,#2479);
#1576=LINE('',#10296,#2480);
#1577=LINE('',#10297,#2481);
#1578=LINE('',#10300,#2482);
#1579=LINE('',#10302,#2483);
#1580=LINE('',#10303,#2484);
#1581=LINE('',#10306,#2485);
#1582=LINE('',#10307,#2486);
#1583=LINE('',#10310,#2487);
#1584=LINE('',#10311,#2488);
#1585=LINE('',#10313,#2489);
#1586=LINE('',#10317,#2490);
#1587=LINE('',#10319,#2491);
#1588=LINE('',#10321,#2492);
#1589=LINE('',#10322,#2493);
#1590=LINE('',#10325,#2494);
#1591=LINE('',#10327,#2495);
#1592=LINE('',#10328,#2496);
#1593=LINE('',#10331,#2497);
#1594=LINE('',#10333,#2498);
#1595=LINE('',#10334,#2499);
#1596=LINE('',#10338,#2500);
#1597=LINE('',#10340,#2501);
#1598=LINE('',#10342,#2502);
#1599=LINE('',#10343,#2503);
#1600=LINE('',#10345,#2504);
#1601=LINE('',#10346,#2505);
#1602=LINE('',#10348,#2506);
#1603=LINE('',#10349,#2507);
#1604=LINE('',#10354,#2508);
#1605=LINE('',#10356,#2509);
#1606=LINE('',#10358,#2510);
#1607=LINE('',#10359,#2511);
#1608=LINE('',#10362,#2512);
#1609=LINE('',#10364,#2513);
#1610=LINE('',#10365,#2514);
#1611=LINE('',#10368,#2515);
#1612=LINE('',#10370,#2516);
#1613=LINE('',#10371,#2517);
#1614=LINE('',#10375,#2518);
#1615=LINE('',#10377,#2519);
#1616=LINE('',#10379,#2520);
#1617=LINE('',#10380,#2521);
#1618=LINE('',#10382,#2522);
#1619=LINE('',#10383,#2523);
#1620=LINE('',#10385,#2524);
#1621=LINE('',#10387,#2525);
#1622=LINE('',#10391,#2526);
#1623=LINE('',#10393,#2527);
#1624=LINE('',#10395,#2528);
#1625=LINE('',#10396,#2529);
#1626=LINE('',#10399,#2530);
#1627=LINE('',#10401,#2531);
#1628=LINE('',#10402,#2532);
#1629=LINE('',#10405,#2533);
#1630=LINE('',#10407,#2534);
#1631=LINE('',#10408,#2535);
#1632=LINE('',#10411,#2536);
#1633=LINE('',#10413,#2537);
#1634=LINE('',#10414,#2538);
#1635=LINE('',#10417,#2539);
#1636=LINE('',#10418,#2540);
#1637=LINE('',#10421,#2541);
#1638=LINE('',#10422,#2542);
#1639=LINE('',#10424,#2543);
#1640=LINE('',#10428,#2544);
#1641=LINE('',#10430,#2545);
#1642=LINE('',#10432,#2546);
#1643=LINE('',#10433,#2547);
#1644=LINE('',#10436,#2548);
#1645=LINE('',#10438,#2549);
#1646=LINE('',#10439,#2550);
#1647=LINE('',#10442,#2551);
#1648=LINE('',#10444,#2552);
#1649=LINE('',#10445,#2553);
#1650=LINE('',#10448,#2554);
#1651=LINE('',#10450,#2555);
#1652=LINE('',#10451,#2556);
#1653=LINE('',#10454,#2557);
#1654=LINE('',#10455,#2558);
#1655=LINE('',#10458,#2559);
#1656=LINE('',#10459,#2560);
#1657=LINE('',#10461,#2561);
#1658=LINE('',#10465,#2562);
#1659=LINE('',#10467,#2563);
#1660=LINE('',#10469,#2564);
#1661=LINE('',#10470,#2565);
#1662=LINE('',#10473,#2566);
#1663=LINE('',#10475,#2567);
#1664=LINE('',#10476,#2568);
#1665=LINE('',#10479,#2569);
#1666=LINE('',#10481,#2570);
#1667=LINE('',#10482,#2571);
#1668=LINE('',#10485,#2572);
#1669=LINE('',#10487,#2573);
#1670=LINE('',#10488,#2574);
#1671=LINE('',#10491,#2575);
#1672=LINE('',#10493,#2576);
#1673=LINE('',#10494,#2577);
#1674=LINE('',#10496,#2578);
#1675=LINE('',#10498,#2579);
#1676=LINE('',#10502,#2580);
#1677=LINE('',#10504,#2581);
#1678=LINE('',#10506,#2582);
#1679=LINE('',#10507,#2583);
#1680=LINE('',#10510,#2584);
#1681=LINE('',#10512,#2585);
#1682=LINE('',#10513,#2586);
#1683=LINE('',#10516,#2587);
#1684=LINE('',#10518,#2588);
#1685=LINE('',#10519,#2589);
#1686=LINE('',#10522,#2590);
#1687=LINE('',#10524,#2591);
#1688=LINE('',#10525,#2592);
#1689=LINE('',#10529,#2593);
#1690=LINE('',#10530,#2594);
#1691=LINE('',#10531,#2595);
#1692=LINE('',#10533,#2596);
#1693=LINE('',#10535,#2597);
#1694=LINE('',#10539,#2598);
#1695=LINE('',#10541,#2599);
#1696=LINE('',#10543,#2600);
#1697=LINE('',#10544,#2601);
#1698=LINE('',#10547,#2602);
#1699=LINE('',#10549,#2603);
#1700=LINE('',#10550,#2604);
#1701=LINE('',#10553,#2605);
#1702=LINE('',#10555,#2606);
#1703=LINE('',#10556,#2607);
#1704=LINE('',#10559,#2608);
#1705=LINE('',#10561,#2609);
#1706=LINE('',#10562,#2610);
#1707=LINE('',#10565,#2611);
#1708=LINE('',#10567,#2612);
#1709=LINE('',#10568,#2613);
#1710=LINE('',#10570,#2614);
#1711=LINE('',#10572,#2615);
#1712=LINE('',#10576,#2616);
#1713=LINE('',#10578,#2617);
#1714=LINE('',#10580,#2618);
#1715=LINE('',#10581,#2619);
#1716=LINE('',#10584,#2620);
#1717=LINE('',#10586,#2621);
#1718=LINE('',#10587,#2622);
#1719=LINE('',#10590,#2623);
#1720=LINE('',#10591,#2624);
#1721=LINE('',#10594,#2625);
#1722=LINE('',#10595,#2626);
#1723=LINE('',#10597,#2627);
#1724=LINE('',#10601,#2628);
#1725=LINE('',#10603,#2629);
#1726=LINE('',#10605,#2630);
#1727=LINE('',#10606,#2631);
#1728=LINE('',#10609,#2632);
#1729=LINE('',#10611,#2633);
#1730=LINE('',#10612,#2634);
#1731=LINE('',#10615,#2635);
#1732=LINE('',#10616,#2636);
#1733=LINE('',#10619,#2637);
#1734=LINE('',#10620,#2638);
#1735=LINE('',#10622,#2639);
#1736=LINE('',#10626,#2640);
#1737=LINE('',#10628,#2641);
#1738=LINE('',#10630,#2642);
#1739=LINE('',#10631,#2643);
#1740=LINE('',#10634,#2644);
#1741=LINE('',#10636,#2645);
#1742=LINE('',#10637,#2646);
#1743=LINE('',#10640,#2647);
#1744=LINE('',#10642,#2648);
#1745=LINE('',#10643,#2649);
#1746=LINE('',#10646,#2650);
#1747=LINE('',#10648,#2651);
#1748=LINE('',#10649,#2652);
#1749=LINE('',#10652,#2653);
#1750=LINE('',#10653,#2654);
#1751=LINE('',#10656,#2655);
#1752=LINE('',#10657,#2656);
#1753=LINE('',#10659,#2657);
#1754=LINE('',#10663,#2658);
#1755=LINE('',#10665,#2659);
#1756=LINE('',#10667,#2660);
#1757=LINE('',#10668,#2661);
#1758=LINE('',#10671,#2662);
#1759=LINE('',#10673,#2663);
#1760=LINE('',#10674,#2664);
#1761=LINE('',#10677,#2665);
#1762=LINE('',#10679,#2666);
#1763=LINE('',#10680,#2667);
#1764=LINE('',#10683,#2668);
#1765=LINE('',#10685,#2669);
#1766=LINE('',#10686,#2670);
#1767=LINE('',#10689,#2671);
#1768=LINE('',#10690,#2672);
#1769=LINE('',#10693,#2673);
#1770=LINE('',#10694,#2674);
#1771=LINE('',#10696,#2675);
#1772=LINE('',#10700,#2676);
#1773=LINE('',#10702,#2677);
#1774=LINE('',#10704,#2678);
#1775=LINE('',#10705,#2679);
#1776=LINE('',#10708,#2680);
#1777=LINE('',#10710,#2681);
#1778=LINE('',#10711,#2682);
#1779=LINE('',#10714,#2683);
#1780=LINE('',#10716,#2684);
#1781=LINE('',#10717,#2685);
#1782=LINE('',#10720,#2686);
#1783=LINE('',#10722,#2687);
#1784=LINE('',#10723,#2688);
#1785=LINE('',#10727,#2689);
#1786=LINE('',#10728,#2690);
#1787=LINE('',#10729,#2691);
#1788=LINE('',#10731,#2692);
#1789=LINE('',#10733,#2693);
#1790=LINE('',#10736,#2694);
#1791=LINE('',#10737,#2695);
#1792=LINE('',#10739,#2696);
#1793=VECTOR('',#7189,0.94104190347854);
#1794=VECTOR('',#7190,0.050226890982722);
#1795=VECTOR('',#7191,0.94104190347854);
#1796=VECTOR('',#7192,0.050226890982722);
#1797=VECTOR('',#7195,0.694444444444444);
#1798=VECTOR('',#7196,0.050226890982722);
#1799=VECTOR('',#7197,0.694444444444444);
#1800=VECTOR('',#7200,0.694444444444444);
#1801=VECTOR('',#7201,0.050226890982722);
#1802=VECTOR('',#7202,0.694444444444444);
#1803=VECTOR('',#7203,0.050226890982722);
#1804=VECTOR('',#7206,0.94104190347854);
#1805=VECTOR('',#7207,0.94104190347854);
#1806=VECTOR('',#7210,0.94104190347854);
#1807=VECTOR('',#7211,0.94104190347854);
#1808=VECTOR('',#7214,0.94104190347854);
#1809=VECTOR('',#7215,0.050226890982722);
#1810=VECTOR('',#7218,0.94104190347854);
#1811=VECTOR('',#7223,0.694444444444444);
#1812=VECTOR('',#7224,0.050226890982722);
#1813=VECTOR('',#7225,0.694444444444444);
#1814=VECTOR('',#7226,0.050226890982722);
#1815=VECTOR('',#7229,0.694444444444444);
#1816=VECTOR('',#7230,0.94104190347854);
#1817=VECTOR('',#7231,0.94104190347854);
#1818=VECTOR('',#7232,0.94104190347854);
#1819=VECTOR('',#7233,0.94104190347854);
#1820=VECTOR('',#7236,0.94104190347854);
#1821=VECTOR('',#7237,0.050226890982722);
#1822=VECTOR('',#7240,0.94104190347854);
#1823=VECTOR('',#7241,0.050226890982722);
#1824=VECTOR('',#7244,0.94104190347854);
#1825=VECTOR('',#7245,0.050226890982722);
#1826=VECTOR('',#7248,0.694444444444444);
#1827=VECTOR('',#7249,0.050226890982722);
#1828=VECTOR('',#7252,0.94104190347854);
#1829=VECTOR('',#7257,0.94104190347854);
#1830=VECTOR('',#7258,0.050226890982722);
#1831=VECTOR('',#7259,0.94104190347854);
#1832=VECTOR('',#7260,0.050226890982722);
#1833=VECTOR('',#7263,0.050226890982722);
#1834=VECTOR('',#7264,0.694444444444444);
#1835=VECTOR('',#7265,0.694444444444444);
#1836=VECTOR('',#7268,0.694444444444444);
#1837=VECTOR('',#7269,0.94104190347854);
#1838=VECTOR('',#7270,0.94104190347854);
#1839=VECTOR('',#7271,0.94104190347854);
#1840=VECTOR('',#7274,0.94104190347854);
#1841=VECTOR('',#7275,0.050226890982722);
#1842=VECTOR('',#7278,0.694444444444444);
#1843=VECTOR('',#7279,0.050226890982722);
#1844=VECTOR('',#7280,0.050226890982722);
#1845=VECTOR('',#7283,0.94104190347854);
#1846=VECTOR('',#7286,0.94104190347854);
#1847=VECTOR('',#7291,0.941041950676984);
#1848=VECTOR('',#7292,0.050226890982722);
#1849=VECTOR('',#7293,0.941041950676984);
#1850=VECTOR('',#7294,0.050226890982722);
#1851=VECTOR('',#7297,0.694444444444444);
#1852=VECTOR('',#7298,0.694444444444444);
#1853=VECTOR('',#7299,0.050226890982722);
#1854=VECTOR('',#7302,0.941041950676984);
#1855=VECTOR('',#7303,0.941041950676984);
#1856=VECTOR('',#7304,0.941041950676984);
#1857=VECTOR('',#7305,0.694444444444444);
#1858=VECTOR('',#7308,0.941041950676984);
#1859=VECTOR('',#7309,0.050226890982722);
#1860=VECTOR('',#7312,0.050226890982722);
#1861=VECTOR('',#7313,0.941041950676984);
#1862=VECTOR('',#7316,0.694444444444444);
#1863=VECTOR('',#7317,0.941041950676984);
#1864=VECTOR('',#7320,0.050226890982722);
#1865=VECTOR('',#7325,0.94104190347854);
#1866=VECTOR('',#7326,0.694444444444444);
#1867=VECTOR('',#7327,0.94104190347854);
#1868=VECTOR('',#7328,0.694444444444444);
#1869=VECTOR('',#7331,0.050226890982722);
#1870=VECTOR('',#7332,0.94104190347854);
#1871=VECTOR('',#7333,0.050226890982722);
#1872=VECTOR('',#7336,0.694444444444444);
#1873=VECTOR('',#7337,0.050226890982722);
#1874=VECTOR('',#7340,0.050226890982722);
#1875=VECTOR('',#7341,0.694444444444444);
#1876=VECTOR('',#7344,0.94104190347854);
#1877=VECTOR('',#7349,0.050226890982722);
#1878=VECTOR('',#7350,0.94104190347854);
#1879=VECTOR('',#7351,0.050226890982722);
#1880=VECTOR('',#7352,0.94104190347854);
#1881=VECTOR('',#7355,0.694444444444444);
#1882=VECTOR('',#7356,0.694444444444444);
#1883=VECTOR('',#7357,0.050226890982722);
#1884=VECTOR('',#7360,0.94104190347854);
#1885=VECTOR('',#7361,0.694444444444444);
#1886=VECTOR('',#7362,0.94104190347854);
#1887=VECTOR('',#7363,0.94104190347854);
#1888=VECTOR('',#7366,0.050226890982722);
#1889=VECTOR('',#7367,0.94104190347854);
#1890=VECTOR('',#7370,0.94104190347854);
#1891=VECTOR('',#7371,0.050226890982722);
#1892=VECTOR('',#7374,0.050226890982722);
#1893=VECTOR('',#7375,0.94104190347854);
#1894=VECTOR('',#7378,0.694444444444444);
#1895=VECTOR('',#7383,0.94104190347854);
#1896=VECTOR('',#7384,0.941041906428444);
#1897=VECTOR('',#7385,0.694444444444444);
#1898=VECTOR('',#7386,0.941041906428444);
#1899=VECTOR('',#7387,0.94104190347854);
#1900=VECTOR('',#7388,0.694444444444444);
#1901=VECTOR('',#7391,0.050226890982722);
#1902=VECTOR('',#7392,0.941041906428444);
#1903=VECTOR('',#7393,0.050226890982722);
#1904=VECTOR('',#7396,0.94104190347854);
#1905=VECTOR('',#7397,0.050226890982722);
#1906=VECTOR('',#7400,0.941041906428444);
#1907=VECTOR('',#7401,0.050226890982722);
#1908=VECTOR('',#7402,0.050226890982722);
#1909=VECTOR('',#7405,0.694444444444444);
#1910=VECTOR('',#7408,0.694444444444444);
#1911=VECTOR('',#7409,0.050226890982722);
#1912=VECTOR('',#7412,0.94104190347854);
#1913=VECTOR('',#7417,0.94104190347854);
#1914=VECTOR('',#7418,0.050226890982722);
#1915=VECTOR('',#7419,0.94104190347854);
#1916=VECTOR('',#7420,0.050226890982722);
#1917=VECTOR('',#7423,0.694444444444444);
#1918=VECTOR('',#7424,0.050226890982722);
#1919=VECTOR('',#7425,0.694444444444444);
#1920=VECTOR('',#7428,0.694444444444444);
#1921=VECTOR('',#7429,0.94104190347854);
#1922=VECTOR('',#7430,0.94104190347854);
#1923=VECTOR('',#7431,0.94104190347854);
#1924=VECTOR('',#7434,0.050226890982722);
#1925=VECTOR('',#7435,0.94104190347854);
#1926=VECTOR('',#7438,0.94104190347854);
#1927=VECTOR('',#7439,0.050226890982722);
#1928=VECTOR('',#7442,0.694444444444444);
#1929=VECTOR('',#7443,0.94104190347854);
#1930=VECTOR('',#7446,0.050226890982722);
#1931=VECTOR('',#7451,0.941041950676984);
#1932=VECTOR('',#7452,0.694444444444444);
#1933=VECTOR('',#7453,0.941041950676984);
#1934=VECTOR('',#7454,0.694444444444444);
#1935=VECTOR('',#7457,0.050226890982722);
#1936=VECTOR('',#7458,0.050226890982722);
#1937=VECTOR('',#7459,0.694444444444444);
#1938=VECTOR('',#7462,0.050226890982722);
#1939=VECTOR('',#7463,0.941041950676984);
#1940=VECTOR('',#7466,0.941041950676984);
#1941=VECTOR('',#7467,0.050226890982722);
#1942=VECTOR('',#7470,0.694444444444444);
#1943=VECTOR('',#7475,0.694444444444444);
#1944=VECTOR('',#7476,0.941041906428444);
#1945=VECTOR('',#7477,0.94104190347854);
#1946=VECTOR('',#7478,0.694444444444444);
#1947=VECTOR('',#7479,0.94104190347854);
#1948=VECTOR('',#7480,0.941041906428444);
#1949=VECTOR('',#7483,0.941041906428444);
#1950=VECTOR('',#7484,0.050226890982722);
#1951=VECTOR('',#7485,0.050226890982722);
#1952=VECTOR('',#7488,0.694444444444444);
#1953=VECTOR('',#7489,0.050226890982722);
#1954=VECTOR('',#7492,0.050226890982722);
#1955=VECTOR('',#7493,0.694444444444444);
#1956=VECTOR('',#7494,0.050226890982722);
#1957=VECTOR('',#7497,0.94104190347854);
#1958=VECTOR('',#7500,0.050226890982722);
#1959=VECTOR('',#7501,0.941041906428444);
#1960=VECTOR('',#7504,0.94104190347854);
#1961=VECTOR('',#7509,0.941041950676984);
#1962=VECTOR('',#7510,0.694444444444444);
#1963=VECTOR('',#7511,0.941041950676984);
#1964=VECTOR('',#7512,0.941041950676984);
#1965=VECTOR('',#7513,0.694444444444444);
#1966=VECTOR('',#7514,0.941041950676984);
#1967=VECTOR('',#7517,0.694444444444444);
#1968=VECTOR('',#7518,0.050226890982722);
#1969=VECTOR('',#7519,0.050226890982722);
#1970=VECTOR('',#7522,0.941041950676984);
#1971=VECTOR('',#7523,0.050226890982722);
#1972=VECTOR('',#7526,0.694444444444444);
#1973=VECTOR('',#7527,0.050226890982722);
#1974=VECTOR('',#7528,0.050226890982722);
#1975=VECTOR('',#7531,0.050226890982722);
#1976=VECTOR('',#7532,0.941041950676984);
#1977=VECTOR('',#7535,0.941041950676984);
#1978=VECTOR('',#7538,0.941041950676984);
#1979=VECTOR('',#7543,0.941041950676984);
#1980=VECTOR('',#7544,0.050226890982722);
#1981=VECTOR('',#7545,0.941041950676984);
#1982=VECTOR('',#7546,0.050226890982722);
#1983=VECTOR('',#7549,0.94104190347854);
#1984=VECTOR('',#7550,0.694444444444444);
#1985=VECTOR('',#7551,0.941041950676984);
#1986=VECTOR('',#7552,0.94104190347854);
#1987=VECTOR('',#7553,0.694444444444444);
#1988=VECTOR('',#7556,0.694444444444444);
#1989=VECTOR('',#7557,0.050226890982722);
#1990=VECTOR('',#7560,0.050226890982722);
#1991=VECTOR('',#7561,0.694444444444444);
#1992=VECTOR('',#7562,0.050226890982722);
#1993=VECTOR('',#7565,0.94104190347854);
#1994=VECTOR('',#7568,0.941041950676984);
#1995=VECTOR('',#7569,0.050226890982722);
#1996=VECTOR('',#7572,0.94104190347854);
#1997=VECTOR('',#7577,0.694444444444444);
#1998=VECTOR('',#7578,0.050226890982722);
#1999=VECTOR('',#7579,0.694444444444444);
#2000=VECTOR('',#7580,0.050226890982722);
#2001=VECTOR('',#7583,0.694444444444444);
#2002=VECTOR('',#7584,0.94104190347854);
#2003=VECTOR('',#7585,0.94104190347854);
#2004=VECTOR('',#7586,0.94104190347854);
#2005=VECTOR('',#7587,0.94104190347854);
#2006=VECTOR('',#7590,0.050226890982722);
#2007=VECTOR('',#7591,0.94104190347854);
#2008=VECTOR('',#7594,0.050226890982722);
#2009=VECTOR('',#7595,0.94104190347854);
#2010=VECTOR('',#7596,0.050226890982722);
#2011=VECTOR('',#7599,0.694444444444444);
#2012=VECTOR('',#7600,0.050226890982722);
#2013=VECTOR('',#7603,0.94104190347854);
#2014=VECTOR('',#7604,0.94104190347854);
#2015=VECTOR('',#7613,5.0085);
#2016=VECTOR('',#7620,5.0085);
#2017=VECTOR('',#7627,5.0085);
#2018=VECTOR('',#7634,5.0085);
#2019=VECTOR('',#7639,1.);
#2020=VECTOR('',#7640,1.);
#2021=VECTOR('',#7641,1.);
#2022=VECTOR('',#7642,1.);
#2023=VECTOR('',#7645,2.29049130884874);
#2024=VECTOR('',#7646,9.96745315975441);
#2025=VECTOR('',#7647,2.29049130884874);
#2026=VECTOR('',#7650,2.29049130884874);
#2027=VECTOR('',#7651,9.72222222222222);
#2028=VECTOR('',#7654,1.);
#2029=VECTOR('',#7655,0.327213044121249);
#2030=VECTOR('',#7656,0.694444444444444);
#2031=VECTOR('',#7657,0.327213044121249);
#2032=VECTOR('',#7660,1.);
#2033=VECTOR('',#7661,0.327213044121249);
#2034=VECTOR('',#7662,0.961704490662504);
#2035=VECTOR('',#7665,1.);
#2036=VECTOR('',#7666,0.327213044121249);
#2037=VECTOR('',#7667,0.961704490662504);
#2038=VECTOR('',#7670,0.694444444444444);
#2039=VECTOR('',#7671,0.961704490662504);
#2040=VECTOR('',#7672,0.961704490662504);
#2041=VECTOR('',#7675,1.);
#2042=VECTOR('',#7676,0.327213044121249);
#2043=VECTOR('',#7679,1.);
#2044=VECTOR('',#7680,0.327213044121249);
#2045=VECTOR('',#7683,1.);
#2046=VECTOR('',#7686,1.);
#2047=VECTOR('',#7687,0.327213044121249);
#2048=VECTOR('',#7688,0.961704490662504);
#2049=VECTOR('',#7689,0.327213044121249);
#2050=VECTOR('',#7692,1.);
#2051=VECTOR('',#7693,0.327213044121249);
#2052=VECTOR('',#7694,0.961704490662504);
#2053=VECTOR('',#7697,1.);
#2054=VECTOR('',#7698,0.327213044121249);
#2055=VECTOR('',#7699,0.694444444444444);
#2056=VECTOR('',#7702,1.);
#2057=VECTOR('',#7703,0.327213044121249);
#2058=VECTOR('',#7704,0.961704490662504);
#2059=VECTOR('',#7705,0.327213044121249);
#2060=VECTOR('',#7708,1.);
#2061=VECTOR('',#7709,0.694444444444444);
#2062=VECTOR('',#7712,1.);
#2063=VECTOR('',#7713,0.961704490662504);
#2064=VECTOR('',#7718,1.);
#2065=VECTOR('',#7719,0.327213044121249);
#2066=VECTOR('',#7720,0.961704541349075);
#2067=VECTOR('',#7721,0.327213044121249);
#2068=VECTOR('',#7724,1.);
#2069=VECTOR('',#7725,0.327213044121249);
#2070=VECTOR('',#7726,0.961704490662504);
#2071=VECTOR('',#7729,1.);
#2072=VECTOR('',#7730,0.327213044121249);
#2073=VECTOR('',#7731,0.694444444444444);
#2074=VECTOR('',#7734,1.);
#2075=VECTOR('',#7735,0.327213044121249);
#2076=VECTOR('',#7736,0.961704541349075);
#2077=VECTOR('',#7737,0.327213044121249);
#2078=VECTOR('',#7740,0.961704490662504);
#2079=VECTOR('',#7741,0.694444444444444);
#2080=VECTOR('',#7744,1.);
#2081=VECTOR('',#7747,1.);
#2082=VECTOR('',#7750,1.);
#2083=VECTOR('',#7751,0.327213044121249);
#2084=VECTOR('',#7752,0.961704490662504);
#2085=VECTOR('',#7753,0.327213044121249);
#2086=VECTOR('',#7756,1.);
#2087=VECTOR('',#7757,0.327213044121249);
#2088=VECTOR('',#7758,0.961704490662504);
#2089=VECTOR('',#7761,1.);
#2090=VECTOR('',#7762,0.327213044121249);
#2091=VECTOR('',#7763,0.694444444444444);
#2092=VECTOR('',#7766,0.694444444444444);
#2093=VECTOR('',#7767,0.961704490662504);
#2094=VECTOR('',#7768,0.961704490662504);
#2095=VECTOR('',#7771,1.);
#2096=VECTOR('',#7772,0.327213044121249);
#2097=VECTOR('',#7775,1.);
#2098=VECTOR('',#7776,0.327213044121249);
#2099=VECTOR('',#7779,1.);
#2100=VECTOR('',#7782,1.);
#2101=VECTOR('',#7783,0.327213044121249);
#2102=VECTOR('',#7784,0.961704541349075);
#2103=VECTOR('',#7785,0.327213044121249);
#2104=VECTOR('',#7788,1.);
#2105=VECTOR('',#7789,0.327213044121249);
#2106=VECTOR('',#7790,0.961704541349075);
#2107=VECTOR('',#7793,1.);
#2108=VECTOR('',#7794,0.327213044121249);
#2109=VECTOR('',#7795,0.694444444444444);
#2110=VECTOR('',#7798,0.961704541349075);
#2111=VECTOR('',#7799,0.961704541349075);
#2112=VECTOR('',#7800,0.694444444444444);
#2113=VECTOR('',#7803,1.);
#2114=VECTOR('',#7804,0.327213044121249);
#2115=VECTOR('',#7807,1.);
#2116=VECTOR('',#7808,0.327213044121249);
#2117=VECTOR('',#7811,1.);
#2118=VECTOR('',#7814,1.);
#2119=VECTOR('',#7815,0.327213044121249);
#2120=VECTOR('',#7816,0.961704490662504);
#2121=VECTOR('',#7817,0.327213044121249);
#2122=VECTOR('',#7820,1.);
#2123=VECTOR('',#7821,0.327213044121249);
#2124=VECTOR('',#7822,0.961704490662504);
#2125=VECTOR('',#7825,1.);
#2126=VECTOR('',#7826,0.327213044121249);
#2127=VECTOR('',#7827,0.694444444444444);
#2128=VECTOR('',#7830,1.);
#2129=VECTOR('',#7831,0.694444444444444);
#2130=VECTOR('',#7832,0.327213044121249);
#2131=VECTOR('',#7835,1.);
#2132=VECTOR('',#7836,0.961704490662504);
#2133=VECTOR('',#7837,0.327213044121249);
#2134=VECTOR('',#7840,0.961704490662504);
#2135=VECTOR('',#7843,1.);
#2136=VECTOR('',#7846,1.);
#2137=VECTOR('',#7847,0.327213044121249);
#2138=VECTOR('',#7848,0.961704493830416);
#2139=VECTOR('',#7849,0.327213044121249);
#2140=VECTOR('',#7852,1.);
#2141=VECTOR('',#7853,0.327213044121249);
#2142=VECTOR('',#7854,0.961704490662504);
#2143=VECTOR('',#7857,1.);
#2144=VECTOR('',#7858,0.327213044121249);
#2145=VECTOR('',#7859,0.694444444444444);
#2146=VECTOR('',#7862,0.694444444444444);
#2147=VECTOR('',#7863,0.961704490662504);
#2148=VECTOR('',#7864,0.961704493830416);
#2149=VECTOR('',#7867,1.);
#2150=VECTOR('',#7868,0.327213044121249);
#2151=VECTOR('',#7869,0.327213044121249);
#2152=VECTOR('',#7872,1.);
#2153=VECTOR('',#7875,1.);
#2154=VECTOR('',#7878,1.);
#2155=VECTOR('',#7879,0.327213044121249);
#2156=VECTOR('',#7880,0.694444444444444);
#2157=VECTOR('',#7881,0.327213044121249);
#2158=VECTOR('',#7884,1.);
#2159=VECTOR('',#7885,0.327213044121249);
#2160=VECTOR('',#7886,0.961704541349075);
#2161=VECTOR('',#7889,1.);
#2162=VECTOR('',#7890,0.327213044121249);
#2163=VECTOR('',#7891,0.961704541349075);
#2164=VECTOR('',#7894,1.);
#2165=VECTOR('',#7895,0.327213044121249);
#2166=VECTOR('',#7896,0.694444444444444);
#2167=VECTOR('',#7899,1.);
#2168=VECTOR('',#7900,0.327213044121249);
#2169=VECTOR('',#7901,0.961704541349075);
#2170=VECTOR('',#7904,0.961704541349075);
#2171=VECTOR('',#7907,1.);
#2172=VECTOR('',#7910,1.);
#2173=VECTOR('',#7911,0.327213044121249);
#2174=VECTOR('',#7912,0.961704541349075);
#2175=VECTOR('',#7913,0.327213044121249);
#2176=VECTOR('',#7916,1.);
#2177=VECTOR('',#7917,0.327213044121249);
#2178=VECTOR('',#7918,0.694444444444444);
#2179=VECTOR('',#7921,0.961704541349075);
#2180=VECTOR('',#7922,0.694444444444444);
#2181=VECTOR('',#7925,1.);
#2182=VECTOR('',#7926,0.327213044121249);
#2183=VECTOR('',#7929,1.);
#2184=VECTOR('',#7932,1.);
#2185=VECTOR('',#7933,0.327213044121249);
#2186=VECTOR('',#7934,0.694444444444444);
#2187=VECTOR('',#7935,0.327213044121249);
#2188=VECTOR('',#7938,1.);
#2189=VECTOR('',#7939,0.327213044121249);
#2190=VECTOR('',#7940,0.961704490662504);
#2191=VECTOR('',#7943,0.694444444444444);
#2192=VECTOR('',#7944,0.961704490662504);
#2193=VECTOR('',#7947,1.);
#2194=VECTOR('',#7948,0.327213044121249);
#2195=VECTOR('',#7951,1.);
#2196=VECTOR('',#7954,1.);
#2197=VECTOR('',#7955,0.327213044121249);
#2198=VECTOR('',#7956,0.694444444444444);
#2199=VECTOR('',#7957,0.327213044121249);
#2200=VECTOR('',#7960,1.);
#2201=VECTOR('',#7961,0.327213044121249);
#2202=VECTOR('',#7962,0.961704490662504);
#2203=VECTOR('',#7965,1.);
#2204=VECTOR('',#7966,0.327213044121249);
#2205=VECTOR('',#7967,0.961704490662504);
#2206=VECTOR('',#7970,1.);
#2207=VECTOR('',#7971,0.327213044121249);
#2208=VECTOR('',#7972,0.694444444444444);
#2209=VECTOR('',#7975,0.961704490662504);
#2210=VECTOR('',#7976,0.961704490662504);
#2211=VECTOR('',#7979,1.);
#2212=VECTOR('',#7980,0.327213044121249);
#2213=VECTOR('',#7983,1.);
#2214=VECTOR('',#7986,1.);
#2215=VECTOR('',#7987,0.327213044121249);
#2216=VECTOR('',#7988,0.961704490662504);
#2217=VECTOR('',#7989,0.327213044121249);
#2218=VECTOR('',#7992,1.);
#2219=VECTOR('',#7993,0.327213044121249);
#2220=VECTOR('',#7994,0.694444444444444);
#2221=VECTOR('',#7997,1.);
#2222=VECTOR('',#7998,0.327213044121249);
#2223=VECTOR('',#7999,0.961704490662504);
#2224=VECTOR('',#8002,0.961704490662504);
#2225=VECTOR('',#8003,0.694444444444444);
#2226=VECTOR('',#8004,0.961704490662504);
#2227=VECTOR('',#8007,1.);
#2228=VECTOR('',#8008,0.327213044121249);
#2229=VECTOR('',#8011,1.);
#2230=VECTOR('',#8012,0.327213044121249);
#2231=VECTOR('',#8015,1.);
#2232=VECTOR('',#8018,1.);
#2233=VECTOR('',#8019,0.327213044121249);
#2234=VECTOR('',#8020,0.694444444444444);
#2235=VECTOR('',#8021,0.327213044121249);
#2236=VECTOR('',#8024,1.);
#2237=VECTOR('',#8025,0.327213044121249);
#2238=VECTOR('',#8026,0.961704490662504);
#2239=VECTOR('',#8029,1.);
#2240=VECTOR('',#8030,0.327213044121249);
#2241=VECTOR('',#8031,0.961704493830416);
#2242=VECTOR('',#8034,0.694444444444444);
#2243=VECTOR('',#8035,0.961704493830416);
#2244=VECTOR('',#8036,0.961704490662504);
#2245=VECTOR('',#8039,1.);
#2246=VECTOR('',#8040,0.327213044121249);
#2247=VECTOR('',#8041,0.327213044121249);
#2248=VECTOR('',#8044,1.);
#2249=VECTOR('',#8047,1.);
#2250=VECTOR('',#8050,1.);
#2251=VECTOR('',#8051,0.327213044121249);
#2252=VECTOR('',#8052,0.694444444444444);
#2253=VECTOR('',#8053,0.327213044121249);
#2254=VECTOR('',#8056,1.);
#2255=VECTOR('',#8057,0.327213044121249);
#2256=VECTOR('',#8058,0.961704490662504);
#2257=VECTOR('',#8061,1.);
#2258=VECTOR('',#8062,0.327213044121249);
#2259=VECTOR('',#8063,0.961704490662504);
#2260=VECTOR('',#8066,0.694444444444444);
#2261=VECTOR('',#8067,0.961704490662504);
#2262=VECTOR('',#8068,0.961704490662504);
#2263=VECTOR('',#8071,1.);
#2264=VECTOR('',#8072,0.327213044121249);
#2265=VECTOR('',#8075,1.);
#2266=VECTOR('',#8076,0.327213044121249);
#2267=VECTOR('',#8079,1.);
#2268=VECTOR('',#8082,1.);
#2269=VECTOR('',#8083,0.327213044121249);
#2270=VECTOR('',#8084,0.961704490662504);
#2271=VECTOR('',#8085,0.327213044121249);
#2272=VECTOR('',#8088,1.);
#2273=VECTOR('',#8089,0.327213044121249);
#2274=VECTOR('',#8090,0.961704490662504);
#2275=VECTOR('',#8093,1.);
#2276=VECTOR('',#8094,0.327213044121249);
#2277=VECTOR('',#8095,0.694444444444444);
#2278=VECTOR('',#8098,1.);
#2279=VECTOR('',#8099,0.327213044121249);
#2280=VECTOR('',#8100,0.961704490662504);
#2281=VECTOR('',#8101,0.327213044121249);
#2282=VECTOR('',#8104,1.);
#2283=VECTOR('',#8105,0.694444444444444);
#2284=VECTOR('',#8108,1.);
#2285=VECTOR('',#8109,0.961704490662504);
#2286=VECTOR('',#8114,1.);
#2287=VECTOR('',#8115,0.327213044121249);
#2288=VECTOR('',#8116,0.961704541349075);
#2289=VECTOR('',#8117,0.327213044121249);
#2290=VECTOR('',#8120,1.);
#2291=VECTOR('',#8121,0.327213044121249);
#2292=VECTOR('',#8122,0.961704490662504);
#2293=VECTOR('',#8125,1.);
#2294=VECTOR('',#8126,0.327213044121249);
#2295=VECTOR('',#8127,0.694444444444444);
#2296=VECTOR('',#8130,1.);
#2297=VECTOR('',#8131,0.327213044121249);
#2298=VECTOR('',#8132,0.961704541349075);
#2299=VECTOR('',#8133,0.327213044121249);
#2300=VECTOR('',#8136,0.961704490662504);
#2301=VECTOR('',#8137,0.694444444444444);
#2302=VECTOR('',#8140,1.);
#2303=VECTOR('',#8143,1.);
#2304=VECTOR('',#8146,1.);
#2305=VECTOR('',#8147,0.327213044121249);
#2306=VECTOR('',#8148,0.961704490662504);
#2307=VECTOR('',#8149,0.327213044121249);
#2308=VECTOR('',#8152,1.);
#2309=VECTOR('',#8153,0.327213044121249);
#2310=VECTOR('',#8154,0.961704490662504);
#2311=VECTOR('',#8157,1.);
#2312=VECTOR('',#8158,0.327213044121249);
#2313=VECTOR('',#8159,0.694444444444444);
#2314=VECTOR('',#8162,0.694444444444444);
#2315=VECTOR('',#8163,0.961704490662504);
#2316=VECTOR('',#8164,0.961704490662504);
#2317=VECTOR('',#8167,1.);
#2318=VECTOR('',#8168,0.327213044121249);
#2319=VECTOR('',#8171,1.);
#2320=VECTOR('',#8172,0.327213044121249);
#2321=VECTOR('',#8175,1.);
#2322=VECTOR('',#8178,1.);
#2323=VECTOR('',#8179,0.327213044121249);
#2324=VECTOR('',#8180,0.961704541349075);
#2325=VECTOR('',#8181,0.327213044121249);
#2326=VECTOR('',#8184,1.);
#2327=VECTOR('',#8185,0.327213044121249);
#2328=VECTOR('',#8186,0.961704541349075);
#2329=VECTOR('',#8189,1.);
#2330=VECTOR('',#8190,0.327213044121249);
#2331=VECTOR('',#8191,0.694444444444444);
#2332=VECTOR('',#8194,0.961704541349075);
#2333=VECTOR('',#8195,0.961704541349075);
#2334=VECTOR('',#8196,0.694444444444444);
#2335=VECTOR('',#8199,1.);
#2336=VECTOR('',#8200,0.327213044121249);
#2337=VECTOR('',#8203,1.);
#2338=VECTOR('',#8204,0.327213044121249);
#2339=VECTOR('',#8207,1.);
#2340=VECTOR('',#8210,1.);
#2341=VECTOR('',#8211,0.327213044121249);
#2342=VECTOR('',#8212,0.961704490662504);
#2343=VECTOR('',#8213,0.327213044121249);
#2344=VECTOR('',#8216,1.);
#2345=VECTOR('',#8217,0.327213044121249);
#2346=VECTOR('',#8218,0.961704490662504);
#2347=VECTOR('',#8221,1.);
#2348=VECTOR('',#8222,0.327213044121249);
#2349=VECTOR('',#8223,0.694444444444444);
#2350=VECTOR('',#8226,1.);
#2351=VECTOR('',#8227,0.694444444444444);
#2352=VECTOR('',#8228,0.327213044121249);
#2353=VECTOR('',#8231,1.);
#2354=VECTOR('',#8232,0.961704490662504);
#2355=VECTOR('',#8233,0.327213044121249);
#2356=VECTOR('',#8236,0.961704490662504);
#2357=VECTOR('',#8239,1.);
#2358=VECTOR('',#8242,1.);
#2359=VECTOR('',#8243,0.327213044121249);
#2360=VECTOR('',#8244,0.961704493830416);
#2361=VECTOR('',#8245,0.327213044121249);
#2362=VECTOR('',#8248,1.);
#2363=VECTOR('',#8249,0.327213044121249);
#2364=VECTOR('',#8250,0.961704490662504);
#2365=VECTOR('',#8253,1.);
#2366=VECTOR('',#8254,0.327213044121249);
#2367=VECTOR('',#8255,0.694444444444444);
#2368=VECTOR('',#8258,0.694444444444444);
#2369=VECTOR('',#8259,0.961704490662504);
#2370=VECTOR('',#8260,0.961704493830416);
#2371=VECTOR('',#8263,1.);
#2372=VECTOR('',#8264,0.327213044121249);
#2373=VECTOR('',#8265,0.327213044121249);
#2374=VECTOR('',#8268,1.);
#2375=VECTOR('',#8271,1.);
#2376=VECTOR('',#8274,1.);
#2377=VECTOR('',#8275,0.327213044121249);
#2378=VECTOR('',#8276,0.694444444444444);
#2379=VECTOR('',#8277,0.327213044121249);
#2380=VECTOR('',#8280,1.);
#2381=VECTOR('',#8281,0.327213044121249);
#2382=VECTOR('',#8282,0.961704541349075);
#2383=VECTOR('',#8285,1.);
#2384=VECTOR('',#8286,0.327213044121249);
#2385=VECTOR('',#8287,0.961704541349075);
#2386=VECTOR('',#8290,1.);
#2387=VECTOR('',#8291,0.327213044121249);
#2388=VECTOR('',#8292,0.694444444444444);
#2389=VECTOR('',#8295,1.);
#2390=VECTOR('',#8296,0.327213044121249);
#2391=VECTOR('',#8297,0.961704541349075);
#2392=VECTOR('',#8300,0.961704541349075);
#2393=VECTOR('',#8303,1.);
#2394=VECTOR('',#8306,1.);
#2395=VECTOR('',#8307,0.327213044121249);
#2396=VECTOR('',#8308,0.961704541349075);
#2397=VECTOR('',#8309,0.327213044121249);
#2398=VECTOR('',#8312,1.);
#2399=VECTOR('',#8313,0.327213044121249);
#2400=VECTOR('',#8314,0.694444444444444);
#2401=VECTOR('',#8317,0.961704541349075);
#2402=VECTOR('',#8318,0.694444444444444);
#2403=VECTOR('',#8321,1.);
#2404=VECTOR('',#8322,0.327213044121249);
#2405=VECTOR('',#8325,1.);
#2406=VECTOR('',#8328,1.);
#2407=VECTOR('',#8329,0.327213044121249);
#2408=VECTOR('',#8330,0.694444444444444);
#2409=VECTOR('',#8331,0.327213044121249);
#2410=VECTOR('',#8334,1.);
#2411=VECTOR('',#8335,0.327213044121249);
#2412=VECTOR('',#8336,0.961704490662504);
#2413=VECTOR('',#8339,0.694444444444444);
#2414=VECTOR('',#8340,0.961704490662504);
#2415=VECTOR('',#8343,1.);
#2416=VECTOR('',#8344,0.327213044121249);
#2417=VECTOR('',#8347,1.);
#2418=VECTOR('',#8350,1.);
#2419=VECTOR('',#8351,0.327213044121249);
#2420=VECTOR('',#8352,0.694444444444444);
#2421=VECTOR('',#8353,0.327213044121249);
#2422=VECTOR('',#8356,1.);
#2423=VECTOR('',#8357,0.327213044121249);
#2424=VECTOR('',#8358,0.961704490662504);
#2425=VECTOR('',#8361,1.);
#2426=VECTOR('',#8362,0.327213044121249);
#2427=VECTOR('',#8363,0.961704490662504);
#2428=VECTOR('',#8366,1.);
#2429=VECTOR('',#8367,0.327213044121249);
#2430=VECTOR('',#8368,0.694444444444444);
#2431=VECTOR('',#8371,0.961704490662504);
#2432=VECTOR('',#8372,0.961704490662504);
#2433=VECTOR('',#8375,1.);
#2434=VECTOR('',#8376,0.327213044121249);
#2435=VECTOR('',#8379,1.);
#2436=VECTOR('',#8382,1.);
#2437=VECTOR('',#8383,0.327213044121249);
#2438=VECTOR('',#8384,0.961704490662504);
#2439=VECTOR('',#8385,0.327213044121249);
#2440=VECTOR('',#8388,1.);
#2441=VECTOR('',#8389,0.327213044121249);
#2442=VECTOR('',#8390,0.694444444444444);
#2443=VECTOR('',#8393,1.);
#2444=VECTOR('',#8394,0.327213044121249);
#2445=VECTOR('',#8395,0.961704490662504);
#2446=VECTOR('',#8398,0.961704490662504);
#2447=VECTOR('',#8399,0.694444444444444);
#2448=VECTOR('',#8400,0.961704490662504);
#2449=VECTOR('',#8403,1.);
#2450=VECTOR('',#8404,0.327213044121249);
#2451=VECTOR('',#8407,1.);
#2452=VECTOR('',#8408,0.327213044121249);
#2453=VECTOR('',#8411,1.);
#2454=VECTOR('',#8414,1.);
#2455=VECTOR('',#8415,0.327213044121249);
#2456=VECTOR('',#8416,0.694444444444444);
#2457=VECTOR('',#8417,0.327213044121249);
#2458=VECTOR('',#8420,1.);
#2459=VECTOR('',#8421,0.327213044121249);
#2460=VECTOR('',#8422,0.961704490662504);
#2461=VECTOR('',#8425,1.);
#2462=VECTOR('',#8426,0.327213044121249);
#2463=VECTOR('',#8427,0.961704493830416);
#2464=VECTOR('',#8430,0.694444444444444);
#2465=VECTOR('',#8431,0.961704493830416);
#2466=VECTOR('',#8432,0.961704490662504);
#2467=VECTOR('',#8435,1.);
#2468=VECTOR('',#8436,0.327213044121249);
#2469=VECTOR('',#8437,0.327213044121249);
#2470=VECTOR('',#8440,1.);
#2471=VECTOR('',#8443,1.);
#2472=VECTOR('',#8446,1.);
#2473=VECTOR('',#8447,0.327213044121249);
#2474=VECTOR('',#8448,0.694444444444444);
#2475=VECTOR('',#8449,0.327213044121249);
#2476=VECTOR('',#8452,1.);
#2477=VECTOR('',#8453,0.327213044121249);
#2478=VECTOR('',#8454,0.961704490662504);
#2479=VECTOR('',#8457,1.);
#2480=VECTOR('',#8458,0.327213044121249);
#2481=VECTOR('',#8459,0.961704490662504);
#2482=VECTOR('',#8462,0.694444444444444);
#2483=VECTOR('',#8463,0.961704490662504);
#2484=VECTOR('',#8464,0.961704490662504);
#2485=VECTOR('',#8467,1.);
#2486=VECTOR('',#8468,0.327213044121249);
#2487=VECTOR('',#8471,1.);
#2488=VECTOR('',#8472,0.327213044121249);
#2489=VECTOR('',#8475,1.);
#2490=VECTOR('',#8478,1.);
#2491=VECTOR('',#8479,0.327213044121249);
#2492=VECTOR('',#8480,0.961704490662504);
#2493=VECTOR('',#8481,0.327213044121249);
#2494=VECTOR('',#8484,1.);
#2495=VECTOR('',#8485,0.327213044121249);
#2496=VECTOR('',#8486,0.961704490662504);
#2497=VECTOR('',#8489,1.);
#2498=VECTOR('',#8490,0.327213044121249);
#2499=VECTOR('',#8491,0.694444444444444);
#2500=VECTOR('',#8494,1.);
#2501=VECTOR('',#8495,0.327213044121249);
#2502=VECTOR('',#8496,0.961704490662504);
#2503=VECTOR('',#8497,0.327213044121249);
#2504=VECTOR('',#8500,1.);
#2505=VECTOR('',#8501,0.694444444444444);
#2506=VECTOR('',#8504,1.);
#2507=VECTOR('',#8505,0.961704490662504);
#2508=VECTOR('',#8510,1.);
#2509=VECTOR('',#8511,0.327213044121249);
#2510=VECTOR('',#8512,0.961704541349075);
#2511=VECTOR('',#8513,0.327213044121249);
#2512=VECTOR('',#8516,1.);
#2513=VECTOR('',#8517,0.327213044121249);
#2514=VECTOR('',#8518,0.961704490662504);
#2515=VECTOR('',#8521,1.);
#2516=VECTOR('',#8522,0.327213044121249);
#2517=VECTOR('',#8523,0.694444444444444);
#2518=VECTOR('',#8526,1.);
#2519=VECTOR('',#8527,0.327213044121249);
#2520=VECTOR('',#8528,0.961704541349075);
#2521=VECTOR('',#8529,0.327213044121249);
#2522=VECTOR('',#8532,0.961704490662504);
#2523=VECTOR('',#8533,0.694444444444444);
#2524=VECTOR('',#8536,1.);
#2525=VECTOR('',#8539,1.);
#2526=VECTOR('',#8542,1.);
#2527=VECTOR('',#8543,0.327213044121249);
#2528=VECTOR('',#8544,0.961704490662504);
#2529=VECTOR('',#8545,0.327213044121249);
#2530=VECTOR('',#8548,1.);
#2531=VECTOR('',#8549,0.327213044121249);
#2532=VECTOR('',#8550,0.961704490662504);
#2533=VECTOR('',#8553,1.);
#2534=VECTOR('',#8554,0.327213044121249);
#2535=VECTOR('',#8555,0.694444444444444);
#2536=VECTOR('',#8558,0.694444444444444);
#2537=VECTOR('',#8559,0.961704490662504);
#2538=VECTOR('',#8560,0.961704490662504);
#2539=VECTOR('',#8563,1.);
#2540=VECTOR('',#8564,0.327213044121249);
#2541=VECTOR('',#8567,1.);
#2542=VECTOR('',#8568,0.327213044121249);
#2543=VECTOR('',#8571,1.);
#2544=VECTOR('',#8574,1.);
#2545=VECTOR('',#8575,0.327213044121249);
#2546=VECTOR('',#8576,0.961704541349075);
#2547=VECTOR('',#8577,0.327213044121249);
#2548=VECTOR('',#8580,1.);
#2549=VECTOR('',#8581,0.327213044121249);
#2550=VECTOR('',#8582,0.961704541349075);
#2551=VECTOR('',#8585,1.);
#2552=VECTOR('',#8586,0.327213044121249);
#2553=VECTOR('',#8587,0.694444444444444);
#2554=VECTOR('',#8590,0.961704541349075);
#2555=VECTOR('',#8591,0.961704541349075);
#2556=VECTOR('',#8592,0.694444444444444);
#2557=VECTOR('',#8595,1.);
#2558=VECTOR('',#8596,0.327213044121249);
#2559=VECTOR('',#8599,1.);
#2560=VECTOR('',#8600,0.327213044121249);
#2561=VECTOR('',#8603,1.);
#2562=VECTOR('',#8606,1.);
#2563=VECTOR('',#8607,0.327213044121249);
#2564=VECTOR('',#8608,0.961704490662504);
#2565=VECTOR('',#8609,0.327213044121249);
#2566=VECTOR('',#8612,1.);
#2567=VECTOR('',#8613,0.327213044121249);
#2568=VECTOR('',#8614,0.961704490662504);
#2569=VECTOR('',#8617,1.);
#2570=VECTOR('',#8618,0.327213044121249);
#2571=VECTOR('',#8619,0.694444444444444);
#2572=VECTOR('',#8622,1.);
#2573=VECTOR('',#8623,0.694444444444444);
#2574=VECTOR('',#8624,0.327213044121249);
#2575=VECTOR('',#8627,1.);
#2576=VECTOR('',#8628,0.961704490662504);
#2577=VECTOR('',#8629,0.327213044121249);
#2578=VECTOR('',#8632,0.961704490662504);
#2579=VECTOR('',#8635,1.);
#2580=VECTOR('',#8638,1.);
#2581=VECTOR('',#8639,0.327213044121249);
#2582=VECTOR('',#8640,0.961704493830416);
#2583=VECTOR('',#8641,0.327213044121249);
#2584=VECTOR('',#8644,1.);
#2585=VECTOR('',#8645,0.327213044121249);
#2586=VECTOR('',#8646,0.961704490662504);
#2587=VECTOR('',#8649,1.);
#2588=VECTOR('',#8650,0.327213044121249);
#2589=VECTOR('',#8651,0.694444444444444);
#2590=VECTOR('',#8654,0.694444444444444);
#2591=VECTOR('',#8655,0.961704490662504);
#2592=VECTOR('',#8656,0.961704493830416);
#2593=VECTOR('',#8659,1.);
#2594=VECTOR('',#8660,0.327213044121249);
#2595=VECTOR('',#8661,0.327213044121249);
#2596=VECTOR('',#8664,1.);
#2597=VECTOR('',#8667,1.);
#2598=VECTOR('',#8670,1.);
#2599=VECTOR('',#8671,0.327213044121249);
#2600=VECTOR('',#8672,0.694444444444444);
#2601=VECTOR('',#8673,0.327213044121249);
#2602=VECTOR('',#8676,1.);
#2603=VECTOR('',#8677,0.327213044121249);
#2604=VECTOR('',#8678,0.961704541349075);
#2605=VECTOR('',#8681,1.);
#2606=VECTOR('',#8682,0.327213044121249);
#2607=VECTOR('',#8683,0.961704541349075);
#2608=VECTOR('',#8686,1.);
#2609=VECTOR('',#8687,0.327213044121249);
#2610=VECTOR('',#8688,0.694444444444444);
#2611=VECTOR('',#8691,1.);
#2612=VECTOR('',#8692,0.327213044121249);
#2613=VECTOR('',#8693,0.961704541349075);
#2614=VECTOR('',#8696,0.961704541349075);
#2615=VECTOR('',#8699,1.);
#2616=VECTOR('',#8702,1.);
#2617=VECTOR('',#8703,0.327213044121249);
#2618=VECTOR('',#8704,0.961704541349075);
#2619=VECTOR('',#8705,0.327213044121249);
#2620=VECTOR('',#8708,1.);
#2621=VECTOR('',#8709,0.327213044121249);
#2622=VECTOR('',#8710,0.694444444444444);
#2623=VECTOR('',#8713,0.961704541349075);
#2624=VECTOR('',#8714,0.694444444444444);
#2625=VECTOR('',#8717,1.);
#2626=VECTOR('',#8718,0.327213044121249);
#2627=VECTOR('',#8721,1.);
#2628=VECTOR('',#8724,1.);
#2629=VECTOR('',#8725,0.327213044121249);
#2630=VECTOR('',#8726,0.694444444444444);
#2631=VECTOR('',#8727,0.327213044121249);
#2632=VECTOR('',#8730,1.);
#2633=VECTOR('',#8731,0.327213044121249);
#2634=VECTOR('',#8732,0.961704490662504);
#2635=VECTOR('',#8735,0.694444444444444);
#2636=VECTOR('',#8736,0.961704490662504);
#2637=VECTOR('',#8739,1.);
#2638=VECTOR('',#8740,0.327213044121249);
#2639=VECTOR('',#8743,1.);
#2640=VECTOR('',#8746,1.);
#2641=VECTOR('',#8747,0.327213044121249);
#2642=VECTOR('',#8748,0.694444444444444);
#2643=VECTOR('',#8749,0.327213044121249);
#2644=VECTOR('',#8752,1.);
#2645=VECTOR('',#8753,0.327213044121249);
#2646=VECTOR('',#8754,0.961704490662504);
#2647=VECTOR('',#8757,1.);
#2648=VECTOR('',#8758,0.327213044121249);
#2649=VECTOR('',#8759,0.961704490662504);
#2650=VECTOR('',#8762,1.);
#2651=VECTOR('',#8763,0.327213044121249);
#2652=VECTOR('',#8764,0.694444444444444);
#2653=VECTOR('',#8767,0.961704490662504);
#2654=VECTOR('',#8768,0.961704490662504);
#2655=VECTOR('',#8771,1.);
#2656=VECTOR('',#8772,0.327213044121249);
#2657=VECTOR('',#8775,1.);
#2658=VECTOR('',#8778,1.);
#2659=VECTOR('',#8779,0.327213044121249);
#2660=VECTOR('',#8780,0.961704490662504);
#2661=VECTOR('',#8781,0.327213044121249);
#2662=VECTOR('',#8784,1.);
#2663=VECTOR('',#8785,0.327213044121249);
#2664=VECTOR('',#8786,0.694444444444444);
#2665=VECTOR('',#8789,1.);
#2666=VECTOR('',#8790,0.327213044121249);
#2667=VECTOR('',#8791,0.961704490662504);
#2668=VECTOR('',#8794,0.961704490662504);
#2669=VECTOR('',#8795,0.694444444444444);
#2670=VECTOR('',#8796,0.961704490662504);
#2671=VECTOR('',#8799,1.);
#2672=VECTOR('',#8800,0.327213044121249);
#2673=VECTOR('',#8803,1.);
#2674=VECTOR('',#8804,0.327213044121249);
#2675=VECTOR('',#8807,1.);
#2676=VECTOR('',#8810,1.);
#2677=VECTOR('',#8811,0.327213044121249);
#2678=VECTOR('',#8812,0.694444444444444);
#2679=VECTOR('',#8813,0.327213044121249);
#2680=VECTOR('',#8816,1.);
#2681=VECTOR('',#8817,0.327213044121249);
#2682=VECTOR('',#8818,0.961704490662504);
#2683=VECTOR('',#8821,1.);
#2684=VECTOR('',#8822,0.327213044121249);
#2685=VECTOR('',#8823,0.961704493830416);
#2686=VECTOR('',#8826,0.694444444444444);
#2687=VECTOR('',#8827,0.961704493830416);
#2688=VECTOR('',#8828,0.961704490662504);
#2689=VECTOR('',#8831,1.);
#2690=VECTOR('',#8832,0.327213044121249);
#2691=VECTOR('',#8833,0.327213044121249);
#2692=VECTOR('',#8836,1.);
#2693=VECTOR('',#8839,1.);
#2694=VECTOR('',#8842,2.29049130884874);
#2695=VECTOR('',#8843,9.96745315975441);
#2696=VECTOR('',#8846,9.72222222222222);
#2697=VERTEX_POINT('',#8851);
#2698=VERTEX_POINT('',#8852);
#2699=VERTEX_POINT('',#8854);
#2700=VERTEX_POINT('',#8856);
#2701=VERTEX_POINT('',#8860);
#2702=VERTEX_POINT('',#8862);
#2703=VERTEX_POINT('',#8866);
#2704=VERTEX_POINT('',#8867);
#2705=VERTEX_POINT('',#8869);
#2706=VERTEX_POINT('',#8871);
#2707=VERTEX_POINT('',#8878);
#2708=VERTEX_POINT('',#8882);
#2709=VERTEX_POINT('',#8889);
#2710=VERTEX_POINT('',#8890);
#2711=VERTEX_POINT('',#8892);
#2712=VERTEX_POINT('',#8894);
#2713=VERTEX_POINT('',#8898);
#2714=VERTEX_POINT('',#8899);
#2715=VERTEX_POINT('',#8901);
#2716=VERTEX_POINT('',#8904);
#2717=VERTEX_POINT('',#8908);
#2718=VERTEX_POINT('',#8912);
#2719=VERTEX_POINT('',#8916);
#2720=VERTEX_POINT('',#8920);
#2721=VERTEX_POINT('',#8927);
#2722=VERTEX_POINT('',#8928);
#2723=VERTEX_POINT('',#8930);
#2724=VERTEX_POINT('',#8932);
#2725=VERTEX_POINT('',#8936);
#2726=VERTEX_POINT('',#8937);
#2727=VERTEX_POINT('',#8942);
#2728=VERTEX_POINT('',#8943);
#2729=VERTEX_POINT('',#8946);
#2730=VERTEX_POINT('',#8950);
#2731=VERTEX_POINT('',#8954);
#2732=VERTEX_POINT('',#8955);
#2733=VERTEX_POINT('',#8965);
#2734=VERTEX_POINT('',#8966);
#2735=VERTEX_POINT('',#8968);
#2736=VERTEX_POINT('',#8970);
#2737=VERTEX_POINT('',#8974);
#2738=VERTEX_POINT('',#8976);
#2739=VERTEX_POINT('',#8980);
#2740=VERTEX_POINT('',#8981);
#2741=VERTEX_POINT('',#8984);
#2742=VERTEX_POINT('',#8988);
#2743=VERTEX_POINT('',#8992);
#2744=VERTEX_POINT('',#8996);
#2745=VERTEX_POINT('',#9003);
#2746=VERTEX_POINT('',#9004);
#2747=VERTEX_POINT('',#9006);
#2748=VERTEX_POINT('',#9008);
#2749=VERTEX_POINT('',#9012);
#2750=VERTEX_POINT('',#9014);
#2751=VERTEX_POINT('',#9018);
#2752=VERTEX_POINT('',#9022);
#2753=VERTEX_POINT('',#9029);
#2754=VERTEX_POINT('',#9030);
#2755=VERTEX_POINT('',#9032);
#2756=VERTEX_POINT('',#9034);
#2757=VERTEX_POINT('',#9038);
#2758=VERTEX_POINT('',#9040);
#2759=VERTEX_POINT('',#9044);
#2760=VERTEX_POINT('',#9046);
#2761=VERTEX_POINT('',#9048);
#2762=VERTEX_POINT('',#9052);
#2763=VERTEX_POINT('',#9056);
#2764=VERTEX_POINT('',#9060);
#2765=VERTEX_POINT('',#9067);
#2766=VERTEX_POINT('',#9068);
#2767=VERTEX_POINT('',#9070);
#2768=VERTEX_POINT('',#9072);
#2769=VERTEX_POINT('',#9074);
#2770=VERTEX_POINT('',#9076);
#2771=VERTEX_POINT('',#9080);
#2772=VERTEX_POINT('',#9082);
#2773=VERTEX_POINT('',#9086);
#2774=VERTEX_POINT('',#9090);
#2775=VERTEX_POINT('',#9091);
#2776=VERTEX_POINT('',#9098);
#2777=VERTEX_POINT('',#9105);
#2778=VERTEX_POINT('',#9106);
#2779=VERTEX_POINT('',#9108);
#2780=VERTEX_POINT('',#9110);
#2781=VERTEX_POINT('',#9114);
#2782=VERTEX_POINT('',#9116);
#2783=VERTEX_POINT('',#9120);
#2784=VERTEX_POINT('',#9121);
#2785=VERTEX_POINT('',#9124);
#2786=VERTEX_POINT('',#9128);
#2787=VERTEX_POINT('',#9132);
#2788=VERTEX_POINT('',#9136);
#2789=VERTEX_POINT('',#9143);
#2790=VERTEX_POINT('',#9144);
#2791=VERTEX_POINT('',#9146);
#2792=VERTEX_POINT('',#9148);
#2793=VERTEX_POINT('',#9152);
#2794=VERTEX_POINT('',#9154);
#2795=VERTEX_POINT('',#9158);
#2796=VERTEX_POINT('',#9162);
#2797=VERTEX_POINT('',#9169);
#2798=VERTEX_POINT('',#9170);
#2799=VERTEX_POINT('',#9172);
#2800=VERTEX_POINT('',#9174);
#2801=VERTEX_POINT('',#9176);
#2802=VERTEX_POINT('',#9178);
#2803=VERTEX_POINT('',#9182);
#2804=VERTEX_POINT('',#9183);
#2805=VERTEX_POINT('',#9188);
#2806=VERTEX_POINT('',#9192);
#2807=VERTEX_POINT('',#9194);
#2808=VERTEX_POINT('',#9200);
#2809=VERTEX_POINT('',#9207);
#2810=VERTEX_POINT('',#9208);
#2811=VERTEX_POINT('',#9210);
#2812=VERTEX_POINT('',#9212);
#2813=VERTEX_POINT('',#9214);
#2814=VERTEX_POINT('',#9216);
#2815=VERTEX_POINT('',#9220);
#2816=VERTEX_POINT('',#9221);
#2817=VERTEX_POINT('',#9226);
#2818=VERTEX_POINT('',#9230);
#2819=VERTEX_POINT('',#9231);
#2820=VERTEX_POINT('',#9236);
#2821=VERTEX_POINT('',#9245);
#2822=VERTEX_POINT('',#9246);
#2823=VERTEX_POINT('',#9248);
#2824=VERTEX_POINT('',#9250);
#2825=VERTEX_POINT('',#9254);
#2826=VERTEX_POINT('',#9256);
#2827=VERTEX_POINT('',#9258);
#2828=VERTEX_POINT('',#9260);
#2829=VERTEX_POINT('',#9264);
#2830=VERTEX_POINT('',#9268);
#2831=VERTEX_POINT('',#9270);
#2832=VERTEX_POINT('',#9276);
#2833=VERTEX_POINT('',#9283);
#2834=VERTEX_POINT('',#9284);
#2835=VERTEX_POINT('',#9286);
#2836=VERTEX_POINT('',#9288);
#2837=VERTEX_POINT('',#9292);
#2838=VERTEX_POINT('',#9293);
#2839=VERTEX_POINT('',#9295);
#2840=VERTEX_POINT('',#9298);
#2841=VERTEX_POINT('',#9302);
#2842=VERTEX_POINT('',#9306);
#2843=VERTEX_POINT('',#9308);
#2844=VERTEX_POINT('',#9312);
#2845=VERTEX_POINT('',#9321);
#2846=VERTEX_POINT('',#9323);
#2847=VERTEX_POINT('',#9327);
#2848=VERTEX_POINT('',#9329);
#2849=VERTEX_POINT('',#9333);
#2850=VERTEX_POINT('',#9335);
#2851=VERTEX_POINT('',#9339);
#2852=VERTEX_POINT('',#9341);
#2853=VERTEX_POINT('',#9345);
#2854=VERTEX_POINT('',#9346);
#2855=VERTEX_POINT('',#9348);
#2856=VERTEX_POINT('',#9350);
#2857=VERTEX_POINT('',#9354);
#2858=VERTEX_POINT('',#9356);
#2859=VERTEX_POINT('',#9360);
#2860=VERTEX_POINT('',#9364);
#2861=VERTEX_POINT('',#9365);
#2862=VERTEX_POINT('',#9367);
#2863=VERTEX_POINT('',#9369);
#2864=VERTEX_POINT('',#9373);
#2865=VERTEX_POINT('',#9375);
#2866=VERTEX_POINT('',#9379);
#2867=VERTEX_POINT('',#9381);
#2868=VERTEX_POINT('',#9385);
#2869=VERTEX_POINT('',#9387);
#2870=VERTEX_POINT('',#9391);
#2871=VERTEX_POINT('',#9395);
#2872=VERTEX_POINT('',#9401);
#2873=VERTEX_POINT('',#9402);
#2874=VERTEX_POINT('',#9404);
#2875=VERTEX_POINT('',#9406);
#2876=VERTEX_POINT('',#9410);
#2877=VERTEX_POINT('',#9412);
#2878=VERTEX_POINT('',#9416);
#2879=VERTEX_POINT('',#9418);
#2880=VERTEX_POINT('',#9422);
#2881=VERTEX_POINT('',#9423);
#2882=VERTEX_POINT('',#9425);
#2883=VERTEX_POINT('',#9427);
#2884=VERTEX_POINT('',#9438);
#2885=VERTEX_POINT('',#9439);
#2886=VERTEX_POINT('',#9441);
#2887=VERTEX_POINT('',#9443);
#2888=VERTEX_POINT('',#9447);
#2889=VERTEX_POINT('',#9449);
#2890=VERTEX_POINT('',#9453);
#2891=VERTEX_POINT('',#9455);
#2892=VERTEX_POINT('',#9459);
#2893=VERTEX_POINT('',#9460);
#2894=VERTEX_POINT('',#9462);
#2895=VERTEX_POINT('',#9464);
#2896=VERTEX_POINT('',#9475);
#2897=VERTEX_POINT('',#9476);
#2898=VERTEX_POINT('',#9478);
#2899=VERTEX_POINT('',#9480);
#2900=VERTEX_POINT('',#9484);
#2901=VERTEX_POINT('',#9486);
#2902=VERTEX_POINT('',#9490);
#2903=VERTEX_POINT('',#9492);
#2904=VERTEX_POINT('',#9496);
#2905=VERTEX_POINT('',#9498);
#2906=VERTEX_POINT('',#9502);
#2907=VERTEX_POINT('',#9506);
#2908=VERTEX_POINT('',#9512);
#2909=VERTEX_POINT('',#9513);
#2910=VERTEX_POINT('',#9515);
#2911=VERTEX_POINT('',#9517);
#2912=VERTEX_POINT('',#9521);
#2913=VERTEX_POINT('',#9523);
#2914=VERTEX_POINT('',#9527);
#2915=VERTEX_POINT('',#9529);
#2916=VERTEX_POINT('',#9533);
#2917=VERTEX_POINT('',#9535);
#2918=VERTEX_POINT('',#9539);
#2919=VERTEX_POINT('',#9543);
#2920=VERTEX_POINT('',#9549);
#2921=VERTEX_POINT('',#9550);
#2922=VERTEX_POINT('',#9552);
#2923=VERTEX_POINT('',#9554);
#2924=VERTEX_POINT('',#9558);
#2925=VERTEX_POINT('',#9560);
#2926=VERTEX_POINT('',#9564);
#2927=VERTEX_POINT('',#9566);
#2928=VERTEX_POINT('',#9570);
#2929=VERTEX_POINT('',#9572);
#2930=VERTEX_POINT('',#9576);
#2931=VERTEX_POINT('',#9578);
#2932=VERTEX_POINT('',#9586);
#2933=VERTEX_POINT('',#9587);
#2934=VERTEX_POINT('',#9589);
#2935=VERTEX_POINT('',#9591);
#2936=VERTEX_POINT('',#9595);
#2937=VERTEX_POINT('',#9597);
#2938=VERTEX_POINT('',#9601);
#2939=VERTEX_POINT('',#9603);
#2940=VERTEX_POINT('',#9607);
#2941=VERTEX_POINT('',#9609);
#2942=VERTEX_POINT('',#9613);
#2943=VERTEX_POINT('',#9614);
#2944=VERTEX_POINT('',#9623);
#2945=VERTEX_POINT('',#9624);
#2946=VERTEX_POINT('',#9626);
#2947=VERTEX_POINT('',#9628);
#2948=VERTEX_POINT('',#9632);
#2949=VERTEX_POINT('',#9634);
#2950=VERTEX_POINT('',#9638);
#2951=VERTEX_POINT('',#9640);
#2952=VERTEX_POINT('',#9644);
#2953=VERTEX_POINT('',#9646);
#2954=VERTEX_POINT('',#9650);
#2955=VERTEX_POINT('',#9652);
#2956=VERTEX_POINT('',#9660);
#2957=VERTEX_POINT('',#9661);
#2958=VERTEX_POINT('',#9663);
#2959=VERTEX_POINT('',#9665);
#2960=VERTEX_POINT('',#9669);
#2961=VERTEX_POINT('',#9671);
#2962=VERTEX_POINT('',#9675);
#2963=VERTEX_POINT('',#9679);
#2964=VERTEX_POINT('',#9685);
#2965=VERTEX_POINT('',#9686);
#2966=VERTEX_POINT('',#9688);
#2967=VERTEX_POINT('',#9690);
#2968=VERTEX_POINT('',#9694);
#2969=VERTEX_POINT('',#9696);
#2970=VERTEX_POINT('',#9700);
#2971=VERTEX_POINT('',#9704);
#2972=VERTEX_POINT('',#9710);
#2973=VERTEX_POINT('',#9711);
#2974=VERTEX_POINT('',#9713);
#2975=VERTEX_POINT('',#9715);
#2976=VERTEX_POINT('',#9719);
#2977=VERTEX_POINT('',#9721);
#2978=VERTEX_POINT('',#9725);
#2979=VERTEX_POINT('',#9727);
#2980=VERTEX_POINT('',#9731);
#2981=VERTEX_POINT('',#9733);
#2982=VERTEX_POINT('',#9737);
#2983=VERTEX_POINT('',#9741);
#2984=VERTEX_POINT('',#9747);
#2985=VERTEX_POINT('',#9748);
#2986=VERTEX_POINT('',#9750);
#2987=VERTEX_POINT('',#9752);
#2988=VERTEX_POINT('',#9756);
#2989=VERTEX_POINT('',#9758);
#2990=VERTEX_POINT('',#9762);
#2991=VERTEX_POINT('',#9764);
#2992=VERTEX_POINT('',#9768);
#2993=VERTEX_POINT('',#9770);
#2994=VERTEX_POINT('',#9774);
#2995=VERTEX_POINT('',#9778);
#2996=VERTEX_POINT('',#9784);
#2997=VERTEX_POINT('',#9785);
#2998=VERTEX_POINT('',#9787);
#2999=VERTEX_POINT('',#9789);
#3000=VERTEX_POINT('',#9793);
#3001=VERTEX_POINT('',#9795);
#3002=VERTEX_POINT('',#9799);
#3003=VERTEX_POINT('',#9801);
#3004=VERTEX_POINT('',#9805);
#3005=VERTEX_POINT('',#9807);
#3006=VERTEX_POINT('',#9811);
#3007=VERTEX_POINT('',#9812);
#3008=VERTEX_POINT('',#9821);
#3009=VERTEX_POINT('',#9822);
#3010=VERTEX_POINT('',#9824);
#3011=VERTEX_POINT('',#9826);
#3012=VERTEX_POINT('',#9830);
#3013=VERTEX_POINT('',#9832);
#3014=VERTEX_POINT('',#9836);
#3015=VERTEX_POINT('',#9838);
#3016=VERTEX_POINT('',#9842);
#3017=VERTEX_POINT('',#9844);
#3018=VERTEX_POINT('',#9848);
#3019=VERTEX_POINT('',#9852);
#3020=VERTEX_POINT('',#9858);
#3021=VERTEX_POINT('',#9859);
#3022=VERTEX_POINT('',#9861);
#3023=VERTEX_POINT('',#9863);
#3024=VERTEX_POINT('',#9867);
#3025=VERTEX_POINT('',#9869);
#3026=VERTEX_POINT('',#9873);
#3027=VERTEX_POINT('',#9875);
#3028=VERTEX_POINT('',#9879);
#3029=VERTEX_POINT('',#9880);
#3030=VERTEX_POINT('',#9882);
#3031=VERTEX_POINT('',#9884);
#3032=VERTEX_POINT('',#9895);
#3033=VERTEX_POINT('',#9896);
#3034=VERTEX_POINT('',#9898);
#3035=VERTEX_POINT('',#9900);
#3036=VERTEX_POINT('',#9904);
#3037=VERTEX_POINT('',#9906);
#3038=VERTEX_POINT('',#9910);
#3039=VERTEX_POINT('',#9912);
#3040=VERTEX_POINT('',#9916);
#3041=VERTEX_POINT('',#9917);
#3042=VERTEX_POINT('',#9919);
#3043=VERTEX_POINT('',#9921);
#3044=VERTEX_POINT('',#9932);
#3045=VERTEX_POINT('',#9933);
#3046=VERTEX_POINT('',#9935);
#3047=VERTEX_POINT('',#9937);
#3048=VERTEX_POINT('',#9941);
#3049=VERTEX_POINT('',#9943);
#3050=VERTEX_POINT('',#9947);
#3051=VERTEX_POINT('',#9949);
#3052=VERTEX_POINT('',#9953);
#3053=VERTEX_POINT('',#9955);
#3054=VERTEX_POINT('',#9959);
#3055=VERTEX_POINT('',#9963);
#3056=VERTEX_POINT('',#9969);
#3057=VERTEX_POINT('',#9970);
#3058=VERTEX_POINT('',#9972);
#3059=VERTEX_POINT('',#9974);
#3060=VERTEX_POINT('',#9978);
#3061=VERTEX_POINT('',#9980);
#3062=VERTEX_POINT('',#9984);
#3063=VERTEX_POINT('',#9986);
#3064=VERTEX_POINT('',#9990);
#3065=VERTEX_POINT('',#9992);
#3066=VERTEX_POINT('',#9996);
#3067=VERTEX_POINT('',#10000);
#3068=VERTEX_POINT('',#10006);
#3069=VERTEX_POINT('',#10007);
#3070=VERTEX_POINT('',#10009);
#3071=VERTEX_POINT('',#10011);
#3072=VERTEX_POINT('',#10015);
#3073=VERTEX_POINT('',#10017);
#3074=VERTEX_POINT('',#10021);
#3075=VERTEX_POINT('',#10023);
#3076=VERTEX_POINT('',#10027);
#3077=VERTEX_POINT('',#10029);
#3078=VERTEX_POINT('',#10033);
#3079=VERTEX_POINT('',#10035);
#3080=VERTEX_POINT('',#10043);
#3081=VERTEX_POINT('',#10044);
#3082=VERTEX_POINT('',#10046);
#3083=VERTEX_POINT('',#10048);
#3084=VERTEX_POINT('',#10052);
#3085=VERTEX_POINT('',#10054);
#3086=VERTEX_POINT('',#10058);
#3087=VERTEX_POINT('',#10060);
#3088=VERTEX_POINT('',#10064);
#3089=VERTEX_POINT('',#10066);
#3090=VERTEX_POINT('',#10070);
#3091=VERTEX_POINT('',#10071);
#3092=VERTEX_POINT('',#10080);
#3093=VERTEX_POINT('',#10081);
#3094=VERTEX_POINT('',#10083);
#3095=VERTEX_POINT('',#10085);
#3096=VERTEX_POINT('',#10089);
#3097=VERTEX_POINT('',#10091);
#3098=VERTEX_POINT('',#10095);
#3099=VERTEX_POINT('',#10097);
#3100=VERTEX_POINT('',#10101);
#3101=VERTEX_POINT('',#10103);
#3102=VERTEX_POINT('',#10107);
#3103=VERTEX_POINT('',#10109);
#3104=VERTEX_POINT('',#10117);
#3105=VERTEX_POINT('',#10118);
#3106=VERTEX_POINT('',#10120);
#3107=VERTEX_POINT('',#10122);
#3108=VERTEX_POINT('',#10126);
#3109=VERTEX_POINT('',#10128);
#3110=VERTEX_POINT('',#10132);
#3111=VERTEX_POINT('',#10136);
#3112=VERTEX_POINT('',#10142);
#3113=VERTEX_POINT('',#10143);
#3114=VERTEX_POINT('',#10145);
#3115=VERTEX_POINT('',#10147);
#3116=VERTEX_POINT('',#10151);
#3117=VERTEX_POINT('',#10153);
#3118=VERTEX_POINT('',#10157);
#3119=VERTEX_POINT('',#10161);
#3120=VERTEX_POINT('',#10167);
#3121=VERTEX_POINT('',#10168);
#3122=VERTEX_POINT('',#10170);
#3123=VERTEX_POINT('',#10172);
#3124=VERTEX_POINT('',#10176);
#3125=VERTEX_POINT('',#10178);
#3126=VERTEX_POINT('',#10182);
#3127=VERTEX_POINT('',#10184);
#3128=VERTEX_POINT('',#10188);
#3129=VERTEX_POINT('',#10190);
#3130=VERTEX_POINT('',#10194);
#3131=VERTEX_POINT('',#10198);
#3132=VERTEX_POINT('',#10204);
#3133=VERTEX_POINT('',#10205);
#3134=VERTEX_POINT('',#10207);
#3135=VERTEX_POINT('',#10209);
#3136=VERTEX_POINT('',#10213);
#3137=VERTEX_POINT('',#10215);
#3138=VERTEX_POINT('',#10219);
#3139=VERTEX_POINT('',#10221);
#3140=VERTEX_POINT('',#10225);
#3141=VERTEX_POINT('',#10227);
#3142=VERTEX_POINT('',#10231);
#3143=VERTEX_POINT('',#10235);
#3144=VERTEX_POINT('',#10241);
#3145=VERTEX_POINT('',#10242);
#3146=VERTEX_POINT('',#10244);
#3147=VERTEX_POINT('',#10246);
#3148=VERTEX_POINT('',#10250);
#3149=VERTEX_POINT('',#10252);
#3150=VERTEX_POINT('',#10256);
#3151=VERTEX_POINT('',#10258);
#3152=VERTEX_POINT('',#10262);
#3153=VERTEX_POINT('',#10264);
#3154=VERTEX_POINT('',#10268);
#3155=VERTEX_POINT('',#10269);
#3156=VERTEX_POINT('',#10278);
#3157=VERTEX_POINT('',#10279);
#3158=VERTEX_POINT('',#10281);
#3159=VERTEX_POINT('',#10283);
#3160=VERTEX_POINT('',#10287);
#3161=VERTEX_POINT('',#10289);
#3162=VERTEX_POINT('',#10293);
#3163=VERTEX_POINT('',#10295);
#3164=VERTEX_POINT('',#10299);
#3165=VERTEX_POINT('',#10301);
#3166=VERTEX_POINT('',#10305);
#3167=VERTEX_POINT('',#10309);
#3168=VERTEX_POINT('',#10315);
#3169=VERTEX_POINT('',#10316);
#3170=VERTEX_POINT('',#10318);
#3171=VERTEX_POINT('',#10320);
#3172=VERTEX_POINT('',#10324);
#3173=VERTEX_POINT('',#10326);
#3174=VERTEX_POINT('',#10330);
#3175=VERTEX_POINT('',#10332);
#3176=VERTEX_POINT('',#10336);
#3177=VERTEX_POINT('',#10337);
#3178=VERTEX_POINT('',#10339);
#3179=VERTEX_POINT('',#10341);
#3180=VERTEX_POINT('',#10352);
#3181=VERTEX_POINT('',#10353);
#3182=VERTEX_POINT('',#10355);
#3183=VERTEX_POINT('',#10357);
#3184=VERTEX_POINT('',#10361);
#3185=VERTEX_POINT('',#10363);
#3186=VERTEX_POINT('',#10367);
#3187=VERTEX_POINT('',#10369);
#3188=VERTEX_POINT('',#10373);
#3189=VERTEX_POINT('',#10374);
#3190=VERTEX_POINT('',#10376);
#3191=VERTEX_POINT('',#10378);
#3192=VERTEX_POINT('',#10389);
#3193=VERTEX_POINT('',#10390);
#3194=VERTEX_POINT('',#10392);
#3195=VERTEX_POINT('',#10394);
#3196=VERTEX_POINT('',#10398);
#3197=VERTEX_POINT('',#10400);
#3198=VERTEX_POINT('',#10404);
#3199=VERTEX_POINT('',#10406);
#3200=VERTEX_POINT('',#10410);
#3201=VERTEX_POINT('',#10412);
#3202=VERTEX_POINT('',#10416);
#3203=VERTEX_POINT('',#10420);
#3204=VERTEX_POINT('',#10426);
#3205=VERTEX_POINT('',#10427);
#3206=VERTEX_POINT('',#10429);
#3207=VERTEX_POINT('',#10431);
#3208=VERTEX_POINT('',#10435);
#3209=VERTEX_POINT('',#10437);
#3210=VERTEX_POINT('',#10441);
#3211=VERTEX_POINT('',#10443);
#3212=VERTEX_POINT('',#10447);
#3213=VERTEX_POINT('',#10449);
#3214=VERTEX_POINT('',#10453);
#3215=VERTEX_POINT('',#10457);
#3216=VERTEX_POINT('',#10463);
#3217=VERTEX_POINT('',#10464);
#3218=VERTEX_POINT('',#10466);
#3219=VERTEX_POINT('',#10468);
#3220=VERTEX_POINT('',#10472);
#3221=VERTEX_POINT('',#10474);
#3222=VERTEX_POINT('',#10478);
#3223=VERTEX_POINT('',#10480);
#3224=VERTEX_POINT('',#10484);
#3225=VERTEX_POINT('',#10486);
#3226=VERTEX_POINT('',#10490);
#3227=VERTEX_POINT('',#10492);
#3228=VERTEX_POINT('',#10500);
#3229=VERTEX_POINT('',#10501);
#3230=VERTEX_POINT('',#10503);
#3231=VERTEX_POINT('',#10505);
#3232=VERTEX_POINT('',#10509);
#3233=VERTEX_POINT('',#10511);
#3234=VERTEX_POINT('',#10515);
#3235=VERTEX_POINT('',#10517);
#3236=VERTEX_POINT('',#10521);
#3237=VERTEX_POINT('',#10523);
#3238=VERTEX_POINT('',#10527);
#3239=VERTEX_POINT('',#10528);
#3240=VERTEX_POINT('',#10537);
#3241=VERTEX_POINT('',#10538);
#3242=VERTEX_POINT('',#10540);
#3243=VERTEX_POINT('',#10542);
#3244=VERTEX_POINT('',#10546);
#3245=VERTEX_POINT('',#10548);
#3246=VERTEX_POINT('',#10552);
#3247=VERTEX_POINT('',#10554);
#3248=VERTEX_POINT('',#10558);
#3249=VERTEX_POINT('',#10560);
#3250=VERTEX_POINT('',#10564);
#3251=VERTEX_POINT('',#10566);
#3252=VERTEX_POINT('',#10574);
#3253=VERTEX_POINT('',#10575);
#3254=VERTEX_POINT('',#10577);
#3255=VERTEX_POINT('',#10579);
#3256=VERTEX_POINT('',#10583);
#3257=VERTEX_POINT('',#10585);
#3258=VERTEX_POINT('',#10589);
#3259=VERTEX_POINT('',#10593);
#3260=VERTEX_POINT('',#10599);
#3261=VERTEX_POINT('',#10600);
#3262=VERTEX_POINT('',#10602);
#3263=VERTEX_POINT('',#10604);
#3264=VERTEX_POINT('',#10608);
#3265=VERTEX_POINT('',#10610);
#3266=VERTEX_POINT('',#10614);
#3267=VERTEX_POINT('',#10618);
#3268=VERTEX_POINT('',#10624);
#3269=VERTEX_POINT('',#10625);
#3270=VERTEX_POINT('',#10627);
#3271=VERTEX_POINT('',#10629);
#3272=VERTEX_POINT('',#10633);
#3273=VERTEX_POINT('',#10635);
#3274=VERTEX_POINT('',#10639);
#3275=VERTEX_POINT('',#10641);
#3276=VERTEX_POINT('',#10645);
#3277=VERTEX_POINT('',#10647);
#3278=VERTEX_POINT('',#10651);
#3279=VERTEX_POINT('',#10655);
#3280=VERTEX_POINT('',#10661);
#3281=VERTEX_POINT('',#10662);
#3282=VERTEX_POINT('',#10664);
#3283=VERTEX_POINT('',#10666);
#3284=VERTEX_POINT('',#10670);
#3285=VERTEX_POINT('',#10672);
#3286=VERTEX_POINT('',#10676);
#3287=VERTEX_POINT('',#10678);
#3288=VERTEX_POINT('',#10682);
#3289=VERTEX_POINT('',#10684);
#3290=VERTEX_POINT('',#10688);
#3291=VERTEX_POINT('',#10692);
#3292=VERTEX_POINT('',#10698);
#3293=VERTEX_POINT('',#10699);
#3294=VERTEX_POINT('',#10701);
#3295=VERTEX_POINT('',#10703);
#3296=VERTEX_POINT('',#10707);
#3297=VERTEX_POINT('',#10709);
#3298=VERTEX_POINT('',#10713);
#3299=VERTEX_POINT('',#10715);
#3300=VERTEX_POINT('',#10719);
#3301=VERTEX_POINT('',#10721);
#3302=VERTEX_POINT('',#10725);
#3303=VERTEX_POINT('',#10726);
#3304=VERTEX_POINT('',#10735);
#3305=EDGE_CURVE('',#2697,#2698,#889,.T.);
#3306=EDGE_CURVE('',#2699,#2698,#890,.T.);
#3307=EDGE_CURVE('',#2699,#2700,#891,.T.);
#3308=EDGE_CURVE('',#2700,#2697,#892,.T.);
#3309=EDGE_CURVE('',#2701,#2700,#893,.T.);
#3310=EDGE_CURVE('',#2701,#2702,#894,.T.);
#3311=EDGE_CURVE('',#2697,#2702,#895,.T.);
#3312=EDGE_CURVE('',#2703,#2704,#896,.T.);
#3313=EDGE_CURVE('',#2703,#2705,#897,.T.);
#3314=EDGE_CURVE('',#2705,#2706,#898,.T.);
#3315=EDGE_CURVE('',#2704,#2706,#899,.T.);
#3316=EDGE_CURVE('',#2699,#2706,#900,.T.);
#3317=EDGE_CURVE('',#2704,#2698,#901,.T.);
#3318=EDGE_CURVE('',#2703,#2707,#902,.T.);
#3319=EDGE_CURVE('',#2707,#2702,#903,.T.);
#3320=EDGE_CURVE('',#2708,#2701,#904,.T.);
#3321=EDGE_CURVE('',#2708,#2707,#905,.T.);
#3322=EDGE_CURVE('',#2708,#2705,#906,.T.);
#3323=EDGE_CURVE('',#2709,#2710,#907,.T.);
#3324=EDGE_CURVE('',#2711,#2709,#908,.T.);
#3325=EDGE_CURVE('',#2711,#2712,#909,.T.);
#3326=EDGE_CURVE('',#2712,#2710,#910,.T.);
#3327=EDGE_CURVE('',#2713,#2714,#911,.T.);
#3328=EDGE_CURVE('',#2715,#2713,#912,.T.);
#3329=EDGE_CURVE('',#2709,#2715,#913,.T.);
#3330=EDGE_CURVE('',#2716,#2710,#914,.T.);
#3331=EDGE_CURVE('',#2714,#2716,#915,.T.);
#3332=EDGE_CURVE('',#2711,#2717,#916,.T.);
#3333=EDGE_CURVE('',#2717,#2715,#917,.T.);
#3334=EDGE_CURVE('',#2718,#2712,#918,.T.);
#3335=EDGE_CURVE('',#2718,#2716,#919,.T.);
#3336=EDGE_CURVE('',#2719,#2718,#920,.T.);
#3337=EDGE_CURVE('',#2719,#2714,#921,.T.);
#3338=EDGE_CURVE('',#2720,#2719,#922,.T.);
#3339=EDGE_CURVE('',#2720,#2713,#923,.T.);
#3340=EDGE_CURVE('',#2717,#2720,#924,.T.);
#3341=EDGE_CURVE('',#2721,#2722,#925,.T.);
#3342=EDGE_CURVE('',#2723,#2721,#926,.T.);
#3343=EDGE_CURVE('',#2723,#2724,#927,.T.);
#3344=EDGE_CURVE('',#2722,#2724,#928,.T.);
#3345=EDGE_CURVE('',#2725,#2726,#929,.T.);
#3346=EDGE_CURVE('',#2725,#2722,#930,.T.);
#3347=EDGE_CURVE('',#2726,#2724,#931,.T.);
#3348=EDGE_CURVE('',#2727,#2728,#932,.T.);
#3349=EDGE_CURVE('',#2721,#2728,#933,.T.);
#3350=EDGE_CURVE('',#2725,#2729,#934,.T.);
#3351=EDGE_CURVE('',#2729,#2727,#935,.T.);
#3352=EDGE_CURVE('',#2730,#2726,#936,.T.);
#3353=EDGE_CURVE('',#2729,#2730,#937,.T.);
#3354=EDGE_CURVE('',#2731,#2732,#938,.T.);
#3355=EDGE_CURVE('',#2728,#2731,#939,.T.);
#3356=EDGE_CURVE('',#2727,#2732,#940,.T.);
#3357=EDGE_CURVE('',#2723,#2731,#941,.T.);
#3358=EDGE_CURVE('',#2730,#2732,#942,.T.);
#3359=EDGE_CURVE('',#2733,#2734,#943,.T.);
#3360=EDGE_CURVE('',#2735,#2733,#944,.T.);
#3361=EDGE_CURVE('',#2735,#2736,#945,.T.);
#3362=EDGE_CURVE('',#2736,#2734,#946,.T.);
#3363=EDGE_CURVE('',#2734,#2737,#947,.T.);
#3364=EDGE_CURVE('',#2738,#2736,#948,.T.);
#3365=EDGE_CURVE('',#2738,#2737,#949,.T.);
#3366=EDGE_CURVE('',#2739,#2740,#950,.T.);
#3367=EDGE_CURVE('',#2740,#2738,#951,.T.);
#3368=EDGE_CURVE('',#2735,#2741,#952,.T.);
#3369=EDGE_CURVE('',#2739,#2741,#953,.T.);
#3370=EDGE_CURVE('',#2742,#2733,#954,.T.);
#3371=EDGE_CURVE('',#2741,#2742,#955,.T.);
#3372=EDGE_CURVE('',#2740,#2743,#956,.T.);
#3373=EDGE_CURVE('',#2743,#2737,#957,.T.);
#3374=EDGE_CURVE('',#2744,#2742,#958,.T.);
#3375=EDGE_CURVE('',#2743,#2744,#959,.T.);
#3376=EDGE_CURVE('',#2739,#2744,#960,.T.);
#3377=EDGE_CURVE('',#2745,#2746,#961,.T.);
#3378=EDGE_CURVE('',#2746,#2747,#962,.T.);
#3379=EDGE_CURVE('',#2748,#2747,#963,.T.);
#3380=EDGE_CURVE('',#2748,#2745,#964,.T.);
#3381=EDGE_CURVE('',#2749,#2745,#965,.T.);
#3382=EDGE_CURVE('',#2749,#2750,#966,.T.);
#3383=EDGE_CURVE('',#2750,#2746,#967,.T.);
#3384=EDGE_CURVE('',#2751,#2750,#968,.T.);
#3385=EDGE_CURVE('',#2751,#2747,#969,.T.);
#3386=EDGE_CURVE('',#2748,#2752,#970,.T.);
#3387=EDGE_CURVE('',#2752,#2749,#971,.T.);
#3388=EDGE_CURVE('',#2752,#2751,#972,.T.);
#3389=EDGE_CURVE('',#2753,#2754,#973,.T.);
#3390=EDGE_CURVE('',#2755,#2753,#974,.T.);
#3391=EDGE_CURVE('',#2755,#2756,#975,.T.);
#3392=EDGE_CURVE('',#2756,#2754,#976,.T.);
#3393=EDGE_CURVE('',#2757,#2753,#977,.T.);
#3394=EDGE_CURVE('',#2754,#2758,#978,.T.);
#3395=EDGE_CURVE('',#2757,#2758,#979,.T.);
#3396=EDGE_CURVE('',#2759,#2756,#980,.T.);
#3397=EDGE_CURVE('',#2760,#2759,#981,.T.);
#3398=EDGE_CURVE('',#2760,#2761,#982,.T.);
#3399=EDGE_CURVE('',#2758,#2761,#983,.T.);
#3400=EDGE_CURVE('',#2762,#2761,#984,.T.);
#3401=EDGE_CURVE('',#2762,#2757,#985,.T.);
#3402=EDGE_CURVE('',#2763,#2755,#986,.T.);
#3403=EDGE_CURVE('',#2763,#2759,#987,.T.);
#3404=EDGE_CURVE('',#2764,#2760,#988,.T.);
#3405=EDGE_CURVE('',#2762,#2764,#989,.T.);
#3406=EDGE_CURVE('',#2764,#2763,#990,.T.);
#3407=EDGE_CURVE('',#2765,#2766,#991,.T.);
#3408=EDGE_CURVE('',#2766,#2767,#992,.T.);
#3409=EDGE_CURVE('',#2768,#2767,#993,.T.);
#3410=EDGE_CURVE('',#2769,#2768,#994,.T.);
#3411=EDGE_CURVE('',#2769,#2770,#995,.T.);
#3412=EDGE_CURVE('',#2770,#2765,#996,.T.);
#3413=EDGE_CURVE('',#2771,#2768,#997,.T.);
#3414=EDGE_CURVE('',#2771,#2772,#998,.T.);
#3415=EDGE_CURVE('',#2772,#2769,#999,.T.);
#3416=EDGE_CURVE('',#2772,#2773,#1000,.T.);
#3417=EDGE_CURVE('',#2773,#2770,#1001,.T.);
#3418=EDGE_CURVE('',#2774,#2775,#1002,.T.);
#3419=EDGE_CURVE('',#2774,#2767,#1003,.T.);
#3420=EDGE_CURVE('',#2775,#2766,#1004,.T.);
#3421=EDGE_CURVE('',#2771,#2774,#1005,.T.);
#3422=EDGE_CURVE('',#2773,#2776,#1006,.T.);
#3423=EDGE_CURVE('',#2776,#2765,#1007,.T.);
#3424=EDGE_CURVE('',#2775,#2776,#1008,.T.);
#3425=EDGE_CURVE('',#2777,#2778,#1009,.T.);
#3426=EDGE_CURVE('',#2779,#2778,#1010,.T.);
#3427=EDGE_CURVE('',#2780,#2779,#1011,.T.);
#3428=EDGE_CURVE('',#2780,#2777,#1012,.T.);
#3429=EDGE_CURVE('',#2781,#2780,#1013,.T.);
#3430=EDGE_CURVE('',#2781,#2782,#1014,.T.);
#3431=EDGE_CURVE('',#2782,#2777,#1015,.T.);
#3432=EDGE_CURVE('',#2783,#2784,#1016,.T.);
#3433=EDGE_CURVE('',#2783,#2778,#1017,.T.);
#3434=EDGE_CURVE('',#2785,#2782,#1018,.T.);
#3435=EDGE_CURVE('',#2784,#2785,#1019,.T.);
#3436=EDGE_CURVE('',#2786,#2783,#1020,.T.);
#3437=EDGE_CURVE('',#2786,#2779,#1021,.T.);
#3438=EDGE_CURVE('',#2787,#2781,#1022,.T.);
#3439=EDGE_CURVE('',#2787,#2785,#1023,.T.);
#3440=EDGE_CURVE('',#2788,#2786,#1024,.T.);
#3441=EDGE_CURVE('',#2788,#2787,#1025,.T.);
#3442=EDGE_CURVE('',#2788,#2784,#1026,.T.);
#3443=EDGE_CURVE('',#2789,#2790,#1027,.T.);
#3444=EDGE_CURVE('',#2791,#2789,#1028,.T.);
#3445=EDGE_CURVE('',#2791,#2792,#1029,.T.);
#3446=EDGE_CURVE('',#2792,#2790,#1030,.T.);
#3447=EDGE_CURVE('',#2793,#2790,#1031,.T.);
#3448=EDGE_CURVE('',#2794,#2792,#1032,.T.);
#3449=EDGE_CURVE('',#2794,#2793,#1033,.T.);
#3450=EDGE_CURVE('',#2795,#2791,#1034,.T.);
#3451=EDGE_CURVE('',#2794,#2795,#1035,.T.);
#3452=EDGE_CURVE('',#2796,#2793,#1036,.T.);
#3453=EDGE_CURVE('',#2796,#2789,#1037,.T.);
#3454=EDGE_CURVE('',#2795,#2796,#1038,.T.);
#3455=EDGE_CURVE('',#2797,#2798,#1039,.T.);
#3456=EDGE_CURVE('',#2799,#2798,#1040,.T.);
#3457=EDGE_CURVE('',#2800,#2799,#1041,.T.);
#3458=EDGE_CURVE('',#2801,#2800,#1042,.T.);
#3459=EDGE_CURVE('',#2802,#2801,#1043,.T.);
#3460=EDGE_CURVE('',#2797,#2802,#1044,.T.);
#3461=EDGE_CURVE('',#2803,#2804,#1045,.T.);
#3462=EDGE_CURVE('',#2797,#2803,#1046,.T.);
#3463=EDGE_CURVE('',#2804,#2802,#1047,.T.);
#3464=EDGE_CURVE('',#2803,#2805,#1048,.T.);
#3465=EDGE_CURVE('',#2805,#2798,#1049,.T.);
#3466=EDGE_CURVE('',#2800,#2806,#1050,.T.);
#3467=EDGE_CURVE('',#2807,#2806,#1051,.T.);
#3468=EDGE_CURVE('',#2801,#2807,#1052,.T.);
#3469=EDGE_CURVE('',#2804,#2807,#1053,.T.);
#3470=EDGE_CURVE('',#2808,#2799,#1054,.T.);
#3471=EDGE_CURVE('',#2805,#2808,#1055,.T.);
#3472=EDGE_CURVE('',#2806,#2808,#1056,.T.);
#3473=EDGE_CURVE('',#2809,#2810,#1057,.T.);
#3474=EDGE_CURVE('',#2810,#2811,#1058,.T.);
#3475=EDGE_CURVE('',#2812,#2811,#1059,.T.);
#3476=EDGE_CURVE('',#2813,#2812,#1060,.T.);
#3477=EDGE_CURVE('',#2814,#2813,#1061,.T.);
#3478=EDGE_CURVE('',#2809,#2814,#1062,.T.);
#3479=EDGE_CURVE('',#2815,#2816,#1063,.T.);
#3480=EDGE_CURVE('',#2815,#2814,#1064,.T.);
#3481=EDGE_CURVE('',#2816,#2813,#1065,.T.);
#3482=EDGE_CURVE('',#2817,#2815,#1066,.T.);
#3483=EDGE_CURVE('',#2817,#2809,#1067,.T.);
#3484=EDGE_CURVE('',#2818,#2819,#1068,.T.);
#3485=EDGE_CURVE('',#2819,#2811,#1069,.T.);
#3486=EDGE_CURVE('',#2818,#2810,#1070,.T.);
#3487=EDGE_CURVE('',#2820,#2812,#1071,.T.);
#3488=EDGE_CURVE('',#2820,#2819,#1072,.T.);
#3489=EDGE_CURVE('',#2820,#2816,#1073,.T.);
#3490=EDGE_CURVE('',#2818,#2817,#1074,.T.);
#3491=EDGE_CURVE('',#2821,#2822,#1075,.T.);
#3492=EDGE_CURVE('',#2823,#2822,#1076,.T.);
#3493=EDGE_CURVE('',#2823,#2824,#1077,.T.);
#3494=EDGE_CURVE('',#2824,#2821,#1078,.T.);
#3495=EDGE_CURVE('',#2822,#2825,#1079,.T.);
#3496=EDGE_CURVE('',#2826,#2821,#1080,.T.);
#3497=EDGE_CURVE('',#2826,#2827,#1081,.T.);
#3498=EDGE_CURVE('',#2827,#2828,#1082,.T.);
#3499=EDGE_CURVE('',#2828,#2825,#1083,.T.);
#3500=EDGE_CURVE('',#2829,#2824,#1084,.T.);
#3501=EDGE_CURVE('',#2829,#2826,#1085,.T.);
#3502=EDGE_CURVE('',#2830,#2828,#1086,.T.);
#3503=EDGE_CURVE('',#2830,#2831,#1087,.T.);
#3504=EDGE_CURVE('',#2831,#2825,#1088,.T.);
#3505=EDGE_CURVE('',#2823,#2831,#1089,.T.);
#3506=EDGE_CURVE('',#2832,#2829,#1090,.T.);
#3507=EDGE_CURVE('',#2832,#2827,#1091,.T.);
#3508=EDGE_CURVE('',#2832,#2830,#1092,.T.);
#3509=EDGE_CURVE('',#2833,#2834,#1093,.T.);
#3510=EDGE_CURVE('',#2835,#2833,#1094,.T.);
#3511=EDGE_CURVE('',#2835,#2836,#1095,.T.);
#3512=EDGE_CURVE('',#2836,#2834,#1096,.T.);
#3513=EDGE_CURVE('',#2837,#2838,#1097,.T.);
#3514=EDGE_CURVE('',#2839,#2837,#1098,.T.);
#3515=EDGE_CURVE('',#2839,#2833,#1099,.T.);
#3516=EDGE_CURVE('',#2840,#2834,#1100,.T.);
#3517=EDGE_CURVE('',#2840,#2838,#1101,.T.);
#3518=EDGE_CURVE('',#2841,#2839,#1102,.T.);
#3519=EDGE_CURVE('',#2835,#2841,#1103,.T.);
#3520=EDGE_CURVE('',#2842,#2840,#1104,.T.);
#3521=EDGE_CURVE('',#2842,#2843,#1105,.T.);
#3522=EDGE_CURVE('',#2843,#2838,#1106,.T.);
#3523=EDGE_CURVE('',#2844,#2843,#1107,.T.);
#3524=EDGE_CURVE('',#2844,#2837,#1108,.T.);
#3525=EDGE_CURVE('',#2841,#2844,#1109,.T.);
#3526=EDGE_CURVE('',#2836,#2842,#1110,.T.);
#3527=EDGE_CURVE('',#2845,#2845,#64,.T.);
#3528=EDGE_CURVE('',#2845,#2846,#1111,.T.);
#3529=EDGE_CURVE('',#2846,#2846,#60,.T.);
#3530=EDGE_CURVE('',#2847,#2847,#65,.T.);
#3531=EDGE_CURVE('',#2847,#2848,#1112,.T.);
#3532=EDGE_CURVE('',#2848,#2848,#61,.T.);
#3533=EDGE_CURVE('',#2849,#2849,#66,.T.);
#3534=EDGE_CURVE('',#2849,#2850,#1113,.T.);
#3535=EDGE_CURVE('',#2850,#2850,#62,.T.);
#3536=EDGE_CURVE('',#2851,#2851,#67,.T.);
#3537=EDGE_CURVE('',#2851,#2852,#1114,.T.);
#3538=EDGE_CURVE('',#2852,#2852,#63,.T.);
#3539=EDGE_CURVE('',#2853,#2854,#1115,.T.);
#3540=EDGE_CURVE('',#2855,#2853,#1116,.T.);
#3541=EDGE_CURVE('',#2856,#2855,#1117,.T.);
#3542=EDGE_CURVE('',#2854,#2856,#1118,.T.);
#3543=EDGE_CURVE('',#2855,#2857,#1119,.T.);
#3544=EDGE_CURVE('',#2857,#2858,#1120,.T.);
#3545=EDGE_CURVE('',#2858,#2856,#1121,.T.);
#3546=EDGE_CURVE('',#2859,#2853,#1122,.T.);
#3547=EDGE_CURVE('',#2857,#2859,#1123,.T.);
#3548=EDGE_CURVE('',#2860,#2861,#1124,.T.);
#3549=EDGE_CURVE('',#2860,#2862,#1125,.T.);
#3550=EDGE_CURVE('',#2863,#2862,#1126,.T.);
#3551=EDGE_CURVE('',#2861,#2863,#1127,.T.);
#3552=EDGE_CURVE('',#2864,#2860,#1128,.T.);
#3553=EDGE_CURVE('',#2864,#2865,#1129,.T.);
#3554=EDGE_CURVE('',#2865,#2862,#1130,.T.);
#3555=EDGE_CURVE('',#2866,#2864,#1131,.T.);
#3556=EDGE_CURVE('',#2866,#2867,#1132,.T.);
#3557=EDGE_CURVE('',#2865,#2867,#1133,.T.);
#3558=EDGE_CURVE('',#2868,#2867,#1134,.T.);
#3559=EDGE_CURVE('',#2869,#2868,#1135,.T.);
#3560=EDGE_CURVE('',#2869,#2863,#1136,.T.);
#3561=EDGE_CURVE('',#2861,#2870,#1137,.T.);
#3562=EDGE_CURVE('',#2870,#2869,#1138,.T.);
#3563=EDGE_CURVE('',#2871,#2866,#1139,.T.);
#3564=EDGE_CURVE('',#2871,#2868,#1140,.T.);
#3565=EDGE_CURVE('',#2870,#2871,#1141,.T.);
#3566=EDGE_CURVE('',#2872,#2873,#1142,.T.);
#3567=EDGE_CURVE('',#2872,#2874,#1143,.T.);
#3568=EDGE_CURVE('',#2874,#2875,#1144,.T.);
#3569=EDGE_CURVE('',#2873,#2875,#1145,.T.);
#3570=EDGE_CURVE('',#2876,#2872,#1146,.T.);
#3571=EDGE_CURVE('',#2877,#2876,#1147,.T.);
#3572=EDGE_CURVE('',#2877,#2874,#1148,.T.);
#3573=EDGE_CURVE('',#2878,#2876,#1149,.T.);
#3574=EDGE_CURVE('',#2879,#2878,#1150,.T.);
#3575=EDGE_CURVE('',#2877,#2879,#1151,.T.);
#3576=EDGE_CURVE('',#2880,#2881,#1152,.T.);
#3577=EDGE_CURVE('',#2880,#2882,#1153,.T.);
#3578=EDGE_CURVE('',#2882,#2883,#1154,.T.);
#3579=EDGE_CURVE('',#2881,#2883,#1155,.T.);
#3580=EDGE_CURVE('',#2873,#2880,#1156,.T.);
#3581=EDGE_CURVE('',#2882,#2875,#1157,.T.);
#3582=EDGE_CURVE('',#2881,#2878,#1158,.T.);
#3583=EDGE_CURVE('',#2879,#2883,#1159,.T.);
#3584=EDGE_CURVE('',#2884,#2885,#1160,.T.);
#3585=EDGE_CURVE('',#2884,#2886,#1161,.T.);
#3586=EDGE_CURVE('',#2887,#2886,#1162,.T.);
#3587=EDGE_CURVE('',#2885,#2887,#1163,.T.);
#3588=EDGE_CURVE('',#2888,#2884,#1164,.T.);
#3589=EDGE_CURVE('',#2888,#2889,#1165,.T.);
#3590=EDGE_CURVE('',#2886,#2889,#1166,.T.);
#3591=EDGE_CURVE('',#2890,#2888,#1167,.T.);
#3592=EDGE_CURVE('',#2890,#2891,#1168,.T.);
#3593=EDGE_CURVE('',#2889,#2891,#1169,.T.);
#3594=EDGE_CURVE('',#2892,#2893,#1170,.T.);
#3595=EDGE_CURVE('',#2892,#2894,#1171,.T.);
#3596=EDGE_CURVE('',#2894,#2895,#1172,.T.);
#3597=EDGE_CURVE('',#2893,#2895,#1173,.T.);
#3598=EDGE_CURVE('',#2895,#2891,#1174,.T.);
#3599=EDGE_CURVE('',#2887,#2894,#1175,.T.);
#3600=EDGE_CURVE('',#2885,#2892,#1176,.T.);
#3601=EDGE_CURVE('',#2893,#2890,#1177,.T.);
#3602=EDGE_CURVE('',#2896,#2897,#1178,.T.);
#3603=EDGE_CURVE('',#2896,#2898,#1179,.T.);
#3604=EDGE_CURVE('',#2898,#2899,#1180,.T.);
#3605=EDGE_CURVE('',#2897,#2899,#1181,.T.);
#3606=EDGE_CURVE('',#2900,#2896,#1182,.T.);
#3607=EDGE_CURVE('',#2900,#2901,#1183,.T.);
#3608=EDGE_CURVE('',#2901,#2898,#1184,.T.);
#3609=EDGE_CURVE('',#2902,#2900,#1185,.T.);
#3610=EDGE_CURVE('',#2902,#2903,#1186,.T.);
#3611=EDGE_CURVE('',#2901,#2903,#1187,.T.);
#3612=EDGE_CURVE('',#2899,#2904,#1188,.T.);
#3613=EDGE_CURVE('',#2905,#2903,#1189,.T.);
#3614=EDGE_CURVE('',#2904,#2905,#1190,.T.);
#3615=EDGE_CURVE('',#2906,#2902,#1191,.T.);
#3616=EDGE_CURVE('',#2906,#2905,#1192,.T.);
#3617=EDGE_CURVE('',#2907,#2906,#1193,.T.);
#3618=EDGE_CURVE('',#2907,#2904,#1194,.T.);
#3619=EDGE_CURVE('',#2897,#2907,#1195,.T.);
#3620=EDGE_CURVE('',#2908,#2909,#1196,.T.);
#3621=EDGE_CURVE('',#2908,#2910,#1197,.T.);
#3622=EDGE_CURVE('',#2910,#2911,#1198,.T.);
#3623=EDGE_CURVE('',#2909,#2911,#1199,.T.);
#3624=EDGE_CURVE('',#2912,#2908,#1200,.T.);
#3625=EDGE_CURVE('',#2912,#2913,#1201,.T.);
#3626=EDGE_CURVE('',#2910,#2913,#1202,.T.);
#3627=EDGE_CURVE('',#2914,#2912,#1203,.T.);
#3628=EDGE_CURVE('',#2914,#2915,#1204,.T.);
#3629=EDGE_CURVE('',#2913,#2915,#1205,.T.);
#3630=EDGE_CURVE('',#2916,#2915,#1206,.T.);
#3631=EDGE_CURVE('',#2917,#2916,#1207,.T.);
#3632=EDGE_CURVE('',#2911,#2917,#1208,.T.);
#3633=EDGE_CURVE('',#2909,#2918,#1209,.T.);
#3634=EDGE_CURVE('',#2918,#2917,#1210,.T.);
#3635=EDGE_CURVE('',#2919,#2914,#1211,.T.);
#3636=EDGE_CURVE('',#2919,#2916,#1212,.T.);
#3637=EDGE_CURVE('',#2918,#2919,#1213,.T.);
#3638=EDGE_CURVE('',#2920,#2921,#1214,.T.);
#3639=EDGE_CURVE('',#2922,#2920,#1215,.T.);
#3640=EDGE_CURVE('',#2922,#2923,#1216,.T.);
#3641=EDGE_CURVE('',#2921,#2923,#1217,.T.);
#3642=EDGE_CURVE('',#2924,#2920,#1218,.T.);
#3643=EDGE_CURVE('',#2924,#2925,#1219,.T.);
#3644=EDGE_CURVE('',#2922,#2925,#1220,.T.);
#3645=EDGE_CURVE('',#2926,#2924,#1221,.T.);
#3646=EDGE_CURVE('',#2926,#2927,#1222,.T.);
#3647=EDGE_CURVE('',#2925,#2927,#1223,.T.);
#3648=EDGE_CURVE('',#2921,#2928,#1224,.T.);
#3649=EDGE_CURVE('',#2929,#2923,#1225,.T.);
#3650=EDGE_CURVE('',#2928,#2929,#1226,.T.);
#3651=EDGE_CURVE('',#2928,#2930,#1227,.T.);
#3652=EDGE_CURVE('',#2931,#2929,#1228,.T.);
#3653=EDGE_CURVE('',#2930,#2931,#1229,.T.);
#3654=EDGE_CURVE('',#2931,#2927,#1230,.T.);
#3655=EDGE_CURVE('',#2930,#2926,#1231,.T.);
#3656=EDGE_CURVE('',#2932,#2933,#1232,.T.);
#3657=EDGE_CURVE('',#2932,#2934,#1233,.T.);
#3658=EDGE_CURVE('',#2934,#2935,#1234,.T.);
#3659=EDGE_CURVE('',#2933,#2935,#1235,.T.);
#3660=EDGE_CURVE('',#2936,#2932,#1236,.T.);
#3661=EDGE_CURVE('',#2937,#2936,#1237,.T.);
#3662=EDGE_CURVE('',#2937,#2934,#1238,.T.);
#3663=EDGE_CURVE('',#2938,#2936,#1239,.T.);
#3664=EDGE_CURVE('',#2939,#2938,#1240,.T.);
#3665=EDGE_CURVE('',#2939,#2937,#1241,.T.);
#3666=EDGE_CURVE('',#2940,#2935,#1242,.T.);
#3667=EDGE_CURVE('',#2941,#2939,#1243,.T.);
#3668=EDGE_CURVE('',#2940,#2941,#1244,.T.);
#3669=EDGE_CURVE('',#2942,#2943,#1245,.T.);
#3670=EDGE_CURVE('',#2940,#2942,#1246,.T.);
#3671=EDGE_CURVE('',#2943,#2941,#1247,.T.);
#3672=EDGE_CURVE('',#2933,#2942,#1248,.T.);
#3673=EDGE_CURVE('',#2943,#2938,#1249,.T.);
#3674=EDGE_CURVE('',#2944,#2945,#1250,.T.);
#3675=EDGE_CURVE('',#2944,#2946,#1251,.T.);
#3676=EDGE_CURVE('',#2947,#2946,#1252,.T.);
#3677=EDGE_CURVE('',#2945,#2947,#1253,.T.);
#3678=EDGE_CURVE('',#2948,#2944,#1254,.T.);
#3679=EDGE_CURVE('',#2948,#2949,#1255,.T.);
#3680=EDGE_CURVE('',#2946,#2949,#1256,.T.);
#3681=EDGE_CURVE('',#2950,#2948,#1257,.T.);
#3682=EDGE_CURVE('',#2950,#2951,#1258,.T.);
#3683=EDGE_CURVE('',#2949,#2951,#1259,.T.);
#3684=EDGE_CURVE('',#2952,#2950,#1260,.T.);
#3685=EDGE_CURVE('',#2952,#2953,#1261,.T.);
#3686=EDGE_CURVE('',#2951,#2953,#1262,.T.);
#3687=EDGE_CURVE('',#2954,#2952,#1263,.T.);
#3688=EDGE_CURVE('',#2954,#2955,#1264,.T.);
#3689=EDGE_CURVE('',#2955,#2953,#1265,.T.);
#3690=EDGE_CURVE('',#2955,#2947,#1266,.T.);
#3691=EDGE_CURVE('',#2945,#2954,#1267,.T.);
#3692=EDGE_CURVE('',#2956,#2957,#1268,.T.);
#3693=EDGE_CURVE('',#2956,#2958,#1269,.T.);
#3694=EDGE_CURVE('',#2959,#2958,#1270,.T.);
#3695=EDGE_CURVE('',#2957,#2959,#1271,.T.);
#3696=EDGE_CURVE('',#2960,#2956,#1272,.T.);
#3697=EDGE_CURVE('',#2960,#2961,#1273,.T.);
#3698=EDGE_CURVE('',#2958,#2961,#1274,.T.);
#3699=EDGE_CURVE('',#2962,#2961,#1275,.T.);
#3700=EDGE_CURVE('',#2959,#2962,#1276,.T.);
#3701=EDGE_CURVE('',#2963,#2960,#1277,.T.);
#3702=EDGE_CURVE('',#2963,#2962,#1278,.T.);
#3703=EDGE_CURVE('',#2957,#2963,#1279,.T.);
#3704=EDGE_CURVE('',#2964,#2965,#1280,.T.);
#3705=EDGE_CURVE('',#2964,#2966,#1281,.T.);
#3706=EDGE_CURVE('',#2967,#2966,#1282,.T.);
#3707=EDGE_CURVE('',#2967,#2965,#1283,.T.);
#3708=EDGE_CURVE('',#2968,#2964,#1284,.T.);
#3709=EDGE_CURVE('',#2968,#2969,#1285,.T.);
#3710=EDGE_CURVE('',#2966,#2969,#1286,.T.);
#3711=EDGE_CURVE('',#2969,#2970,#1287,.T.);
#3712=EDGE_CURVE('',#2967,#2970,#1288,.T.);
#3713=EDGE_CURVE('',#2971,#2968,#1289,.T.);
#3714=EDGE_CURVE('',#2971,#2970,#1290,.T.);
#3715=EDGE_CURVE('',#2965,#2971,#1291,.T.);
#3716=EDGE_CURVE('',#2972,#2973,#1292,.T.);
#3717=EDGE_CURVE('',#2972,#2974,#1293,.T.);
#3718=EDGE_CURVE('',#2974,#2975,#1294,.T.);
#3719=EDGE_CURVE('',#2973,#2975,#1295,.T.);
#3720=EDGE_CURVE('',#2976,#2972,#1296,.T.);
#3721=EDGE_CURVE('',#2976,#2977,#1297,.T.);
#3722=EDGE_CURVE('',#2974,#2977,#1298,.T.);
#3723=EDGE_CURVE('',#2978,#2976,#1299,.T.);
#3724=EDGE_CURVE('',#2978,#2979,#1300,.T.);
#3725=EDGE_CURVE('',#2979,#2977,#1301,.T.);
#3726=EDGE_CURVE('',#2980,#2978,#1302,.T.);
#3727=EDGE_CURVE('',#2980,#2981,#1303,.T.);
#3728=EDGE_CURVE('',#2981,#2979,#1304,.T.);
#3729=EDGE_CURVE('',#2982,#2981,#1305,.T.);
#3730=EDGE_CURVE('',#2975,#2982,#1306,.T.);
#3731=EDGE_CURVE('',#2983,#2980,#1307,.T.);
#3732=EDGE_CURVE('',#2983,#2982,#1308,.T.);
#3733=EDGE_CURVE('',#2973,#2983,#1309,.T.);
#3734=EDGE_CURVE('',#2984,#2985,#1310,.T.);
#3735=EDGE_CURVE('',#2984,#2986,#1311,.T.);
#3736=EDGE_CURVE('',#2986,#2987,#1312,.T.);
#3737=EDGE_CURVE('',#2985,#2987,#1313,.T.);
#3738=EDGE_CURVE('',#2988,#2984,#1314,.T.);
#3739=EDGE_CURVE('',#2988,#2989,#1315,.T.);
#3740=EDGE_CURVE('',#2989,#2986,#1316,.T.);
#3741=EDGE_CURVE('',#2990,#2988,#1317,.T.);
#3742=EDGE_CURVE('',#2990,#2991,#1318,.T.);
#3743=EDGE_CURVE('',#2991,#2989,#1319,.T.);
#3744=EDGE_CURVE('',#2992,#2991,#1320,.T.);
#3745=EDGE_CURVE('',#2993,#2992,#1321,.T.);
#3746=EDGE_CURVE('',#2993,#2987,#1322,.T.);
#3747=EDGE_CURVE('',#2994,#2990,#1323,.T.);
#3748=EDGE_CURVE('',#2994,#2992,#1324,.T.);
#3749=EDGE_CURVE('',#2985,#2995,#1325,.T.);
#3750=EDGE_CURVE('',#2995,#2993,#1326,.T.);
#3751=EDGE_CURVE('',#2995,#2994,#1327,.T.);
#3752=EDGE_CURVE('',#2996,#2997,#1328,.T.);
#3753=EDGE_CURVE('',#2996,#2998,#1329,.T.);
#3754=EDGE_CURVE('',#2999,#2998,#1330,.T.);
#3755=EDGE_CURVE('',#2997,#2999,#1331,.T.);
#3756=EDGE_CURVE('',#3000,#2996,#1332,.T.);
#3757=EDGE_CURVE('',#3000,#3001,#1333,.T.);
#3758=EDGE_CURVE('',#2998,#3001,#1334,.T.);
#3759=EDGE_CURVE('',#3002,#3000,#1335,.T.);
#3760=EDGE_CURVE('',#3002,#3003,#1336,.T.);
#3761=EDGE_CURVE('',#3001,#3003,#1337,.T.);
#3762=EDGE_CURVE('',#3004,#3003,#1338,.T.);
#3763=EDGE_CURVE('',#3005,#3004,#1339,.T.);
#3764=EDGE_CURVE('',#3005,#2999,#1340,.T.);
#3765=EDGE_CURVE('',#3006,#3007,#1341,.T.);
#3766=EDGE_CURVE('',#3006,#3005,#1342,.T.);
#3767=EDGE_CURVE('',#3007,#3004,#1343,.T.);
#3768=EDGE_CURVE('',#2997,#3006,#1344,.T.);
#3769=EDGE_CURVE('',#3007,#3002,#1345,.T.);
#3770=EDGE_CURVE('',#3008,#3009,#1346,.T.);
#3771=EDGE_CURVE('',#3008,#3010,#1347,.T.);
#3772=EDGE_CURVE('',#3011,#3010,#1348,.T.);
#3773=EDGE_CURVE('',#3009,#3011,#1349,.T.);
#3774=EDGE_CURVE('',#3012,#3008,#1350,.T.);
#3775=EDGE_CURVE('',#3012,#3013,#1351,.T.);
#3776=EDGE_CURVE('',#3013,#3010,#1352,.T.);
#3777=EDGE_CURVE('',#3014,#3012,#1353,.T.);
#3778=EDGE_CURVE('',#3014,#3015,#1354,.T.);
#3779=EDGE_CURVE('',#3013,#3015,#1355,.T.);
#3780=EDGE_CURVE('',#3016,#3015,#1356,.T.);
#3781=EDGE_CURVE('',#3017,#3016,#1357,.T.);
#3782=EDGE_CURVE('',#3017,#3011,#1358,.T.);
#3783=EDGE_CURVE('',#3009,#3018,#1359,.T.);
#3784=EDGE_CURVE('',#3018,#3017,#1360,.T.);
#3785=EDGE_CURVE('',#3019,#3014,#1361,.T.);
#3786=EDGE_CURVE('',#3019,#3016,#1362,.T.);
#3787=EDGE_CURVE('',#3018,#3019,#1363,.T.);
#3788=EDGE_CURVE('',#3020,#3021,#1364,.T.);
#3789=EDGE_CURVE('',#3020,#3022,#1365,.T.);
#3790=EDGE_CURVE('',#3022,#3023,#1366,.T.);
#3791=EDGE_CURVE('',#3021,#3023,#1367,.T.);
#3792=EDGE_CURVE('',#3024,#3020,#1368,.T.);
#3793=EDGE_CURVE('',#3025,#3024,#1369,.T.);
#3794=EDGE_CURVE('',#3025,#3022,#1370,.T.);
#3795=EDGE_CURVE('',#3026,#3024,#1371,.T.);
#3796=EDGE_CURVE('',#3027,#3026,#1372,.T.);
#3797=EDGE_CURVE('',#3025,#3027,#1373,.T.);
#3798=EDGE_CURVE('',#3028,#3029,#1374,.T.);
#3799=EDGE_CURVE('',#3028,#3030,#1375,.T.);
#3800=EDGE_CURVE('',#3030,#3031,#1376,.T.);
#3801=EDGE_CURVE('',#3029,#3031,#1377,.T.);
#3802=EDGE_CURVE('',#3021,#3028,#1378,.T.);
#3803=EDGE_CURVE('',#3030,#3023,#1379,.T.);
#3804=EDGE_CURVE('',#3029,#3026,#1380,.T.);
#3805=EDGE_CURVE('',#3027,#3031,#1381,.T.);
#3806=EDGE_CURVE('',#3032,#3033,#1382,.T.);
#3807=EDGE_CURVE('',#3032,#3034,#1383,.T.);
#3808=EDGE_CURVE('',#3035,#3034,#1384,.T.);
#3809=EDGE_CURVE('',#3033,#3035,#1385,.T.);
#3810=EDGE_CURVE('',#3036,#3032,#1386,.T.);
#3811=EDGE_CURVE('',#3036,#3037,#1387,.T.);
#3812=EDGE_CURVE('',#3034,#3037,#1388,.T.);
#3813=EDGE_CURVE('',#3038,#3036,#1389,.T.);
#3814=EDGE_CURVE('',#3038,#3039,#1390,.T.);
#3815=EDGE_CURVE('',#3037,#3039,#1391,.T.);
#3816=EDGE_CURVE('',#3040,#3041,#1392,.T.);
#3817=EDGE_CURVE('',#3040,#3042,#1393,.T.);
#3818=EDGE_CURVE('',#3042,#3043,#1394,.T.);
#3819=EDGE_CURVE('',#3041,#3043,#1395,.T.);
#3820=EDGE_CURVE('',#3043,#3039,#1396,.T.);
#3821=EDGE_CURVE('',#3035,#3042,#1397,.T.);
#3822=EDGE_CURVE('',#3033,#3040,#1398,.T.);
#3823=EDGE_CURVE('',#3041,#3038,#1399,.T.);
#3824=EDGE_CURVE('',#3044,#3045,#1400,.T.);
#3825=EDGE_CURVE('',#3044,#3046,#1401,.T.);
#3826=EDGE_CURVE('',#3046,#3047,#1402,.T.);
#3827=EDGE_CURVE('',#3045,#3047,#1403,.T.);
#3828=EDGE_CURVE('',#3048,#3044,#1404,.T.);
#3829=EDGE_CURVE('',#3048,#3049,#1405,.T.);
#3830=EDGE_CURVE('',#3049,#3046,#1406,.T.);
#3831=EDGE_CURVE('',#3050,#3048,#1407,.T.);
#3832=EDGE_CURVE('',#3050,#3051,#1408,.T.);
#3833=EDGE_CURVE('',#3049,#3051,#1409,.T.);
#3834=EDGE_CURVE('',#3047,#3052,#1410,.T.);
#3835=EDGE_CURVE('',#3053,#3051,#1411,.T.);
#3836=EDGE_CURVE('',#3052,#3053,#1412,.T.);
#3837=EDGE_CURVE('',#3054,#3050,#1413,.T.);
#3838=EDGE_CURVE('',#3054,#3053,#1414,.T.);
#3839=EDGE_CURVE('',#3055,#3054,#1415,.T.);
#3840=EDGE_CURVE('',#3055,#3052,#1416,.T.);
#3841=EDGE_CURVE('',#3045,#3055,#1417,.T.);
#3842=EDGE_CURVE('',#3056,#3057,#1418,.T.);
#3843=EDGE_CURVE('',#3056,#3058,#1419,.T.);
#3844=EDGE_CURVE('',#3058,#3059,#1420,.T.);
#3845=EDGE_CURVE('',#3057,#3059,#1421,.T.);
#3846=EDGE_CURVE('',#3060,#3056,#1422,.T.);
#3847=EDGE_CURVE('',#3060,#3061,#1423,.T.);
#3848=EDGE_CURVE('',#3058,#3061,#1424,.T.);
#3849=EDGE_CURVE('',#3062,#3060,#1425,.T.);
#3850=EDGE_CURVE('',#3062,#3063,#1426,.T.);
#3851=EDGE_CURVE('',#3061,#3063,#1427,.T.);
#3852=EDGE_CURVE('',#3064,#3063,#1428,.T.);
#3853=EDGE_CURVE('',#3065,#3064,#1429,.T.);
#3854=EDGE_CURVE('',#3059,#3065,#1430,.T.);
#3855=EDGE_CURVE('',#3057,#3066,#1431,.T.);
#3856=EDGE_CURVE('',#3066,#3065,#1432,.T.);
#3857=EDGE_CURVE('',#3067,#3062,#1433,.T.);
#3858=EDGE_CURVE('',#3067,#3064,#1434,.T.);
#3859=EDGE_CURVE('',#3066,#3067,#1435,.T.);
#3860=EDGE_CURVE('',#3068,#3069,#1436,.T.);
#3861=EDGE_CURVE('',#3070,#3068,#1437,.T.);
#3862=EDGE_CURVE('',#3070,#3071,#1438,.T.);
#3863=EDGE_CURVE('',#3069,#3071,#1439,.T.);
#3864=EDGE_CURVE('',#3072,#3068,#1440,.T.);
#3865=EDGE_CURVE('',#3072,#3073,#1441,.T.);
#3866=EDGE_CURVE('',#3070,#3073,#1442,.T.);
#3867=EDGE_CURVE('',#3074,#3072,#1443,.T.);
#3868=EDGE_CURVE('',#3074,#3075,#1444,.T.);
#3869=EDGE_CURVE('',#3073,#3075,#1445,.T.);
#3870=EDGE_CURVE('',#3069,#3076,#1446,.T.);
#3871=EDGE_CURVE('',#3077,#3071,#1447,.T.);
#3872=EDGE_CURVE('',#3076,#3077,#1448,.T.);
#3873=EDGE_CURVE('',#3076,#3078,#1449,.T.);
#3874=EDGE_CURVE('',#3079,#3077,#1450,.T.);
#3875=EDGE_CURVE('',#3078,#3079,#1451,.T.);
#3876=EDGE_CURVE('',#3079,#3075,#1452,.T.);
#3877=EDGE_CURVE('',#3078,#3074,#1453,.T.);
#3878=EDGE_CURVE('',#3080,#3081,#1454,.T.);
#3879=EDGE_CURVE('',#3080,#3082,#1455,.T.);
#3880=EDGE_CURVE('',#3082,#3083,#1456,.T.);
#3881=EDGE_CURVE('',#3081,#3083,#1457,.T.);
#3882=EDGE_CURVE('',#3084,#3080,#1458,.T.);
#3883=EDGE_CURVE('',#3085,#3084,#1459,.T.);
#3884=EDGE_CURVE('',#3085,#3082,#1460,.T.);
#3885=EDGE_CURVE('',#3086,#3084,#1461,.T.);
#3886=EDGE_CURVE('',#3087,#3086,#1462,.T.);
#3887=EDGE_CURVE('',#3087,#3085,#1463,.T.);
#3888=EDGE_CURVE('',#3088,#3083,#1464,.T.);
#3889=EDGE_CURVE('',#3089,#3087,#1465,.T.);
#3890=EDGE_CURVE('',#3088,#3089,#1466,.T.);
#3891=EDGE_CURVE('',#3090,#3091,#1467,.T.);
#3892=EDGE_CURVE('',#3088,#3090,#1468,.T.);
#3893=EDGE_CURVE('',#3091,#3089,#1469,.T.);
#3894=EDGE_CURVE('',#3081,#3090,#1470,.T.);
#3895=EDGE_CURVE('',#3091,#3086,#1471,.T.);
#3896=EDGE_CURVE('',#3092,#3093,#1472,.T.);
#3897=EDGE_CURVE('',#3092,#3094,#1473,.T.);
#3898=EDGE_CURVE('',#3095,#3094,#1474,.T.);
#3899=EDGE_CURVE('',#3093,#3095,#1475,.T.);
#3900=EDGE_CURVE('',#3096,#3092,#1476,.T.);
#3901=EDGE_CURVE('',#3096,#3097,#1477,.T.);
#3902=EDGE_CURVE('',#3094,#3097,#1478,.T.);
#3903=EDGE_CURVE('',#3098,#3096,#1479,.T.);
#3904=EDGE_CURVE('',#3098,#3099,#1480,.T.);
#3905=EDGE_CURVE('',#3097,#3099,#1481,.T.);
#3906=EDGE_CURVE('',#3100,#3098,#1482,.T.);
#3907=EDGE_CURVE('',#3100,#3101,#1483,.T.);
#3908=EDGE_CURVE('',#3099,#3101,#1484,.T.);
#3909=EDGE_CURVE('',#3102,#3100,#1485,.T.);
#3910=EDGE_CURVE('',#3102,#3103,#1486,.T.);
#3911=EDGE_CURVE('',#3103,#3101,#1487,.T.);
#3912=EDGE_CURVE('',#3103,#3095,#1488,.T.);
#3913=EDGE_CURVE('',#3093,#3102,#1489,.T.);
#3914=EDGE_CURVE('',#3104,#3105,#1490,.T.);
#3915=EDGE_CURVE('',#3104,#3106,#1491,.T.);
#3916=EDGE_CURVE('',#3107,#3106,#1492,.T.);
#3917=EDGE_CURVE('',#3105,#3107,#1493,.T.);
#3918=EDGE_CURVE('',#3108,#3104,#1494,.T.);
#3919=EDGE_CURVE('',#3108,#3109,#1495,.T.);
#3920=EDGE_CURVE('',#3106,#3109,#1496,.T.);
#3921=EDGE_CURVE('',#3110,#3109,#1497,.T.);
#3922=EDGE_CURVE('',#3107,#3110,#1498,.T.);
#3923=EDGE_CURVE('',#3111,#3108,#1499,.T.);
#3924=EDGE_CURVE('',#3111,#3110,#1500,.T.);
#3925=EDGE_CURVE('',#3105,#3111,#1501,.T.);
#3926=EDGE_CURVE('',#3112,#3113,#1502,.T.);
#3927=EDGE_CURVE('',#3112,#3114,#1503,.T.);
#3928=EDGE_CURVE('',#3115,#3114,#1504,.T.);
#3929=EDGE_CURVE('',#3115,#3113,#1505,.T.);
#3930=EDGE_CURVE('',#3116,#3112,#1506,.T.);
#3931=EDGE_CURVE('',#3116,#3117,#1507,.T.);
#3932=EDGE_CURVE('',#3114,#3117,#1508,.T.);
#3933=EDGE_CURVE('',#3117,#3118,#1509,.T.);
#3934=EDGE_CURVE('',#3115,#3118,#1510,.T.);
#3935=EDGE_CURVE('',#3119,#3116,#1511,.T.);
#3936=EDGE_CURVE('',#3119,#3118,#1512,.T.);
#3937=EDGE_CURVE('',#3113,#3119,#1513,.T.);
#3938=EDGE_CURVE('',#3120,#3121,#1514,.T.);
#3939=EDGE_CURVE('',#3120,#3122,#1515,.T.);
#3940=EDGE_CURVE('',#3122,#3123,#1516,.T.);
#3941=EDGE_CURVE('',#3121,#3123,#1517,.T.);
#3942=EDGE_CURVE('',#3124,#3120,#1518,.T.);
#3943=EDGE_CURVE('',#3124,#3125,#1519,.T.);
#3944=EDGE_CURVE('',#3122,#3125,#1520,.T.);
#3945=EDGE_CURVE('',#3126,#3124,#1521,.T.);
#3946=EDGE_CURVE('',#3126,#3127,#1522,.T.);
#3947=EDGE_CURVE('',#3127,#3125,#1523,.T.);
#3948=EDGE_CURVE('',#3128,#3126,#1524,.T.);
#3949=EDGE_CURVE('',#3128,#3129,#1525,.T.);
#3950=EDGE_CURVE('',#3129,#3127,#1526,.T.);
#3951=EDGE_CURVE('',#3130,#3129,#1527,.T.);
#3952=EDGE_CURVE('',#3123,#3130,#1528,.T.);
#3953=EDGE_CURVE('',#3131,#3128,#1529,.T.);
#3954=EDGE_CURVE('',#3131,#3130,#1530,.T.);
#3955=EDGE_CURVE('',#3121,#3131,#1531,.T.);
#3956=EDGE_CURVE('',#3132,#3133,#1532,.T.);
#3957=EDGE_CURVE('',#3132,#3134,#1533,.T.);
#3958=EDGE_CURVE('',#3134,#3135,#1534,.T.);
#3959=EDGE_CURVE('',#3133,#3135,#1535,.T.);
#3960=EDGE_CURVE('',#3136,#3132,#1536,.T.);
#3961=EDGE_CURVE('',#3136,#3137,#1537,.T.);
#3962=EDGE_CURVE('',#3137,#3134,#1538,.T.);
#3963=EDGE_CURVE('',#3138,#3136,#1539,.T.);
#3964=EDGE_CURVE('',#3138,#3139,#1540,.T.);
#3965=EDGE_CURVE('',#3139,#3137,#1541,.T.);
#3966=EDGE_CURVE('',#3140,#3139,#1542,.T.);
#3967=EDGE_CURVE('',#3141,#3140,#1543,.T.);
#3968=EDGE_CURVE('',#3141,#3135,#1544,.T.);
#3969=EDGE_CURVE('',#3142,#3138,#1545,.T.);
#3970=EDGE_CURVE('',#3142,#3140,#1546,.T.);
#3971=EDGE_CURVE('',#3133,#3143,#1547,.T.);
#3972=EDGE_CURVE('',#3143,#3141,#1548,.T.);
#3973=EDGE_CURVE('',#3143,#3142,#1549,.T.);
#3974=EDGE_CURVE('',#3144,#3145,#1550,.T.);
#3975=EDGE_CURVE('',#3144,#3146,#1551,.T.);
#3976=EDGE_CURVE('',#3147,#3146,#1552,.T.);
#3977=EDGE_CURVE('',#3145,#3147,#1553,.T.);
#3978=EDGE_CURVE('',#3148,#3144,#1554,.T.);
#3979=EDGE_CURVE('',#3148,#3149,#1555,.T.);
#3980=EDGE_CURVE('',#3146,#3149,#1556,.T.);
#3981=EDGE_CURVE('',#3150,#3148,#1557,.T.);
#3982=EDGE_CURVE('',#3150,#3151,#1558,.T.);
#3983=EDGE_CURVE('',#3149,#3151,#1559,.T.);
#3984=EDGE_CURVE('',#3152,#3151,#1560,.T.);
#3985=EDGE_CURVE('',#3153,#3152,#1561,.T.);
#3986=EDGE_CURVE('',#3153,#3147,#1562,.T.);
#3987=EDGE_CURVE('',#3154,#3155,#1563,.T.);
#3988=EDGE_CURVE('',#3154,#3153,#1564,.T.);
#3989=EDGE_CURVE('',#3155,#3152,#1565,.T.);
#3990=EDGE_CURVE('',#3145,#3154,#1566,.T.);
#3991=EDGE_CURVE('',#3155,#3150,#1567,.T.);
#3992=EDGE_CURVE('',#3156,#3157,#1568,.T.);
#3993=EDGE_CURVE('',#3156,#3158,#1569,.T.);
#3994=EDGE_CURVE('',#3159,#3158,#1570,.T.);
#3995=EDGE_CURVE('',#3157,#3159,#1571,.T.);
#3996=EDGE_CURVE('',#3160,#3156,#1572,.T.);
#3997=EDGE_CURVE('',#3160,#3161,#1573,.T.);
#3998=EDGE_CURVE('',#3161,#3158,#1574,.T.);
#3999=EDGE_CURVE('',#3162,#3160,#1575,.T.);
#4000=EDGE_CURVE('',#3162,#3163,#1576,.T.);
#4001=EDGE_CURVE('',#3161,#3163,#1577,.T.);
#4002=EDGE_CURVE('',#3164,#3163,#1578,.T.);
#4003=EDGE_CURVE('',#3165,#3164,#1579,.T.);
#4004=EDGE_CURVE('',#3165,#3159,#1580,.T.);
#4005=EDGE_CURVE('',#3157,#3166,#1581,.T.);
#4006=EDGE_CURVE('',#3166,#3165,#1582,.T.);
#4007=EDGE_CURVE('',#3167,#3162,#1583,.T.);
#4008=EDGE_CURVE('',#3167,#3164,#1584,.T.);
#4009=EDGE_CURVE('',#3166,#3167,#1585,.T.);
#4010=EDGE_CURVE('',#3168,#3169,#1586,.T.);
#4011=EDGE_CURVE('',#3168,#3170,#1587,.T.);
#4012=EDGE_CURVE('',#3170,#3171,#1588,.T.);
#4013=EDGE_CURVE('',#3169,#3171,#1589,.T.);
#4014=EDGE_CURVE('',#3172,#3168,#1590,.T.);
#4015=EDGE_CURVE('',#3173,#3172,#1591,.T.);
#4016=EDGE_CURVE('',#3173,#3170,#1592,.T.);
#4017=EDGE_CURVE('',#3174,#3172,#1593,.T.);
#4018=EDGE_CURVE('',#3175,#3174,#1594,.T.);
#4019=EDGE_CURVE('',#3173,#3175,#1595,.T.);
#4020=EDGE_CURVE('',#3176,#3177,#1596,.T.);
#4021=EDGE_CURVE('',#3176,#3178,#1597,.T.);
#4022=EDGE_CURVE('',#3178,#3179,#1598,.T.);
#4023=EDGE_CURVE('',#3177,#3179,#1599,.T.);
#4024=EDGE_CURVE('',#3169,#3176,#1600,.T.);
#4025=EDGE_CURVE('',#3178,#3171,#1601,.T.);
#4026=EDGE_CURVE('',#3177,#3174,#1602,.T.);
#4027=EDGE_CURVE('',#3175,#3179,#1603,.T.);
#4028=EDGE_CURVE('',#3180,#3181,#1604,.T.);
#4029=EDGE_CURVE('',#3180,#3182,#1605,.T.);
#4030=EDGE_CURVE('',#3183,#3182,#1606,.T.);
#4031=EDGE_CURVE('',#3181,#3183,#1607,.T.);
#4032=EDGE_CURVE('',#3184,#3180,#1608,.T.);
#4033=EDGE_CURVE('',#3184,#3185,#1609,.T.);
#4034=EDGE_CURVE('',#3182,#3185,#1610,.T.);
#4035=EDGE_CURVE('',#3186,#3184,#1611,.T.);
#4036=EDGE_CURVE('',#3186,#3187,#1612,.T.);
#4037=EDGE_CURVE('',#3185,#3187,#1613,.T.);
#4038=EDGE_CURVE('',#3188,#3189,#1614,.T.);
#4039=EDGE_CURVE('',#3188,#3190,#1615,.T.);
#4040=EDGE_CURVE('',#3190,#3191,#1616,.T.);
#4041=EDGE_CURVE('',#3189,#3191,#1617,.T.);
#4042=EDGE_CURVE('',#3191,#3187,#1618,.T.);
#4043=EDGE_CURVE('',#3183,#3190,#1619,.T.);
#4044=EDGE_CURVE('',#3181,#3188,#1620,.T.);
#4045=EDGE_CURVE('',#3189,#3186,#1621,.T.);
#4046=EDGE_CURVE('',#3192,#3193,#1622,.T.);
#4047=EDGE_CURVE('',#3192,#3194,#1623,.T.);
#4048=EDGE_CURVE('',#3194,#3195,#1624,.T.);
#4049=EDGE_CURVE('',#3193,#3195,#1625,.T.);
#4050=EDGE_CURVE('',#3196,#3192,#1626,.T.);
#4051=EDGE_CURVE('',#3196,#3197,#1627,.T.);
#4052=EDGE_CURVE('',#3197,#3194,#1628,.T.);
#4053=EDGE_CURVE('',#3198,#3196,#1629,.T.);
#4054=EDGE_CURVE('',#3198,#3199,#1630,.T.);
#4055=EDGE_CURVE('',#3197,#3199,#1631,.T.);
#4056=EDGE_CURVE('',#3195,#3200,#1632,.T.);
#4057=EDGE_CURVE('',#3201,#3199,#1633,.T.);
#4058=EDGE_CURVE('',#3200,#3201,#1634,.T.);
#4059=EDGE_CURVE('',#3202,#3198,#1635,.T.);
#4060=EDGE_CURVE('',#3202,#3201,#1636,.T.);
#4061=EDGE_CURVE('',#3203,#3202,#1637,.T.);
#4062=EDGE_CURVE('',#3203,#3200,#1638,.T.);
#4063=EDGE_CURVE('',#3193,#3203,#1639,.T.);
#4064=EDGE_CURVE('',#3204,#3205,#1640,.T.);
#4065=EDGE_CURVE('',#3204,#3206,#1641,.T.);
#4066=EDGE_CURVE('',#3206,#3207,#1642,.T.);
#4067=EDGE_CURVE('',#3205,#3207,#1643,.T.);
#4068=EDGE_CURVE('',#3208,#3204,#1644,.T.);
#4069=EDGE_CURVE('',#3208,#3209,#1645,.T.);
#4070=EDGE_CURVE('',#3206,#3209,#1646,.T.);
#4071=EDGE_CURVE('',#3210,#3208,#1647,.T.);
#4072=EDGE_CURVE('',#3210,#3211,#1648,.T.);
#4073=EDGE_CURVE('',#3209,#3211,#1649,.T.);
#4074=EDGE_CURVE('',#3212,#3211,#1650,.T.);
#4075=EDGE_CURVE('',#3213,#3212,#1651,.T.);
#4076=EDGE_CURVE('',#3207,#3213,#1652,.T.);
#4077=EDGE_CURVE('',#3205,#3214,#1653,.T.);
#4078=EDGE_CURVE('',#3214,#3213,#1654,.T.);
#4079=EDGE_CURVE('',#3215,#3210,#1655,.T.);
#4080=EDGE_CURVE('',#3215,#3212,#1656,.T.);
#4081=EDGE_CURVE('',#3214,#3215,#1657,.T.);
#4082=EDGE_CURVE('',#3216,#3217,#1658,.T.);
#4083=EDGE_CURVE('',#3218,#3216,#1659,.T.);
#4084=EDGE_CURVE('',#3218,#3219,#1660,.T.);
#4085=EDGE_CURVE('',#3217,#3219,#1661,.T.);
#4086=EDGE_CURVE('',#3220,#3216,#1662,.T.);
#4087=EDGE_CURVE('',#3220,#3221,#1663,.T.);
#4088=EDGE_CURVE('',#3218,#3221,#1664,.T.);
#4089=EDGE_CURVE('',#3222,#3220,#1665,.T.);
#4090=EDGE_CURVE('',#3222,#3223,#1666,.T.);
#4091=EDGE_CURVE('',#3221,#3223,#1667,.T.);
#4092=EDGE_CURVE('',#3217,#3224,#1668,.T.);
#4093=EDGE_CURVE('',#3225,#3219,#1669,.T.);
#4094=EDGE_CURVE('',#3224,#3225,#1670,.T.);
#4095=EDGE_CURVE('',#3224,#3226,#1671,.T.);
#4096=EDGE_CURVE('',#3227,#3225,#1672,.T.);
#4097=EDGE_CURVE('',#3226,#3227,#1673,.T.);
#4098=EDGE_CURVE('',#3227,#3223,#1674,.T.);
#4099=EDGE_CURVE('',#3226,#3222,#1675,.T.);
#4100=EDGE_CURVE('',#3228,#3229,#1676,.T.);
#4101=EDGE_CURVE('',#3228,#3230,#1677,.T.);
#4102=EDGE_CURVE('',#3230,#3231,#1678,.T.);
#4103=EDGE_CURVE('',#3229,#3231,#1679,.T.);
#4104=EDGE_CURVE('',#3232,#3228,#1680,.T.);
#4105=EDGE_CURVE('',#3233,#3232,#1681,.T.);
#4106=EDGE_CURVE('',#3233,#3230,#1682,.T.);
#4107=EDGE_CURVE('',#3234,#3232,#1683,.T.);
#4108=EDGE_CURVE('',#3235,#3234,#1684,.T.);
#4109=EDGE_CURVE('',#3235,#3233,#1685,.T.);
#4110=EDGE_CURVE('',#3236,#3231,#1686,.T.);
#4111=EDGE_CURVE('',#3237,#3235,#1687,.T.);
#4112=EDGE_CURVE('',#3236,#3237,#1688,.T.);
#4113=EDGE_CURVE('',#3238,#3239,#1689,.T.);
#4114=EDGE_CURVE('',#3236,#3238,#1690,.T.);
#4115=EDGE_CURVE('',#3239,#3237,#1691,.T.);
#4116=EDGE_CURVE('',#3229,#3238,#1692,.T.);
#4117=EDGE_CURVE('',#3239,#3234,#1693,.T.);
#4118=EDGE_CURVE('',#3240,#3241,#1694,.T.);
#4119=EDGE_CURVE('',#3240,#3242,#1695,.T.);
#4120=EDGE_CURVE('',#3243,#3242,#1696,.T.);
#4121=EDGE_CURVE('',#3241,#3243,#1697,.T.);
#4122=EDGE_CURVE('',#3244,#3240,#1698,.T.);
#4123=EDGE_CURVE('',#3244,#3245,#1699,.T.);
#4124=EDGE_CURVE('',#3242,#3245,#1700,.T.);
#4125=EDGE_CURVE('',#3246,#3244,#1701,.T.);
#4126=EDGE_CURVE('',#3246,#3247,#1702,.T.);
#4127=EDGE_CURVE('',#3245,#3247,#1703,.T.);
#4128=EDGE_CURVE('',#3248,#3246,#1704,.T.);
#4129=EDGE_CURVE('',#3248,#3249,#1705,.T.);
#4130=EDGE_CURVE('',#3247,#3249,#1706,.T.);
#4131=EDGE_CURVE('',#3250,#3248,#1707,.T.);
#4132=EDGE_CURVE('',#3250,#3251,#1708,.T.);
#4133=EDGE_CURVE('',#3251,#3249,#1709,.T.);
#4134=EDGE_CURVE('',#3251,#3243,#1710,.T.);
#4135=EDGE_CURVE('',#3241,#3250,#1711,.T.);
#4136=EDGE_CURVE('',#3252,#3253,#1712,.T.);
#4137=EDGE_CURVE('',#3252,#3254,#1713,.T.);
#4138=EDGE_CURVE('',#3255,#3254,#1714,.T.);
#4139=EDGE_CURVE('',#3253,#3255,#1715,.T.);
#4140=EDGE_CURVE('',#3256,#3252,#1716,.T.);
#4141=EDGE_CURVE('',#3256,#3257,#1717,.T.);
#4142=EDGE_CURVE('',#3254,#3257,#1718,.T.);
#4143=EDGE_CURVE('',#3258,#3257,#1719,.T.);
#4144=EDGE_CURVE('',#3255,#3258,#1720,.T.);
#4145=EDGE_CURVE('',#3259,#3256,#1721,.T.);
#4146=EDGE_CURVE('',#3259,#3258,#1722,.T.);
#4147=EDGE_CURVE('',#3253,#3259,#1723,.T.);
#4148=EDGE_CURVE('',#3260,#3261,#1724,.T.);
#4149=EDGE_CURVE('',#3260,#3262,#1725,.T.);
#4150=EDGE_CURVE('',#3263,#3262,#1726,.T.);
#4151=EDGE_CURVE('',#3263,#3261,#1727,.T.);
#4152=EDGE_CURVE('',#3264,#3260,#1728,.T.);
#4153=EDGE_CURVE('',#3264,#3265,#1729,.T.);
#4154=EDGE_CURVE('',#3262,#3265,#1730,.T.);
#4155=EDGE_CURVE('',#3265,#3266,#1731,.T.);
#4156=EDGE_CURVE('',#3263,#3266,#1732,.T.);
#4157=EDGE_CURVE('',#3267,#3264,#1733,.T.);
#4158=EDGE_CURVE('',#3267,#3266,#1734,.T.);
#4159=EDGE_CURVE('',#3261,#3267,#1735,.T.);
#4160=EDGE_CURVE('',#3268,#3269,#1736,.T.);
#4161=EDGE_CURVE('',#3268,#3270,#1737,.T.);
#4162=EDGE_CURVE('',#3270,#3271,#1738,.T.);
#4163=EDGE_CURVE('',#3269,#3271,#1739,.T.);
#4164=EDGE_CURVE('',#3272,#3268,#1740,.T.);
#4165=EDGE_CURVE('',#3272,#3273,#1741,.T.);
#4166=EDGE_CURVE('',#3270,#3273,#1742,.T.);
#4167=EDGE_CURVE('',#3274,#3272,#1743,.T.);
#4168=EDGE_CURVE('',#3274,#3275,#1744,.T.);
#4169=EDGE_CURVE('',#3275,#3273,#1745,.T.);
#4170=EDGE_CURVE('',#3276,#3274,#1746,.T.);
#4171=EDGE_CURVE('',#3276,#3277,#1747,.T.);
#4172=EDGE_CURVE('',#3277,#3275,#1748,.T.);
#4173=EDGE_CURVE('',#3278,#3277,#1749,.T.);
#4174=EDGE_CURVE('',#3271,#3278,#1750,.T.);
#4175=EDGE_CURVE('',#3279,#3276,#1751,.T.);
#4176=EDGE_CURVE('',#3279,#3278,#1752,.T.);
#4177=EDGE_CURVE('',#3269,#3279,#1753,.T.);
#4178=EDGE_CURVE('',#3280,#3281,#1754,.T.);
#4179=EDGE_CURVE('',#3280,#3282,#1755,.T.);
#4180=EDGE_CURVE('',#3282,#3283,#1756,.T.);
#4181=EDGE_CURVE('',#3281,#3283,#1757,.T.);
#4182=EDGE_CURVE('',#3284,#3280,#1758,.T.);
#4183=EDGE_CURVE('',#3284,#3285,#1759,.T.);
#4184=EDGE_CURVE('',#3285,#3282,#1760,.T.);
#4185=EDGE_CURVE('',#3286,#3284,#1761,.T.);
#4186=EDGE_CURVE('',#3286,#3287,#1762,.T.);
#4187=EDGE_CURVE('',#3287,#3285,#1763,.T.);
#4188=EDGE_CURVE('',#3288,#3287,#1764,.T.);
#4189=EDGE_CURVE('',#3289,#3288,#1765,.T.);
#4190=EDGE_CURVE('',#3289,#3283,#1766,.T.);
#4191=EDGE_CURVE('',#3290,#3286,#1767,.T.);
#4192=EDGE_CURVE('',#3290,#3288,#1768,.T.);
#4193=EDGE_CURVE('',#3281,#3291,#1769,.T.);
#4194=EDGE_CURVE('',#3291,#3289,#1770,.T.);
#4195=EDGE_CURVE('',#3291,#3290,#1771,.T.);
#4196=EDGE_CURVE('',#3292,#3293,#1772,.T.);
#4197=EDGE_CURVE('',#3292,#3294,#1773,.T.);
#4198=EDGE_CURVE('',#3295,#3294,#1774,.T.);
#4199=EDGE_CURVE('',#3293,#3295,#1775,.T.);
#4200=EDGE_CURVE('',#3296,#3292,#1776,.T.);
#4201=EDGE_CURVE('',#3296,#3297,#1777,.T.);
#4202=EDGE_CURVE('',#3294,#3297,#1778,.T.);
#4203=EDGE_CURVE('',#3298,#3296,#1779,.T.);
#4204=EDGE_CURVE('',#3298,#3299,#1780,.T.);
#4205=EDGE_CURVE('',#3297,#3299,#1781,.T.);
#4206=EDGE_CURVE('',#3300,#3299,#1782,.T.);
#4207=EDGE_CURVE('',#3301,#3300,#1783,.T.);
#4208=EDGE_CURVE('',#3301,#3295,#1784,.T.);
#4209=EDGE_CURVE('',#3302,#3303,#1785,.T.);
#4210=EDGE_CURVE('',#3302,#3301,#1786,.T.);
#4211=EDGE_CURVE('',#3303,#3300,#1787,.T.);
#4212=EDGE_CURVE('',#3293,#3302,#1788,.T.);
#4213=EDGE_CURVE('',#3303,#3298,#1789,.T.);
#4214=EDGE_CURVE('',#2854,#3304,#1790,.T.);
#4215=EDGE_CURVE('',#3304,#2859,#1791,.T.);
#4216=EDGE_CURVE('',#2858,#3304,#1792,.T.);
#4217=ORIENTED_EDGE('',*,*,#3305,.T.);
#4218=ORIENTED_EDGE('',*,*,#3306,.F.);
#4219=ORIENTED_EDGE('',*,*,#3307,.T.);
#4220=ORIENTED_EDGE('',*,*,#3308,.T.);
#4221=ORIENTED_EDGE('',*,*,#3308,.F.);
#4222=ORIENTED_EDGE('',*,*,#3309,.F.);
#4223=ORIENTED_EDGE('',*,*,#3310,.T.);
#4224=ORIENTED_EDGE('',*,*,#3311,.F.);
#4225=ORIENTED_EDGE('',*,*,#3312,.F.);
#4226=ORIENTED_EDGE('',*,*,#3313,.T.);
#4227=ORIENTED_EDGE('',*,*,#3314,.T.);
#4228=ORIENTED_EDGE('',*,*,#3315,.F.);
#4229=ORIENTED_EDGE('',*,*,#3315,.T.);
#4230=ORIENTED_EDGE('',*,*,#3316,.F.);
#4231=ORIENTED_EDGE('',*,*,#3306,.T.);
#4232=ORIENTED_EDGE('',*,*,#3317,.F.);
#4233=ORIENTED_EDGE('',*,*,#3318,.F.);
#4234=ORIENTED_EDGE('',*,*,#3312,.T.);
#4235=ORIENTED_EDGE('',*,*,#3317,.T.);
#4236=ORIENTED_EDGE('',*,*,#3305,.F.);
#4237=ORIENTED_EDGE('',*,*,#3311,.T.);
#4238=ORIENTED_EDGE('',*,*,#3319,.F.);
#4239=ORIENTED_EDGE('',*,*,#3310,.F.);
#4240=ORIENTED_EDGE('',*,*,#3320,.F.);
#4241=ORIENTED_EDGE('',*,*,#3321,.T.);
#4242=ORIENTED_EDGE('',*,*,#3319,.T.);
#4243=ORIENTED_EDGE('',*,*,#3320,.T.);
#4244=ORIENTED_EDGE('',*,*,#3309,.T.);
#4245=ORIENTED_EDGE('',*,*,#3307,.F.);
#4246=ORIENTED_EDGE('',*,*,#3316,.T.);
#4247=ORIENTED_EDGE('',*,*,#3314,.F.);
#4248=ORIENTED_EDGE('',*,*,#3322,.F.);
#4249=ORIENTED_EDGE('',*,*,#3322,.T.);
#4250=ORIENTED_EDGE('',*,*,#3313,.F.);
#4251=ORIENTED_EDGE('',*,*,#3318,.T.);
#4252=ORIENTED_EDGE('',*,*,#3321,.F.);
#4253=ORIENTED_EDGE('',*,*,#3323,.F.);
#4254=ORIENTED_EDGE('',*,*,#3324,.F.);
#4255=ORIENTED_EDGE('',*,*,#3325,.T.);
#4256=ORIENTED_EDGE('',*,*,#3326,.T.);
#4257=ORIENTED_EDGE('',*,*,#3327,.F.);
#4258=ORIENTED_EDGE('',*,*,#3328,.F.);
#4259=ORIENTED_EDGE('',*,*,#3329,.F.);
#4260=ORIENTED_EDGE('',*,*,#3323,.T.);
#4261=ORIENTED_EDGE('',*,*,#3330,.F.);
#4262=ORIENTED_EDGE('',*,*,#3331,.F.);
#4263=ORIENTED_EDGE('',*,*,#3332,.F.);
#4264=ORIENTED_EDGE('',*,*,#3324,.T.);
#4265=ORIENTED_EDGE('',*,*,#3329,.T.);
#4266=ORIENTED_EDGE('',*,*,#3333,.F.);
#4267=ORIENTED_EDGE('',*,*,#3330,.T.);
#4268=ORIENTED_EDGE('',*,*,#3326,.F.);
#4269=ORIENTED_EDGE('',*,*,#3334,.F.);
#4270=ORIENTED_EDGE('',*,*,#3335,.T.);
#4271=ORIENTED_EDGE('',*,*,#3336,.F.);
#4272=ORIENTED_EDGE('',*,*,#3337,.T.);
#4273=ORIENTED_EDGE('',*,*,#3331,.T.);
#4274=ORIENTED_EDGE('',*,*,#3335,.F.);
#4275=ORIENTED_EDGE('',*,*,#3327,.T.);
#4276=ORIENTED_EDGE('',*,*,#3337,.F.);
#4277=ORIENTED_EDGE('',*,*,#3338,.F.);
#4278=ORIENTED_EDGE('',*,*,#3339,.T.);
#4279=ORIENTED_EDGE('',*,*,#3334,.T.);
#4280=ORIENTED_EDGE('',*,*,#3325,.F.);
#4281=ORIENTED_EDGE('',*,*,#3332,.T.);
#4282=ORIENTED_EDGE('',*,*,#3340,.T.);
#4283=ORIENTED_EDGE('',*,*,#3338,.T.);
#4284=ORIENTED_EDGE('',*,*,#3336,.T.);
#4285=ORIENTED_EDGE('',*,*,#3339,.F.);
#4286=ORIENTED_EDGE('',*,*,#3340,.F.);
#4287=ORIENTED_EDGE('',*,*,#3333,.T.);
#4288=ORIENTED_EDGE('',*,*,#3328,.T.);
#4289=ORIENTED_EDGE('',*,*,#3341,.F.);
#4290=ORIENTED_EDGE('',*,*,#3342,.F.);
#4291=ORIENTED_EDGE('',*,*,#3343,.T.);
#4292=ORIENTED_EDGE('',*,*,#3344,.F.);
#4293=ORIENTED_EDGE('',*,*,#3345,.F.);
#4294=ORIENTED_EDGE('',*,*,#3346,.T.);
#4295=ORIENTED_EDGE('',*,*,#3344,.T.);
#4296=ORIENTED_EDGE('',*,*,#3347,.F.);
#4297=ORIENTED_EDGE('',*,*,#3348,.T.);
#4298=ORIENTED_EDGE('',*,*,#3349,.F.);
#4299=ORIENTED_EDGE('',*,*,#3341,.T.);
#4300=ORIENTED_EDGE('',*,*,#3346,.F.);
#4301=ORIENTED_EDGE('',*,*,#3350,.T.);
#4302=ORIENTED_EDGE('',*,*,#3351,.T.);
#4303=ORIENTED_EDGE('',*,*,#3350,.F.);
#4304=ORIENTED_EDGE('',*,*,#3345,.T.);
#4305=ORIENTED_EDGE('',*,*,#3352,.F.);
#4306=ORIENTED_EDGE('',*,*,#3353,.F.);
#4307=ORIENTED_EDGE('',*,*,#3354,.F.);
#4308=ORIENTED_EDGE('',*,*,#3355,.F.);
#4309=ORIENTED_EDGE('',*,*,#3348,.F.);
#4310=ORIENTED_EDGE('',*,*,#3356,.T.);
#4311=ORIENTED_EDGE('',*,*,#3357,.F.);
#4312=ORIENTED_EDGE('',*,*,#3342,.T.);
#4313=ORIENTED_EDGE('',*,*,#3349,.T.);
#4314=ORIENTED_EDGE('',*,*,#3355,.T.);
#4315=ORIENTED_EDGE('',*,*,#3358,.F.);
#4316=ORIENTED_EDGE('',*,*,#3352,.T.);
#4317=ORIENTED_EDGE('',*,*,#3347,.T.);
#4318=ORIENTED_EDGE('',*,*,#3343,.F.);
#4319=ORIENTED_EDGE('',*,*,#3357,.T.);
#4320=ORIENTED_EDGE('',*,*,#3354,.T.);
#4321=ORIENTED_EDGE('',*,*,#3356,.F.);
#4322=ORIENTED_EDGE('',*,*,#3351,.F.);
#4323=ORIENTED_EDGE('',*,*,#3353,.T.);
#4324=ORIENTED_EDGE('',*,*,#3358,.T.);
#4325=ORIENTED_EDGE('',*,*,#3359,.F.);
#4326=ORIENTED_EDGE('',*,*,#3360,.F.);
#4327=ORIENTED_EDGE('',*,*,#3361,.T.);
#4328=ORIENTED_EDGE('',*,*,#3362,.T.);
#4329=ORIENTED_EDGE('',*,*,#3363,.F.);
#4330=ORIENTED_EDGE('',*,*,#3362,.F.);
#4331=ORIENTED_EDGE('',*,*,#3364,.F.);
#4332=ORIENTED_EDGE('',*,*,#3365,.T.);
#4333=ORIENTED_EDGE('',*,*,#3366,.T.);
#4334=ORIENTED_EDGE('',*,*,#3367,.T.);
#4335=ORIENTED_EDGE('',*,*,#3364,.T.);
#4336=ORIENTED_EDGE('',*,*,#3361,.F.);
#4337=ORIENTED_EDGE('',*,*,#3368,.T.);
#4338=ORIENTED_EDGE('',*,*,#3369,.F.);
#4339=ORIENTED_EDGE('',*,*,#3370,.F.);
#4340=ORIENTED_EDGE('',*,*,#3371,.F.);
#4341=ORIENTED_EDGE('',*,*,#3368,.F.);
#4342=ORIENTED_EDGE('',*,*,#3360,.T.);
#4343=ORIENTED_EDGE('',*,*,#3365,.F.);
#4344=ORIENTED_EDGE('',*,*,#3367,.F.);
#4345=ORIENTED_EDGE('',*,*,#3372,.T.);
#4346=ORIENTED_EDGE('',*,*,#3373,.T.);
#4347=ORIENTED_EDGE('',*,*,#3374,.T.);
#4348=ORIENTED_EDGE('',*,*,#3370,.T.);
#4349=ORIENTED_EDGE('',*,*,#3359,.T.);
#4350=ORIENTED_EDGE('',*,*,#3363,.T.);
#4351=ORIENTED_EDGE('',*,*,#3373,.F.);
#4352=ORIENTED_EDGE('',*,*,#3375,.T.);
#4353=ORIENTED_EDGE('',*,*,#3376,.F.);
#4354=ORIENTED_EDGE('',*,*,#3369,.T.);
#4355=ORIENTED_EDGE('',*,*,#3371,.T.);
#4356=ORIENTED_EDGE('',*,*,#3374,.F.);
#4357=ORIENTED_EDGE('',*,*,#3366,.F.);
#4358=ORIENTED_EDGE('',*,*,#3376,.T.);
#4359=ORIENTED_EDGE('',*,*,#3375,.F.);
#4360=ORIENTED_EDGE('',*,*,#3372,.F.);
#4361=ORIENTED_EDGE('',*,*,#3377,.T.);
#4362=ORIENTED_EDGE('',*,*,#3378,.T.);
#4363=ORIENTED_EDGE('',*,*,#3379,.F.);
#4364=ORIENTED_EDGE('',*,*,#3380,.T.);
#4365=ORIENTED_EDGE('',*,*,#3381,.F.);
#4366=ORIENTED_EDGE('',*,*,#3382,.T.);
#4367=ORIENTED_EDGE('',*,*,#3383,.T.);
#4368=ORIENTED_EDGE('',*,*,#3377,.F.);
#4369=ORIENTED_EDGE('',*,*,#3383,.F.);
#4370=ORIENTED_EDGE('',*,*,#3384,.F.);
#4371=ORIENTED_EDGE('',*,*,#3385,.T.);
#4372=ORIENTED_EDGE('',*,*,#3378,.F.);
#4373=ORIENTED_EDGE('',*,*,#3386,.T.);
#4374=ORIENTED_EDGE('',*,*,#3387,.T.);
#4375=ORIENTED_EDGE('',*,*,#3381,.T.);
#4376=ORIENTED_EDGE('',*,*,#3380,.F.);
#4377=ORIENTED_EDGE('',*,*,#3382,.F.);
#4378=ORIENTED_EDGE('',*,*,#3387,.F.);
#4379=ORIENTED_EDGE('',*,*,#3388,.T.);
#4380=ORIENTED_EDGE('',*,*,#3384,.T.);
#4381=ORIENTED_EDGE('',*,*,#3385,.F.);
#4382=ORIENTED_EDGE('',*,*,#3388,.F.);
#4383=ORIENTED_EDGE('',*,*,#3386,.F.);
#4384=ORIENTED_EDGE('',*,*,#3379,.T.);
#4385=ORIENTED_EDGE('',*,*,#3389,.F.);
#4386=ORIENTED_EDGE('',*,*,#3390,.F.);
#4387=ORIENTED_EDGE('',*,*,#3391,.T.);
#4388=ORIENTED_EDGE('',*,*,#3392,.T.);
#4389=ORIENTED_EDGE('',*,*,#3393,.T.);
#4390=ORIENTED_EDGE('',*,*,#3389,.T.);
#4391=ORIENTED_EDGE('',*,*,#3394,.T.);
#4392=ORIENTED_EDGE('',*,*,#3395,.F.);
#4393=ORIENTED_EDGE('',*,*,#3396,.F.);
#4394=ORIENTED_EDGE('',*,*,#3397,.F.);
#4395=ORIENTED_EDGE('',*,*,#3398,.T.);
#4396=ORIENTED_EDGE('',*,*,#3399,.F.);
#4397=ORIENTED_EDGE('',*,*,#3394,.F.);
#4398=ORIENTED_EDGE('',*,*,#3392,.F.);
#4399=ORIENTED_EDGE('',*,*,#3399,.T.);
#4400=ORIENTED_EDGE('',*,*,#3400,.F.);
#4401=ORIENTED_EDGE('',*,*,#3401,.T.);
#4402=ORIENTED_EDGE('',*,*,#3395,.T.);
#4403=ORIENTED_EDGE('',*,*,#3402,.F.);
#4404=ORIENTED_EDGE('',*,*,#3403,.T.);
#4405=ORIENTED_EDGE('',*,*,#3396,.T.);
#4406=ORIENTED_EDGE('',*,*,#3391,.F.);
#4407=ORIENTED_EDGE('',*,*,#3400,.T.);
#4408=ORIENTED_EDGE('',*,*,#3398,.F.);
#4409=ORIENTED_EDGE('',*,*,#3404,.F.);
#4410=ORIENTED_EDGE('',*,*,#3405,.F.);
#4411=ORIENTED_EDGE('',*,*,#3405,.T.);
#4412=ORIENTED_EDGE('',*,*,#3406,.T.);
#4413=ORIENTED_EDGE('',*,*,#3402,.T.);
#4414=ORIENTED_EDGE('',*,*,#3390,.T.);
#4415=ORIENTED_EDGE('',*,*,#3393,.F.);
#4416=ORIENTED_EDGE('',*,*,#3401,.F.);
#4417=ORIENTED_EDGE('',*,*,#3403,.F.);
#4418=ORIENTED_EDGE('',*,*,#3406,.F.);
#4419=ORIENTED_EDGE('',*,*,#3404,.T.);
#4420=ORIENTED_EDGE('',*,*,#3397,.T.);
#4421=ORIENTED_EDGE('',*,*,#3407,.T.);
#4422=ORIENTED_EDGE('',*,*,#3408,.T.);
#4423=ORIENTED_EDGE('',*,*,#3409,.F.);
#4424=ORIENTED_EDGE('',*,*,#3410,.F.);
#4425=ORIENTED_EDGE('',*,*,#3411,.T.);
#4426=ORIENTED_EDGE('',*,*,#3412,.T.);
#4427=ORIENTED_EDGE('',*,*,#3413,.F.);
#4428=ORIENTED_EDGE('',*,*,#3414,.T.);
#4429=ORIENTED_EDGE('',*,*,#3415,.T.);
#4430=ORIENTED_EDGE('',*,*,#3410,.T.);
#4431=ORIENTED_EDGE('',*,*,#3411,.F.);
#4432=ORIENTED_EDGE('',*,*,#3415,.F.);
#4433=ORIENTED_EDGE('',*,*,#3416,.T.);
#4434=ORIENTED_EDGE('',*,*,#3417,.T.);
#4435=ORIENTED_EDGE('',*,*,#3418,.F.);
#4436=ORIENTED_EDGE('',*,*,#3419,.T.);
#4437=ORIENTED_EDGE('',*,*,#3408,.F.);
#4438=ORIENTED_EDGE('',*,*,#3420,.F.);
#4439=ORIENTED_EDGE('',*,*,#3419,.F.);
#4440=ORIENTED_EDGE('',*,*,#3421,.F.);
#4441=ORIENTED_EDGE('',*,*,#3413,.T.);
#4442=ORIENTED_EDGE('',*,*,#3409,.T.);
#4443=ORIENTED_EDGE('',*,*,#3417,.F.);
#4444=ORIENTED_EDGE('',*,*,#3422,.T.);
#4445=ORIENTED_EDGE('',*,*,#3423,.T.);
#4446=ORIENTED_EDGE('',*,*,#3412,.F.);
#4447=ORIENTED_EDGE('',*,*,#3423,.F.);
#4448=ORIENTED_EDGE('',*,*,#3424,.F.);
#4449=ORIENTED_EDGE('',*,*,#3420,.T.);
#4450=ORIENTED_EDGE('',*,*,#3407,.F.);
#4451=ORIENTED_EDGE('',*,*,#3421,.T.);
#4452=ORIENTED_EDGE('',*,*,#3418,.T.);
#4453=ORIENTED_EDGE('',*,*,#3424,.T.);
#4454=ORIENTED_EDGE('',*,*,#3422,.F.);
#4455=ORIENTED_EDGE('',*,*,#3416,.F.);
#4456=ORIENTED_EDGE('',*,*,#3414,.F.);
#4457=ORIENTED_EDGE('',*,*,#3425,.T.);
#4458=ORIENTED_EDGE('',*,*,#3426,.F.);
#4459=ORIENTED_EDGE('',*,*,#3427,.F.);
#4460=ORIENTED_EDGE('',*,*,#3428,.T.);
#4461=ORIENTED_EDGE('',*,*,#3428,.F.);
#4462=ORIENTED_EDGE('',*,*,#3429,.F.);
#4463=ORIENTED_EDGE('',*,*,#3430,.T.);
#4464=ORIENTED_EDGE('',*,*,#3431,.T.);
#4465=ORIENTED_EDGE('',*,*,#3432,.F.);
#4466=ORIENTED_EDGE('',*,*,#3433,.T.);
#4467=ORIENTED_EDGE('',*,*,#3425,.F.);
#4468=ORIENTED_EDGE('',*,*,#3431,.F.);
#4469=ORIENTED_EDGE('',*,*,#3434,.F.);
#4470=ORIENTED_EDGE('',*,*,#3435,.F.);
#4471=ORIENTED_EDGE('',*,*,#3436,.F.);
#4472=ORIENTED_EDGE('',*,*,#3437,.T.);
#4473=ORIENTED_EDGE('',*,*,#3426,.T.);
#4474=ORIENTED_EDGE('',*,*,#3433,.F.);
#4475=ORIENTED_EDGE('',*,*,#3430,.F.);
#4476=ORIENTED_EDGE('',*,*,#3438,.F.);
#4477=ORIENTED_EDGE('',*,*,#3439,.T.);
#4478=ORIENTED_EDGE('',*,*,#3434,.T.);
#4479=ORIENTED_EDGE('',*,*,#3438,.T.);
#4480=ORIENTED_EDGE('',*,*,#3429,.T.);
#4481=ORIENTED_EDGE('',*,*,#3427,.T.);
#4482=ORIENTED_EDGE('',*,*,#3437,.F.);
#4483=ORIENTED_EDGE('',*,*,#3440,.F.);
#4484=ORIENTED_EDGE('',*,*,#3441,.T.);
#4485=ORIENTED_EDGE('',*,*,#3441,.F.);
#4486=ORIENTED_EDGE('',*,*,#3442,.T.);
#4487=ORIENTED_EDGE('',*,*,#3435,.T.);
#4488=ORIENTED_EDGE('',*,*,#3439,.F.);
#4489=ORIENTED_EDGE('',*,*,#3442,.F.);
#4490=ORIENTED_EDGE('',*,*,#3440,.T.);
#4491=ORIENTED_EDGE('',*,*,#3436,.T.);
#4492=ORIENTED_EDGE('',*,*,#3432,.T.);
#4493=ORIENTED_EDGE('',*,*,#3443,.F.);
#4494=ORIENTED_EDGE('',*,*,#3444,.F.);
#4495=ORIENTED_EDGE('',*,*,#3445,.T.);
#4496=ORIENTED_EDGE('',*,*,#3446,.T.);
#4497=ORIENTED_EDGE('',*,*,#3447,.T.);
#4498=ORIENTED_EDGE('',*,*,#3446,.F.);
#4499=ORIENTED_EDGE('',*,*,#3448,.F.);
#4500=ORIENTED_EDGE('',*,*,#3449,.T.);
#4501=ORIENTED_EDGE('',*,*,#3450,.F.);
#4502=ORIENTED_EDGE('',*,*,#3451,.F.);
#4503=ORIENTED_EDGE('',*,*,#3448,.T.);
#4504=ORIENTED_EDGE('',*,*,#3445,.F.);
#4505=ORIENTED_EDGE('',*,*,#3452,.F.);
#4506=ORIENTED_EDGE('',*,*,#3453,.T.);
#4507=ORIENTED_EDGE('',*,*,#3443,.T.);
#4508=ORIENTED_EDGE('',*,*,#3447,.F.);
#4509=ORIENTED_EDGE('',*,*,#3453,.F.);
#4510=ORIENTED_EDGE('',*,*,#3454,.F.);
#4511=ORIENTED_EDGE('',*,*,#3450,.T.);
#4512=ORIENTED_EDGE('',*,*,#3444,.T.);
#4513=ORIENTED_EDGE('',*,*,#3451,.T.);
#4514=ORIENTED_EDGE('',*,*,#3454,.T.);
#4515=ORIENTED_EDGE('',*,*,#3452,.T.);
#4516=ORIENTED_EDGE('',*,*,#3449,.F.);
#4517=ORIENTED_EDGE('',*,*,#3455,.T.);
#4518=ORIENTED_EDGE('',*,*,#3456,.F.);
#4519=ORIENTED_EDGE('',*,*,#3457,.F.);
#4520=ORIENTED_EDGE('',*,*,#3458,.F.);
#4521=ORIENTED_EDGE('',*,*,#3459,.F.);
#4522=ORIENTED_EDGE('',*,*,#3460,.F.);
#4523=ORIENTED_EDGE('',*,*,#3461,.F.);
#4524=ORIENTED_EDGE('',*,*,#3462,.F.);
#4525=ORIENTED_EDGE('',*,*,#3460,.T.);
#4526=ORIENTED_EDGE('',*,*,#3463,.F.);
#4527=ORIENTED_EDGE('',*,*,#3455,.F.);
#4528=ORIENTED_EDGE('',*,*,#3462,.T.);
#4529=ORIENTED_EDGE('',*,*,#3464,.T.);
#4530=ORIENTED_EDGE('',*,*,#3465,.T.);
#4531=ORIENTED_EDGE('',*,*,#3466,.T.);
#4532=ORIENTED_EDGE('',*,*,#3467,.F.);
#4533=ORIENTED_EDGE('',*,*,#3468,.F.);
#4534=ORIENTED_EDGE('',*,*,#3458,.T.);
#4535=ORIENTED_EDGE('',*,*,#3463,.T.);
#4536=ORIENTED_EDGE('',*,*,#3459,.T.);
#4537=ORIENTED_EDGE('',*,*,#3468,.T.);
#4538=ORIENTED_EDGE('',*,*,#3469,.F.);
#4539=ORIENTED_EDGE('',*,*,#3470,.T.);
#4540=ORIENTED_EDGE('',*,*,#3456,.T.);
#4541=ORIENTED_EDGE('',*,*,#3465,.F.);
#4542=ORIENTED_EDGE('',*,*,#3471,.T.);
#4543=ORIENTED_EDGE('',*,*,#3469,.T.);
#4544=ORIENTED_EDGE('',*,*,#3467,.T.);
#4545=ORIENTED_EDGE('',*,*,#3472,.T.);
#4546=ORIENTED_EDGE('',*,*,#3471,.F.);
#4547=ORIENTED_EDGE('',*,*,#3464,.F.);
#4548=ORIENTED_EDGE('',*,*,#3461,.T.);
#4549=ORIENTED_EDGE('',*,*,#3470,.F.);
#4550=ORIENTED_EDGE('',*,*,#3472,.F.);
#4551=ORIENTED_EDGE('',*,*,#3466,.F.);
#4552=ORIENTED_EDGE('',*,*,#3457,.T.);
#4553=ORIENTED_EDGE('',*,*,#3473,.T.);
#4554=ORIENTED_EDGE('',*,*,#3474,.T.);
#4555=ORIENTED_EDGE('',*,*,#3475,.F.);
#4556=ORIENTED_EDGE('',*,*,#3476,.F.);
#4557=ORIENTED_EDGE('',*,*,#3477,.F.);
#4558=ORIENTED_EDGE('',*,*,#3478,.F.);
#4559=ORIENTED_EDGE('',*,*,#3479,.F.);
#4560=ORIENTED_EDGE('',*,*,#3480,.T.);
#4561=ORIENTED_EDGE('',*,*,#3477,.T.);
#4562=ORIENTED_EDGE('',*,*,#3481,.F.);
#4563=ORIENTED_EDGE('',*,*,#3480,.F.);
#4564=ORIENTED_EDGE('',*,*,#3482,.F.);
#4565=ORIENTED_EDGE('',*,*,#3483,.T.);
#4566=ORIENTED_EDGE('',*,*,#3478,.T.);
#4567=ORIENTED_EDGE('',*,*,#3484,.T.);
#4568=ORIENTED_EDGE('',*,*,#3485,.T.);
#4569=ORIENTED_EDGE('',*,*,#3474,.F.);
#4570=ORIENTED_EDGE('',*,*,#3486,.F.);
#4571=ORIENTED_EDGE('',*,*,#3487,.T.);
#4572=ORIENTED_EDGE('',*,*,#3475,.T.);
#4573=ORIENTED_EDGE('',*,*,#3485,.F.);
#4574=ORIENTED_EDGE('',*,*,#3488,.F.);
#4575=ORIENTED_EDGE('',*,*,#3476,.T.);
#4576=ORIENTED_EDGE('',*,*,#3487,.F.);
#4577=ORIENTED_EDGE('',*,*,#3489,.T.);
#4578=ORIENTED_EDGE('',*,*,#3481,.T.);
#4579=ORIENTED_EDGE('',*,*,#3479,.T.);
#4580=ORIENTED_EDGE('',*,*,#3489,.F.);
#4581=ORIENTED_EDGE('',*,*,#3488,.T.);
#4582=ORIENTED_EDGE('',*,*,#3484,.F.);
#4583=ORIENTED_EDGE('',*,*,#3490,.T.);
#4584=ORIENTED_EDGE('',*,*,#3482,.T.);
#4585=ORIENTED_EDGE('',*,*,#3490,.F.);
#4586=ORIENTED_EDGE('',*,*,#3486,.T.);
#4587=ORIENTED_EDGE('',*,*,#3473,.F.);
#4588=ORIENTED_EDGE('',*,*,#3483,.F.);
#4589=ORIENTED_EDGE('',*,*,#3491,.T.);
#4590=ORIENTED_EDGE('',*,*,#3492,.F.);
#4591=ORIENTED_EDGE('',*,*,#3493,.T.);
#4592=ORIENTED_EDGE('',*,*,#3494,.T.);
#4593=ORIENTED_EDGE('',*,*,#3495,.F.);
#4594=ORIENTED_EDGE('',*,*,#3491,.F.);
#4595=ORIENTED_EDGE('',*,*,#3496,.F.);
#4596=ORIENTED_EDGE('',*,*,#3497,.T.);
#4597=ORIENTED_EDGE('',*,*,#3498,.T.);
#4598=ORIENTED_EDGE('',*,*,#3499,.T.);
#4599=ORIENTED_EDGE('',*,*,#3496,.T.);
#4600=ORIENTED_EDGE('',*,*,#3494,.F.);
#4601=ORIENTED_EDGE('',*,*,#3500,.F.);
#4602=ORIENTED_EDGE('',*,*,#3501,.T.);
#4603=ORIENTED_EDGE('',*,*,#3499,.F.);
#4604=ORIENTED_EDGE('',*,*,#3502,.F.);
#4605=ORIENTED_EDGE('',*,*,#3503,.T.);
#4606=ORIENTED_EDGE('',*,*,#3504,.T.);
#4607=ORIENTED_EDGE('',*,*,#3505,.F.);
#4608=ORIENTED_EDGE('',*,*,#3492,.T.);
#4609=ORIENTED_EDGE('',*,*,#3495,.T.);
#4610=ORIENTED_EDGE('',*,*,#3504,.F.);
#4611=ORIENTED_EDGE('',*,*,#3497,.F.);
#4612=ORIENTED_EDGE('',*,*,#3501,.F.);
#4613=ORIENTED_EDGE('',*,*,#3506,.F.);
#4614=ORIENTED_EDGE('',*,*,#3507,.T.);
#4615=ORIENTED_EDGE('',*,*,#3506,.T.);
#4616=ORIENTED_EDGE('',*,*,#3500,.T.);
#4617=ORIENTED_EDGE('',*,*,#3493,.F.);
#4618=ORIENTED_EDGE('',*,*,#3505,.T.);
#4619=ORIENTED_EDGE('',*,*,#3503,.F.);
#4620=ORIENTED_EDGE('',*,*,#3508,.F.);
#4621=ORIENTED_EDGE('',*,*,#3508,.T.);
#4622=ORIENTED_EDGE('',*,*,#3502,.T.);
#4623=ORIENTED_EDGE('',*,*,#3498,.F.);
#4624=ORIENTED_EDGE('',*,*,#3507,.F.);
#4625=ORIENTED_EDGE('',*,*,#3509,.F.);
#4626=ORIENTED_EDGE('',*,*,#3510,.F.);
#4627=ORIENTED_EDGE('',*,*,#3511,.T.);
#4628=ORIENTED_EDGE('',*,*,#3512,.T.);
#4629=ORIENTED_EDGE('',*,*,#3513,.F.);
#4630=ORIENTED_EDGE('',*,*,#3514,.F.);
#4631=ORIENTED_EDGE('',*,*,#3515,.T.);
#4632=ORIENTED_EDGE('',*,*,#3509,.T.);
#4633=ORIENTED_EDGE('',*,*,#3516,.F.);
#4634=ORIENTED_EDGE('',*,*,#3517,.T.);
#4635=ORIENTED_EDGE('',*,*,#3515,.F.);
#4636=ORIENTED_EDGE('',*,*,#3518,.F.);
#4637=ORIENTED_EDGE('',*,*,#3519,.F.);
#4638=ORIENTED_EDGE('',*,*,#3510,.T.);
#4639=ORIENTED_EDGE('',*,*,#3517,.F.);
#4640=ORIENTED_EDGE('',*,*,#3520,.F.);
#4641=ORIENTED_EDGE('',*,*,#3521,.T.);
#4642=ORIENTED_EDGE('',*,*,#3522,.T.);
#4643=ORIENTED_EDGE('',*,*,#3513,.T.);
#4644=ORIENTED_EDGE('',*,*,#3522,.F.);
#4645=ORIENTED_EDGE('',*,*,#3523,.F.);
#4646=ORIENTED_EDGE('',*,*,#3524,.T.);
#4647=ORIENTED_EDGE('',*,*,#3519,.T.);
#4648=ORIENTED_EDGE('',*,*,#3525,.T.);
#4649=ORIENTED_EDGE('',*,*,#3523,.T.);
#4650=ORIENTED_EDGE('',*,*,#3521,.F.);
#4651=ORIENTED_EDGE('',*,*,#3526,.F.);
#4652=ORIENTED_EDGE('',*,*,#3511,.F.);
#4653=ORIENTED_EDGE('',*,*,#3526,.T.);
#4654=ORIENTED_EDGE('',*,*,#3520,.T.);
#4655=ORIENTED_EDGE('',*,*,#3516,.T.);
#4656=ORIENTED_EDGE('',*,*,#3512,.F.);
#4657=ORIENTED_EDGE('',*,*,#3524,.F.);
#4658=ORIENTED_EDGE('',*,*,#3525,.F.);
#4659=ORIENTED_EDGE('',*,*,#3518,.T.);
#4660=ORIENTED_EDGE('',*,*,#3514,.T.);
#4661=ORIENTED_EDGE('',*,*,#3527,.F.);
#4662=ORIENTED_EDGE('',*,*,#3528,.T.);
#4663=ORIENTED_EDGE('',*,*,#3529,.F.);
#4664=ORIENTED_EDGE('',*,*,#3528,.F.);
#4665=ORIENTED_EDGE('',*,*,#3530,.F.);
#4666=ORIENTED_EDGE('',*,*,#3531,.T.);
#4667=ORIENTED_EDGE('',*,*,#3532,.F.);
#4668=ORIENTED_EDGE('',*,*,#3531,.F.);
#4669=ORIENTED_EDGE('',*,*,#3533,.F.);
#4670=ORIENTED_EDGE('',*,*,#3534,.T.);
#4671=ORIENTED_EDGE('',*,*,#3535,.F.);
#4672=ORIENTED_EDGE('',*,*,#3534,.F.);
#4673=ORIENTED_EDGE('',*,*,#3536,.F.);
#4674=ORIENTED_EDGE('',*,*,#3537,.T.);
#4675=ORIENTED_EDGE('',*,*,#3538,.F.);
#4676=ORIENTED_EDGE('',*,*,#3537,.F.);
#4677=ORIENTED_EDGE('',*,*,#3539,.F.);
#4678=ORIENTED_EDGE('',*,*,#3540,.F.);
#4679=ORIENTED_EDGE('',*,*,#3541,.F.);
#4680=ORIENTED_EDGE('',*,*,#3542,.F.);
#4681=ORIENTED_EDGE('',*,*,#3529,.T.);
#4682=ORIENTED_EDGE('',*,*,#3532,.T.);
#4683=ORIENTED_EDGE('',*,*,#3535,.T.);
#4684=ORIENTED_EDGE('',*,*,#3538,.T.);
#4685=ORIENTED_EDGE('',*,*,#3541,.T.);
#4686=ORIENTED_EDGE('',*,*,#3543,.T.);
#4687=ORIENTED_EDGE('',*,*,#3544,.T.);
#4688=ORIENTED_EDGE('',*,*,#3545,.T.);
#4689=ORIENTED_EDGE('',*,*,#3540,.T.);
#4690=ORIENTED_EDGE('',*,*,#3546,.F.);
#4691=ORIENTED_EDGE('',*,*,#3547,.F.);
#4692=ORIENTED_EDGE('',*,*,#3543,.F.);
#4693=ORIENTED_EDGE('',*,*,#3548,.F.);
#4694=ORIENTED_EDGE('',*,*,#3549,.T.);
#4695=ORIENTED_EDGE('',*,*,#3550,.F.);
#4696=ORIENTED_EDGE('',*,*,#3551,.F.);
#4697=ORIENTED_EDGE('',*,*,#3552,.F.);
#4698=ORIENTED_EDGE('',*,*,#3553,.T.);
#4699=ORIENTED_EDGE('',*,*,#3554,.T.);
#4700=ORIENTED_EDGE('',*,*,#3549,.F.);
#4701=ORIENTED_EDGE('',*,*,#3555,.F.);
#4702=ORIENTED_EDGE('',*,*,#3556,.T.);
#4703=ORIENTED_EDGE('',*,*,#3557,.F.);
#4704=ORIENTED_EDGE('',*,*,#3553,.F.);
#4705=ORIENTED_EDGE('',*,*,#3558,.F.);
#4706=ORIENTED_EDGE('',*,*,#3559,.F.);
#4707=ORIENTED_EDGE('',*,*,#3560,.T.);
#4708=ORIENTED_EDGE('',*,*,#3550,.T.);
#4709=ORIENTED_EDGE('',*,*,#3554,.F.);
#4710=ORIENTED_EDGE('',*,*,#3557,.T.);
#4711=ORIENTED_EDGE('',*,*,#3561,.F.);
#4712=ORIENTED_EDGE('',*,*,#3551,.T.);
#4713=ORIENTED_EDGE('',*,*,#3560,.F.);
#4714=ORIENTED_EDGE('',*,*,#3562,.F.);
#4715=ORIENTED_EDGE('',*,*,#3563,.F.);
#4716=ORIENTED_EDGE('',*,*,#3564,.T.);
#4717=ORIENTED_EDGE('',*,*,#3558,.T.);
#4718=ORIENTED_EDGE('',*,*,#3556,.F.);
#4719=ORIENTED_EDGE('',*,*,#3565,.F.);
#4720=ORIENTED_EDGE('',*,*,#3562,.T.);
#4721=ORIENTED_EDGE('',*,*,#3559,.T.);
#4722=ORIENTED_EDGE('',*,*,#3564,.F.);
#4723=ORIENTED_EDGE('',*,*,#3566,.F.);
#4724=ORIENTED_EDGE('',*,*,#3567,.T.);
#4725=ORIENTED_EDGE('',*,*,#3568,.T.);
#4726=ORIENTED_EDGE('',*,*,#3569,.F.);
#4727=ORIENTED_EDGE('',*,*,#3570,.F.);
#4728=ORIENTED_EDGE('',*,*,#3571,.F.);
#4729=ORIENTED_EDGE('',*,*,#3572,.T.);
#4730=ORIENTED_EDGE('',*,*,#3567,.F.);
#4731=ORIENTED_EDGE('',*,*,#3573,.F.);
#4732=ORIENTED_EDGE('',*,*,#3574,.F.);
#4733=ORIENTED_EDGE('',*,*,#3575,.F.);
#4734=ORIENTED_EDGE('',*,*,#3571,.T.);
#4735=ORIENTED_EDGE('',*,*,#3576,.F.);
#4736=ORIENTED_EDGE('',*,*,#3577,.T.);
#4737=ORIENTED_EDGE('',*,*,#3578,.T.);
#4738=ORIENTED_EDGE('',*,*,#3579,.F.);
#4739=ORIENTED_EDGE('',*,*,#3580,.F.);
#4740=ORIENTED_EDGE('',*,*,#3569,.T.);
#4741=ORIENTED_EDGE('',*,*,#3581,.F.);
#4742=ORIENTED_EDGE('',*,*,#3577,.F.);
#4743=ORIENTED_EDGE('',*,*,#3582,.F.);
#4744=ORIENTED_EDGE('',*,*,#3579,.T.);
#4745=ORIENTED_EDGE('',*,*,#3583,.F.);
#4746=ORIENTED_EDGE('',*,*,#3574,.T.);
#4747=ORIENTED_EDGE('',*,*,#3572,.F.);
#4748=ORIENTED_EDGE('',*,*,#3575,.T.);
#4749=ORIENTED_EDGE('',*,*,#3583,.T.);
#4750=ORIENTED_EDGE('',*,*,#3578,.F.);
#4751=ORIENTED_EDGE('',*,*,#3581,.T.);
#4752=ORIENTED_EDGE('',*,*,#3568,.F.);
#4753=ORIENTED_EDGE('',*,*,#3584,.F.);
#4754=ORIENTED_EDGE('',*,*,#3585,.T.);
#4755=ORIENTED_EDGE('',*,*,#3586,.F.);
#4756=ORIENTED_EDGE('',*,*,#3587,.F.);
#4757=ORIENTED_EDGE('',*,*,#3588,.F.);
#4758=ORIENTED_EDGE('',*,*,#3589,.T.);
#4759=ORIENTED_EDGE('',*,*,#3590,.F.);
#4760=ORIENTED_EDGE('',*,*,#3585,.F.);
#4761=ORIENTED_EDGE('',*,*,#3591,.F.);
#4762=ORIENTED_EDGE('',*,*,#3592,.T.);
#4763=ORIENTED_EDGE('',*,*,#3593,.F.);
#4764=ORIENTED_EDGE('',*,*,#3589,.F.);
#4765=ORIENTED_EDGE('',*,*,#3594,.F.);
#4766=ORIENTED_EDGE('',*,*,#3595,.T.);
#4767=ORIENTED_EDGE('',*,*,#3596,.T.);
#4768=ORIENTED_EDGE('',*,*,#3597,.F.);
#4769=ORIENTED_EDGE('',*,*,#3598,.F.);
#4770=ORIENTED_EDGE('',*,*,#3596,.F.);
#4771=ORIENTED_EDGE('',*,*,#3599,.F.);
#4772=ORIENTED_EDGE('',*,*,#3586,.T.);
#4773=ORIENTED_EDGE('',*,*,#3590,.T.);
#4774=ORIENTED_EDGE('',*,*,#3593,.T.);
#4775=ORIENTED_EDGE('',*,*,#3600,.F.);
#4776=ORIENTED_EDGE('',*,*,#3587,.T.);
#4777=ORIENTED_EDGE('',*,*,#3599,.T.);
#4778=ORIENTED_EDGE('',*,*,#3595,.F.);
#4779=ORIENTED_EDGE('',*,*,#3601,.F.);
#4780=ORIENTED_EDGE('',*,*,#3597,.T.);
#4781=ORIENTED_EDGE('',*,*,#3598,.T.);
#4782=ORIENTED_EDGE('',*,*,#3592,.F.);
#4783=ORIENTED_EDGE('',*,*,#3602,.F.);
#4784=ORIENTED_EDGE('',*,*,#3603,.T.);
#4785=ORIENTED_EDGE('',*,*,#3604,.T.);
#4786=ORIENTED_EDGE('',*,*,#3605,.F.);
#4787=ORIENTED_EDGE('',*,*,#3606,.F.);
#4788=ORIENTED_EDGE('',*,*,#3607,.T.);
#4789=ORIENTED_EDGE('',*,*,#3608,.T.);
#4790=ORIENTED_EDGE('',*,*,#3603,.F.);
#4791=ORIENTED_EDGE('',*,*,#3609,.F.);
#4792=ORIENTED_EDGE('',*,*,#3610,.T.);
#4793=ORIENTED_EDGE('',*,*,#3611,.F.);
#4794=ORIENTED_EDGE('',*,*,#3607,.F.);
#4795=ORIENTED_EDGE('',*,*,#3612,.F.);
#4796=ORIENTED_EDGE('',*,*,#3604,.F.);
#4797=ORIENTED_EDGE('',*,*,#3608,.F.);
#4798=ORIENTED_EDGE('',*,*,#3611,.T.);
#4799=ORIENTED_EDGE('',*,*,#3613,.F.);
#4800=ORIENTED_EDGE('',*,*,#3614,.F.);
#4801=ORIENTED_EDGE('',*,*,#3615,.F.);
#4802=ORIENTED_EDGE('',*,*,#3616,.T.);
#4803=ORIENTED_EDGE('',*,*,#3613,.T.);
#4804=ORIENTED_EDGE('',*,*,#3610,.F.);
#4805=ORIENTED_EDGE('',*,*,#3617,.F.);
#4806=ORIENTED_EDGE('',*,*,#3618,.T.);
#4807=ORIENTED_EDGE('',*,*,#3614,.T.);
#4808=ORIENTED_EDGE('',*,*,#3616,.F.);
#4809=ORIENTED_EDGE('',*,*,#3619,.F.);
#4810=ORIENTED_EDGE('',*,*,#3605,.T.);
#4811=ORIENTED_EDGE('',*,*,#3612,.T.);
#4812=ORIENTED_EDGE('',*,*,#3618,.F.);
#4813=ORIENTED_EDGE('',*,*,#3620,.F.);
#4814=ORIENTED_EDGE('',*,*,#3621,.T.);
#4815=ORIENTED_EDGE('',*,*,#3622,.T.);
#4816=ORIENTED_EDGE('',*,*,#3623,.F.);
#4817=ORIENTED_EDGE('',*,*,#3624,.F.);
#4818=ORIENTED_EDGE('',*,*,#3625,.T.);
#4819=ORIENTED_EDGE('',*,*,#3626,.F.);
#4820=ORIENTED_EDGE('',*,*,#3621,.F.);
#4821=ORIENTED_EDGE('',*,*,#3627,.F.);
#4822=ORIENTED_EDGE('',*,*,#3628,.T.);
#4823=ORIENTED_EDGE('',*,*,#3629,.F.);
#4824=ORIENTED_EDGE('',*,*,#3625,.F.);
#4825=ORIENTED_EDGE('',*,*,#3626,.T.);
#4826=ORIENTED_EDGE('',*,*,#3629,.T.);
#4827=ORIENTED_EDGE('',*,*,#3630,.F.);
#4828=ORIENTED_EDGE('',*,*,#3631,.F.);
#4829=ORIENTED_EDGE('',*,*,#3632,.F.);
#4830=ORIENTED_EDGE('',*,*,#3622,.F.);
#4831=ORIENTED_EDGE('',*,*,#3633,.F.);
#4832=ORIENTED_EDGE('',*,*,#3623,.T.);
#4833=ORIENTED_EDGE('',*,*,#3632,.T.);
#4834=ORIENTED_EDGE('',*,*,#3634,.F.);
#4835=ORIENTED_EDGE('',*,*,#3635,.F.);
#4836=ORIENTED_EDGE('',*,*,#3636,.T.);
#4837=ORIENTED_EDGE('',*,*,#3630,.T.);
#4838=ORIENTED_EDGE('',*,*,#3628,.F.);
#4839=ORIENTED_EDGE('',*,*,#3637,.F.);
#4840=ORIENTED_EDGE('',*,*,#3634,.T.);
#4841=ORIENTED_EDGE('',*,*,#3631,.T.);
#4842=ORIENTED_EDGE('',*,*,#3636,.F.);
#4843=ORIENTED_EDGE('',*,*,#3638,.F.);
#4844=ORIENTED_EDGE('',*,*,#3639,.F.);
#4845=ORIENTED_EDGE('',*,*,#3640,.T.);
#4846=ORIENTED_EDGE('',*,*,#3641,.F.);
#4847=ORIENTED_EDGE('',*,*,#3642,.F.);
#4848=ORIENTED_EDGE('',*,*,#3643,.T.);
#4849=ORIENTED_EDGE('',*,*,#3644,.F.);
#4850=ORIENTED_EDGE('',*,*,#3639,.T.);
#4851=ORIENTED_EDGE('',*,*,#3645,.F.);
#4852=ORIENTED_EDGE('',*,*,#3646,.T.);
#4853=ORIENTED_EDGE('',*,*,#3647,.F.);
#4854=ORIENTED_EDGE('',*,*,#3643,.F.);
#4855=ORIENTED_EDGE('',*,*,#3648,.F.);
#4856=ORIENTED_EDGE('',*,*,#3641,.T.);
#4857=ORIENTED_EDGE('',*,*,#3649,.F.);
#4858=ORIENTED_EDGE('',*,*,#3650,.F.);
#4859=ORIENTED_EDGE('',*,*,#3651,.F.);
#4860=ORIENTED_EDGE('',*,*,#3650,.T.);
#4861=ORIENTED_EDGE('',*,*,#3652,.F.);
#4862=ORIENTED_EDGE('',*,*,#3653,.F.);
#4863=ORIENTED_EDGE('',*,*,#3654,.F.);
#4864=ORIENTED_EDGE('',*,*,#3652,.T.);
#4865=ORIENTED_EDGE('',*,*,#3649,.T.);
#4866=ORIENTED_EDGE('',*,*,#3640,.F.);
#4867=ORIENTED_EDGE('',*,*,#3644,.T.);
#4868=ORIENTED_EDGE('',*,*,#3647,.T.);
#4869=ORIENTED_EDGE('',*,*,#3655,.F.);
#4870=ORIENTED_EDGE('',*,*,#3653,.T.);
#4871=ORIENTED_EDGE('',*,*,#3654,.T.);
#4872=ORIENTED_EDGE('',*,*,#3646,.F.);
#4873=ORIENTED_EDGE('',*,*,#3656,.F.);
#4874=ORIENTED_EDGE('',*,*,#3657,.T.);
#4875=ORIENTED_EDGE('',*,*,#3658,.T.);
#4876=ORIENTED_EDGE('',*,*,#3659,.F.);
#4877=ORIENTED_EDGE('',*,*,#3660,.F.);
#4878=ORIENTED_EDGE('',*,*,#3661,.F.);
#4879=ORIENTED_EDGE('',*,*,#3662,.T.);
#4880=ORIENTED_EDGE('',*,*,#3657,.F.);
#4881=ORIENTED_EDGE('',*,*,#3663,.F.);
#4882=ORIENTED_EDGE('',*,*,#3664,.F.);
#4883=ORIENTED_EDGE('',*,*,#3665,.T.);
#4884=ORIENTED_EDGE('',*,*,#3661,.T.);
#4885=ORIENTED_EDGE('',*,*,#3666,.T.);
#4886=ORIENTED_EDGE('',*,*,#3658,.F.);
#4887=ORIENTED_EDGE('',*,*,#3662,.F.);
#4888=ORIENTED_EDGE('',*,*,#3665,.F.);
#4889=ORIENTED_EDGE('',*,*,#3667,.F.);
#4890=ORIENTED_EDGE('',*,*,#3668,.F.);
#4891=ORIENTED_EDGE('',*,*,#3669,.F.);
#4892=ORIENTED_EDGE('',*,*,#3670,.F.);
#4893=ORIENTED_EDGE('',*,*,#3668,.T.);
#4894=ORIENTED_EDGE('',*,*,#3671,.F.);
#4895=ORIENTED_EDGE('',*,*,#3672,.F.);
#4896=ORIENTED_EDGE('',*,*,#3659,.T.);
#4897=ORIENTED_EDGE('',*,*,#3666,.F.);
#4898=ORIENTED_EDGE('',*,*,#3670,.T.);
#4899=ORIENTED_EDGE('',*,*,#3673,.F.);
#4900=ORIENTED_EDGE('',*,*,#3671,.T.);
#4901=ORIENTED_EDGE('',*,*,#3667,.T.);
#4902=ORIENTED_EDGE('',*,*,#3664,.T.);
#4903=ORIENTED_EDGE('',*,*,#3674,.F.);
#4904=ORIENTED_EDGE('',*,*,#3675,.T.);
#4905=ORIENTED_EDGE('',*,*,#3676,.F.);
#4906=ORIENTED_EDGE('',*,*,#3677,.F.);
#4907=ORIENTED_EDGE('',*,*,#3678,.F.);
#4908=ORIENTED_EDGE('',*,*,#3679,.T.);
#4909=ORIENTED_EDGE('',*,*,#3680,.F.);
#4910=ORIENTED_EDGE('',*,*,#3675,.F.);
#4911=ORIENTED_EDGE('',*,*,#3681,.F.);
#4912=ORIENTED_EDGE('',*,*,#3682,.T.);
#4913=ORIENTED_EDGE('',*,*,#3683,.F.);
#4914=ORIENTED_EDGE('',*,*,#3679,.F.);
#4915=ORIENTED_EDGE('',*,*,#3684,.F.);
#4916=ORIENTED_EDGE('',*,*,#3685,.T.);
#4917=ORIENTED_EDGE('',*,*,#3686,.F.);
#4918=ORIENTED_EDGE('',*,*,#3682,.F.);
#4919=ORIENTED_EDGE('',*,*,#3687,.F.);
#4920=ORIENTED_EDGE('',*,*,#3688,.T.);
#4921=ORIENTED_EDGE('',*,*,#3689,.T.);
#4922=ORIENTED_EDGE('',*,*,#3685,.F.);
#4923=ORIENTED_EDGE('',*,*,#3676,.T.);
#4924=ORIENTED_EDGE('',*,*,#3680,.T.);
#4925=ORIENTED_EDGE('',*,*,#3683,.T.);
#4926=ORIENTED_EDGE('',*,*,#3686,.T.);
#4927=ORIENTED_EDGE('',*,*,#3689,.F.);
#4928=ORIENTED_EDGE('',*,*,#3690,.T.);
#4929=ORIENTED_EDGE('',*,*,#3691,.F.);
#4930=ORIENTED_EDGE('',*,*,#3677,.T.);
#4931=ORIENTED_EDGE('',*,*,#3690,.F.);
#4932=ORIENTED_EDGE('',*,*,#3688,.F.);
#4933=ORIENTED_EDGE('',*,*,#3692,.F.);
#4934=ORIENTED_EDGE('',*,*,#3693,.T.);
#4935=ORIENTED_EDGE('',*,*,#3694,.F.);
#4936=ORIENTED_EDGE('',*,*,#3695,.F.);
#4937=ORIENTED_EDGE('',*,*,#3696,.F.);
#4938=ORIENTED_EDGE('',*,*,#3697,.T.);
#4939=ORIENTED_EDGE('',*,*,#3698,.F.);
#4940=ORIENTED_EDGE('',*,*,#3693,.F.);
#4941=ORIENTED_EDGE('',*,*,#3699,.F.);
#4942=ORIENTED_EDGE('',*,*,#3700,.F.);
#4943=ORIENTED_EDGE('',*,*,#3694,.T.);
#4944=ORIENTED_EDGE('',*,*,#3698,.T.);
#4945=ORIENTED_EDGE('',*,*,#3701,.F.);
#4946=ORIENTED_EDGE('',*,*,#3702,.T.);
#4947=ORIENTED_EDGE('',*,*,#3699,.T.);
#4948=ORIENTED_EDGE('',*,*,#3697,.F.);
#4949=ORIENTED_EDGE('',*,*,#3703,.F.);
#4950=ORIENTED_EDGE('',*,*,#3695,.T.);
#4951=ORIENTED_EDGE('',*,*,#3700,.T.);
#4952=ORIENTED_EDGE('',*,*,#3702,.F.);
#4953=ORIENTED_EDGE('',*,*,#3704,.F.);
#4954=ORIENTED_EDGE('',*,*,#3705,.T.);
#4955=ORIENTED_EDGE('',*,*,#3706,.F.);
#4956=ORIENTED_EDGE('',*,*,#3707,.T.);
#4957=ORIENTED_EDGE('',*,*,#3708,.F.);
#4958=ORIENTED_EDGE('',*,*,#3709,.T.);
#4959=ORIENTED_EDGE('',*,*,#3710,.F.);
#4960=ORIENTED_EDGE('',*,*,#3705,.F.);
#4961=ORIENTED_EDGE('',*,*,#3710,.T.);
#4962=ORIENTED_EDGE('',*,*,#3711,.T.);
#4963=ORIENTED_EDGE('',*,*,#3712,.F.);
#4964=ORIENTED_EDGE('',*,*,#3706,.T.);
#4965=ORIENTED_EDGE('',*,*,#3713,.F.);
#4966=ORIENTED_EDGE('',*,*,#3714,.T.);
#4967=ORIENTED_EDGE('',*,*,#3711,.F.);
#4968=ORIENTED_EDGE('',*,*,#3709,.F.);
#4969=ORIENTED_EDGE('',*,*,#3715,.F.);
#4970=ORIENTED_EDGE('',*,*,#3707,.F.);
#4971=ORIENTED_EDGE('',*,*,#3712,.T.);
#4972=ORIENTED_EDGE('',*,*,#3714,.F.);
#4973=ORIENTED_EDGE('',*,*,#3716,.F.);
#4974=ORIENTED_EDGE('',*,*,#3717,.T.);
#4975=ORIENTED_EDGE('',*,*,#3718,.T.);
#4976=ORIENTED_EDGE('',*,*,#3719,.F.);
#4977=ORIENTED_EDGE('',*,*,#3720,.F.);
#4978=ORIENTED_EDGE('',*,*,#3721,.T.);
#4979=ORIENTED_EDGE('',*,*,#3722,.F.);
#4980=ORIENTED_EDGE('',*,*,#3717,.F.);
#4981=ORIENTED_EDGE('',*,*,#3723,.F.);
#4982=ORIENTED_EDGE('',*,*,#3724,.T.);
#4983=ORIENTED_EDGE('',*,*,#3725,.T.);
#4984=ORIENTED_EDGE('',*,*,#3721,.F.);
#4985=ORIENTED_EDGE('',*,*,#3726,.F.);
#4986=ORIENTED_EDGE('',*,*,#3727,.T.);
#4987=ORIENTED_EDGE('',*,*,#3728,.T.);
#4988=ORIENTED_EDGE('',*,*,#3724,.F.);
#4989=ORIENTED_EDGE('',*,*,#3718,.F.);
#4990=ORIENTED_EDGE('',*,*,#3722,.T.);
#4991=ORIENTED_EDGE('',*,*,#3725,.F.);
#4992=ORIENTED_EDGE('',*,*,#3728,.F.);
#4993=ORIENTED_EDGE('',*,*,#3729,.F.);
#4994=ORIENTED_EDGE('',*,*,#3730,.F.);
#4995=ORIENTED_EDGE('',*,*,#3731,.F.);
#4996=ORIENTED_EDGE('',*,*,#3732,.T.);
#4997=ORIENTED_EDGE('',*,*,#3729,.T.);
#4998=ORIENTED_EDGE('',*,*,#3727,.F.);
#4999=ORIENTED_EDGE('',*,*,#3733,.F.);
#5000=ORIENTED_EDGE('',*,*,#3719,.T.);
#5001=ORIENTED_EDGE('',*,*,#3730,.T.);
#5002=ORIENTED_EDGE('',*,*,#3732,.F.);
#5003=ORIENTED_EDGE('',*,*,#3734,.F.);
#5004=ORIENTED_EDGE('',*,*,#3735,.T.);
#5005=ORIENTED_EDGE('',*,*,#3736,.T.);
#5006=ORIENTED_EDGE('',*,*,#3737,.F.);
#5007=ORIENTED_EDGE('',*,*,#3738,.F.);
#5008=ORIENTED_EDGE('',*,*,#3739,.T.);
#5009=ORIENTED_EDGE('',*,*,#3740,.T.);
#5010=ORIENTED_EDGE('',*,*,#3735,.F.);
#5011=ORIENTED_EDGE('',*,*,#3741,.F.);
#5012=ORIENTED_EDGE('',*,*,#3742,.T.);
#5013=ORIENTED_EDGE('',*,*,#3743,.T.);
#5014=ORIENTED_EDGE('',*,*,#3739,.F.);
#5015=ORIENTED_EDGE('',*,*,#3744,.F.);
#5016=ORIENTED_EDGE('',*,*,#3745,.F.);
#5017=ORIENTED_EDGE('',*,*,#3746,.T.);
#5018=ORIENTED_EDGE('',*,*,#3736,.F.);
#5019=ORIENTED_EDGE('',*,*,#3740,.F.);
#5020=ORIENTED_EDGE('',*,*,#3743,.F.);
#5021=ORIENTED_EDGE('',*,*,#3747,.F.);
#5022=ORIENTED_EDGE('',*,*,#3748,.T.);
#5023=ORIENTED_EDGE('',*,*,#3744,.T.);
#5024=ORIENTED_EDGE('',*,*,#3742,.F.);
#5025=ORIENTED_EDGE('',*,*,#3749,.F.);
#5026=ORIENTED_EDGE('',*,*,#3737,.T.);
#5027=ORIENTED_EDGE('',*,*,#3746,.F.);
#5028=ORIENTED_EDGE('',*,*,#3750,.F.);
#5029=ORIENTED_EDGE('',*,*,#3751,.F.);
#5030=ORIENTED_EDGE('',*,*,#3750,.T.);
#5031=ORIENTED_EDGE('',*,*,#3745,.T.);
#5032=ORIENTED_EDGE('',*,*,#3748,.F.);
#5033=ORIENTED_EDGE('',*,*,#3752,.F.);
#5034=ORIENTED_EDGE('',*,*,#3753,.T.);
#5035=ORIENTED_EDGE('',*,*,#3754,.F.);
#5036=ORIENTED_EDGE('',*,*,#3755,.F.);
#5037=ORIENTED_EDGE('',*,*,#3756,.F.);
#5038=ORIENTED_EDGE('',*,*,#3757,.T.);
#5039=ORIENTED_EDGE('',*,*,#3758,.F.);
#5040=ORIENTED_EDGE('',*,*,#3753,.F.);
#5041=ORIENTED_EDGE('',*,*,#3759,.F.);
#5042=ORIENTED_EDGE('',*,*,#3760,.T.);
#5043=ORIENTED_EDGE('',*,*,#3761,.F.);
#5044=ORIENTED_EDGE('',*,*,#3757,.F.);
#5045=ORIENTED_EDGE('',*,*,#3758,.T.);
#5046=ORIENTED_EDGE('',*,*,#3761,.T.);
#5047=ORIENTED_EDGE('',*,*,#3762,.F.);
#5048=ORIENTED_EDGE('',*,*,#3763,.F.);
#5049=ORIENTED_EDGE('',*,*,#3764,.T.);
#5050=ORIENTED_EDGE('',*,*,#3754,.T.);
#5051=ORIENTED_EDGE('',*,*,#3765,.F.);
#5052=ORIENTED_EDGE('',*,*,#3766,.T.);
#5053=ORIENTED_EDGE('',*,*,#3763,.T.);
#5054=ORIENTED_EDGE('',*,*,#3767,.F.);
#5055=ORIENTED_EDGE('',*,*,#3768,.F.);
#5056=ORIENTED_EDGE('',*,*,#3755,.T.);
#5057=ORIENTED_EDGE('',*,*,#3764,.F.);
#5058=ORIENTED_EDGE('',*,*,#3766,.F.);
#5059=ORIENTED_EDGE('',*,*,#3769,.F.);
#5060=ORIENTED_EDGE('',*,*,#3767,.T.);
#5061=ORIENTED_EDGE('',*,*,#3762,.T.);
#5062=ORIENTED_EDGE('',*,*,#3760,.F.);
#5063=ORIENTED_EDGE('',*,*,#3770,.F.);
#5064=ORIENTED_EDGE('',*,*,#3771,.T.);
#5065=ORIENTED_EDGE('',*,*,#3772,.F.);
#5066=ORIENTED_EDGE('',*,*,#3773,.F.);
#5067=ORIENTED_EDGE('',*,*,#3774,.F.);
#5068=ORIENTED_EDGE('',*,*,#3775,.T.);
#5069=ORIENTED_EDGE('',*,*,#3776,.T.);
#5070=ORIENTED_EDGE('',*,*,#3771,.F.);
#5071=ORIENTED_EDGE('',*,*,#3777,.F.);
#5072=ORIENTED_EDGE('',*,*,#3778,.T.);
#5073=ORIENTED_EDGE('',*,*,#3779,.F.);
#5074=ORIENTED_EDGE('',*,*,#3775,.F.);
#5075=ORIENTED_EDGE('',*,*,#3780,.F.);
#5076=ORIENTED_EDGE('',*,*,#3781,.F.);
#5077=ORIENTED_EDGE('',*,*,#3782,.T.);
#5078=ORIENTED_EDGE('',*,*,#3772,.T.);
#5079=ORIENTED_EDGE('',*,*,#3776,.F.);
#5080=ORIENTED_EDGE('',*,*,#3779,.T.);
#5081=ORIENTED_EDGE('',*,*,#3783,.F.);
#5082=ORIENTED_EDGE('',*,*,#3773,.T.);
#5083=ORIENTED_EDGE('',*,*,#3782,.F.);
#5084=ORIENTED_EDGE('',*,*,#3784,.F.);
#5085=ORIENTED_EDGE('',*,*,#3785,.F.);
#5086=ORIENTED_EDGE('',*,*,#3786,.T.);
#5087=ORIENTED_EDGE('',*,*,#3780,.T.);
#5088=ORIENTED_EDGE('',*,*,#3778,.F.);
#5089=ORIENTED_EDGE('',*,*,#3787,.F.);
#5090=ORIENTED_EDGE('',*,*,#3784,.T.);
#5091=ORIENTED_EDGE('',*,*,#3781,.T.);
#5092=ORIENTED_EDGE('',*,*,#3786,.F.);
#5093=ORIENTED_EDGE('',*,*,#3788,.F.);
#5094=ORIENTED_EDGE('',*,*,#3789,.T.);
#5095=ORIENTED_EDGE('',*,*,#3790,.T.);
#5096=ORIENTED_EDGE('',*,*,#3791,.F.);
#5097=ORIENTED_EDGE('',*,*,#3792,.F.);
#5098=ORIENTED_EDGE('',*,*,#3793,.F.);
#5099=ORIENTED_EDGE('',*,*,#3794,.T.);
#5100=ORIENTED_EDGE('',*,*,#3789,.F.);
#5101=ORIENTED_EDGE('',*,*,#3795,.F.);
#5102=ORIENTED_EDGE('',*,*,#3796,.F.);
#5103=ORIENTED_EDGE('',*,*,#3797,.F.);
#5104=ORIENTED_EDGE('',*,*,#3793,.T.);
#5105=ORIENTED_EDGE('',*,*,#3798,.F.);
#5106=ORIENTED_EDGE('',*,*,#3799,.T.);
#5107=ORIENTED_EDGE('',*,*,#3800,.T.);
#5108=ORIENTED_EDGE('',*,*,#3801,.F.);
#5109=ORIENTED_EDGE('',*,*,#3802,.F.);
#5110=ORIENTED_EDGE('',*,*,#3791,.T.);
#5111=ORIENTED_EDGE('',*,*,#3803,.F.);
#5112=ORIENTED_EDGE('',*,*,#3799,.F.);
#5113=ORIENTED_EDGE('',*,*,#3804,.F.);
#5114=ORIENTED_EDGE('',*,*,#3801,.T.);
#5115=ORIENTED_EDGE('',*,*,#3805,.F.);
#5116=ORIENTED_EDGE('',*,*,#3796,.T.);
#5117=ORIENTED_EDGE('',*,*,#3794,.F.);
#5118=ORIENTED_EDGE('',*,*,#3797,.T.);
#5119=ORIENTED_EDGE('',*,*,#3805,.T.);
#5120=ORIENTED_EDGE('',*,*,#3800,.F.);
#5121=ORIENTED_EDGE('',*,*,#3803,.T.);
#5122=ORIENTED_EDGE('',*,*,#3790,.F.);
#5123=ORIENTED_EDGE('',*,*,#3806,.F.);
#5124=ORIENTED_EDGE('',*,*,#3807,.T.);
#5125=ORIENTED_EDGE('',*,*,#3808,.F.);
#5126=ORIENTED_EDGE('',*,*,#3809,.F.);
#5127=ORIENTED_EDGE('',*,*,#3810,.F.);
#5128=ORIENTED_EDGE('',*,*,#3811,.T.);
#5129=ORIENTED_EDGE('',*,*,#3812,.F.);
#5130=ORIENTED_EDGE('',*,*,#3807,.F.);
#5131=ORIENTED_EDGE('',*,*,#3813,.F.);
#5132=ORIENTED_EDGE('',*,*,#3814,.T.);
#5133=ORIENTED_EDGE('',*,*,#3815,.F.);
#5134=ORIENTED_EDGE('',*,*,#3811,.F.);
#5135=ORIENTED_EDGE('',*,*,#3816,.F.);
#5136=ORIENTED_EDGE('',*,*,#3817,.T.);
#5137=ORIENTED_EDGE('',*,*,#3818,.T.);
#5138=ORIENTED_EDGE('',*,*,#3819,.F.);
#5139=ORIENTED_EDGE('',*,*,#3820,.F.);
#5140=ORIENTED_EDGE('',*,*,#3818,.F.);
#5141=ORIENTED_EDGE('',*,*,#3821,.F.);
#5142=ORIENTED_EDGE('',*,*,#3808,.T.);
#5143=ORIENTED_EDGE('',*,*,#3812,.T.);
#5144=ORIENTED_EDGE('',*,*,#3815,.T.);
#5145=ORIENTED_EDGE('',*,*,#3822,.F.);
#5146=ORIENTED_EDGE('',*,*,#3809,.T.);
#5147=ORIENTED_EDGE('',*,*,#3821,.T.);
#5148=ORIENTED_EDGE('',*,*,#3817,.F.);
#5149=ORIENTED_EDGE('',*,*,#3823,.F.);
#5150=ORIENTED_EDGE('',*,*,#3819,.T.);
#5151=ORIENTED_EDGE('',*,*,#3820,.T.);
#5152=ORIENTED_EDGE('',*,*,#3814,.F.);
#5153=ORIENTED_EDGE('',*,*,#3824,.F.);
#5154=ORIENTED_EDGE('',*,*,#3825,.T.);
#5155=ORIENTED_EDGE('',*,*,#3826,.T.);
#5156=ORIENTED_EDGE('',*,*,#3827,.F.);
#5157=ORIENTED_EDGE('',*,*,#3828,.F.);
#5158=ORIENTED_EDGE('',*,*,#3829,.T.);
#5159=ORIENTED_EDGE('',*,*,#3830,.T.);
#5160=ORIENTED_EDGE('',*,*,#3825,.F.);
#5161=ORIENTED_EDGE('',*,*,#3831,.F.);
#5162=ORIENTED_EDGE('',*,*,#3832,.T.);
#5163=ORIENTED_EDGE('',*,*,#3833,.F.);
#5164=ORIENTED_EDGE('',*,*,#3829,.F.);
#5165=ORIENTED_EDGE('',*,*,#3834,.F.);
#5166=ORIENTED_EDGE('',*,*,#3826,.F.);
#5167=ORIENTED_EDGE('',*,*,#3830,.F.);
#5168=ORIENTED_EDGE('',*,*,#3833,.T.);
#5169=ORIENTED_EDGE('',*,*,#3835,.F.);
#5170=ORIENTED_EDGE('',*,*,#3836,.F.);
#5171=ORIENTED_EDGE('',*,*,#3837,.F.);
#5172=ORIENTED_EDGE('',*,*,#3838,.T.);
#5173=ORIENTED_EDGE('',*,*,#3835,.T.);
#5174=ORIENTED_EDGE('',*,*,#3832,.F.);
#5175=ORIENTED_EDGE('',*,*,#3839,.F.);
#5176=ORIENTED_EDGE('',*,*,#3840,.T.);
#5177=ORIENTED_EDGE('',*,*,#3836,.T.);
#5178=ORIENTED_EDGE('',*,*,#3838,.F.);
#5179=ORIENTED_EDGE('',*,*,#3841,.F.);
#5180=ORIENTED_EDGE('',*,*,#3827,.T.);
#5181=ORIENTED_EDGE('',*,*,#3834,.T.);
#5182=ORIENTED_EDGE('',*,*,#3840,.F.);
#5183=ORIENTED_EDGE('',*,*,#3842,.F.);
#5184=ORIENTED_EDGE('',*,*,#3843,.T.);
#5185=ORIENTED_EDGE('',*,*,#3844,.T.);
#5186=ORIENTED_EDGE('',*,*,#3845,.F.);
#5187=ORIENTED_EDGE('',*,*,#3846,.F.);
#5188=ORIENTED_EDGE('',*,*,#3847,.T.);
#5189=ORIENTED_EDGE('',*,*,#3848,.F.);
#5190=ORIENTED_EDGE('',*,*,#3843,.F.);
#5191=ORIENTED_EDGE('',*,*,#3849,.F.);
#5192=ORIENTED_EDGE('',*,*,#3850,.T.);
#5193=ORIENTED_EDGE('',*,*,#3851,.F.);
#5194=ORIENTED_EDGE('',*,*,#3847,.F.);
#5195=ORIENTED_EDGE('',*,*,#3848,.T.);
#5196=ORIENTED_EDGE('',*,*,#3851,.T.);
#5197=ORIENTED_EDGE('',*,*,#3852,.F.);
#5198=ORIENTED_EDGE('',*,*,#3853,.F.);
#5199=ORIENTED_EDGE('',*,*,#3854,.F.);
#5200=ORIENTED_EDGE('',*,*,#3844,.F.);
#5201=ORIENTED_EDGE('',*,*,#3855,.F.);
#5202=ORIENTED_EDGE('',*,*,#3845,.T.);
#5203=ORIENTED_EDGE('',*,*,#3854,.T.);
#5204=ORIENTED_EDGE('',*,*,#3856,.F.);
#5205=ORIENTED_EDGE('',*,*,#3857,.F.);
#5206=ORIENTED_EDGE('',*,*,#3858,.T.);
#5207=ORIENTED_EDGE('',*,*,#3852,.T.);
#5208=ORIENTED_EDGE('',*,*,#3850,.F.);
#5209=ORIENTED_EDGE('',*,*,#3859,.F.);
#5210=ORIENTED_EDGE('',*,*,#3856,.T.);
#5211=ORIENTED_EDGE('',*,*,#3853,.T.);
#5212=ORIENTED_EDGE('',*,*,#3858,.F.);
#5213=ORIENTED_EDGE('',*,*,#3860,.F.);
#5214=ORIENTED_EDGE('',*,*,#3861,.F.);
#5215=ORIENTED_EDGE('',*,*,#3862,.T.);
#5216=ORIENTED_EDGE('',*,*,#3863,.F.);
#5217=ORIENTED_EDGE('',*,*,#3864,.F.);
#5218=ORIENTED_EDGE('',*,*,#3865,.T.);
#5219=ORIENTED_EDGE('',*,*,#3866,.F.);
#5220=ORIENTED_EDGE('',*,*,#3861,.T.);
#5221=ORIENTED_EDGE('',*,*,#3867,.F.);
#5222=ORIENTED_EDGE('',*,*,#3868,.T.);
#5223=ORIENTED_EDGE('',*,*,#3869,.F.);
#5224=ORIENTED_EDGE('',*,*,#3865,.F.);
#5225=ORIENTED_EDGE('',*,*,#3870,.F.);
#5226=ORIENTED_EDGE('',*,*,#3863,.T.);
#5227=ORIENTED_EDGE('',*,*,#3871,.F.);
#5228=ORIENTED_EDGE('',*,*,#3872,.F.);
#5229=ORIENTED_EDGE('',*,*,#3873,.F.);
#5230=ORIENTED_EDGE('',*,*,#3872,.T.);
#5231=ORIENTED_EDGE('',*,*,#3874,.F.);
#5232=ORIENTED_EDGE('',*,*,#3875,.F.);
#5233=ORIENTED_EDGE('',*,*,#3876,.F.);
#5234=ORIENTED_EDGE('',*,*,#3874,.T.);
#5235=ORIENTED_EDGE('',*,*,#3871,.T.);
#5236=ORIENTED_EDGE('',*,*,#3862,.F.);
#5237=ORIENTED_EDGE('',*,*,#3866,.T.);
#5238=ORIENTED_EDGE('',*,*,#3869,.T.);
#5239=ORIENTED_EDGE('',*,*,#3877,.F.);
#5240=ORIENTED_EDGE('',*,*,#3875,.T.);
#5241=ORIENTED_EDGE('',*,*,#3876,.T.);
#5242=ORIENTED_EDGE('',*,*,#3868,.F.);
#5243=ORIENTED_EDGE('',*,*,#3878,.F.);
#5244=ORIENTED_EDGE('',*,*,#3879,.T.);
#5245=ORIENTED_EDGE('',*,*,#3880,.T.);
#5246=ORIENTED_EDGE('',*,*,#3881,.F.);
#5247=ORIENTED_EDGE('',*,*,#3882,.F.);
#5248=ORIENTED_EDGE('',*,*,#3883,.F.);
#5249=ORIENTED_EDGE('',*,*,#3884,.T.);
#5250=ORIENTED_EDGE('',*,*,#3879,.F.);
#5251=ORIENTED_EDGE('',*,*,#3885,.F.);
#5252=ORIENTED_EDGE('',*,*,#3886,.F.);
#5253=ORIENTED_EDGE('',*,*,#3887,.T.);
#5254=ORIENTED_EDGE('',*,*,#3883,.T.);
#5255=ORIENTED_EDGE('',*,*,#3888,.T.);
#5256=ORIENTED_EDGE('',*,*,#3880,.F.);
#5257=ORIENTED_EDGE('',*,*,#3884,.F.);
#5258=ORIENTED_EDGE('',*,*,#3887,.F.);
#5259=ORIENTED_EDGE('',*,*,#3889,.F.);
#5260=ORIENTED_EDGE('',*,*,#3890,.F.);
#5261=ORIENTED_EDGE('',*,*,#3891,.F.);
#5262=ORIENTED_EDGE('',*,*,#3892,.F.);
#5263=ORIENTED_EDGE('',*,*,#3890,.T.);
#5264=ORIENTED_EDGE('',*,*,#3893,.F.);
#5265=ORIENTED_EDGE('',*,*,#3894,.F.);
#5266=ORIENTED_EDGE('',*,*,#3881,.T.);
#5267=ORIENTED_EDGE('',*,*,#3888,.F.);
#5268=ORIENTED_EDGE('',*,*,#3892,.T.);
#5269=ORIENTED_EDGE('',*,*,#3895,.F.);
#5270=ORIENTED_EDGE('',*,*,#3893,.T.);
#5271=ORIENTED_EDGE('',*,*,#3889,.T.);
#5272=ORIENTED_EDGE('',*,*,#3886,.T.);
#5273=ORIENTED_EDGE('',*,*,#3896,.F.);
#5274=ORIENTED_EDGE('',*,*,#3897,.T.);
#5275=ORIENTED_EDGE('',*,*,#3898,.F.);
#5276=ORIENTED_EDGE('',*,*,#3899,.F.);
#5277=ORIENTED_EDGE('',*,*,#3900,.F.);
#5278=ORIENTED_EDGE('',*,*,#3901,.T.);
#5279=ORIENTED_EDGE('',*,*,#3902,.F.);
#5280=ORIENTED_EDGE('',*,*,#3897,.F.);
#5281=ORIENTED_EDGE('',*,*,#3903,.F.);
#5282=ORIENTED_EDGE('',*,*,#3904,.T.);
#5283=ORIENTED_EDGE('',*,*,#3905,.F.);
#5284=ORIENTED_EDGE('',*,*,#3901,.F.);
#5285=ORIENTED_EDGE('',*,*,#3906,.F.);
#5286=ORIENTED_EDGE('',*,*,#3907,.T.);
#5287=ORIENTED_EDGE('',*,*,#3908,.F.);
#5288=ORIENTED_EDGE('',*,*,#3904,.F.);
#5289=ORIENTED_EDGE('',*,*,#3909,.F.);
#5290=ORIENTED_EDGE('',*,*,#3910,.T.);
#5291=ORIENTED_EDGE('',*,*,#3911,.T.);
#5292=ORIENTED_EDGE('',*,*,#3907,.F.);
#5293=ORIENTED_EDGE('',*,*,#3898,.T.);
#5294=ORIENTED_EDGE('',*,*,#3902,.T.);
#5295=ORIENTED_EDGE('',*,*,#3905,.T.);
#5296=ORIENTED_EDGE('',*,*,#3908,.T.);
#5297=ORIENTED_EDGE('',*,*,#3911,.F.);
#5298=ORIENTED_EDGE('',*,*,#3912,.T.);
#5299=ORIENTED_EDGE('',*,*,#3913,.F.);
#5300=ORIENTED_EDGE('',*,*,#3899,.T.);
#5301=ORIENTED_EDGE('',*,*,#3912,.F.);
#5302=ORIENTED_EDGE('',*,*,#3910,.F.);
#5303=ORIENTED_EDGE('',*,*,#3914,.F.);
#5304=ORIENTED_EDGE('',*,*,#3915,.T.);
#5305=ORIENTED_EDGE('',*,*,#3916,.F.);
#5306=ORIENTED_EDGE('',*,*,#3917,.F.);
#5307=ORIENTED_EDGE('',*,*,#3918,.F.);
#5308=ORIENTED_EDGE('',*,*,#3919,.T.);
#5309=ORIENTED_EDGE('',*,*,#3920,.F.);
#5310=ORIENTED_EDGE('',*,*,#3915,.F.);
#5311=ORIENTED_EDGE('',*,*,#3921,.F.);
#5312=ORIENTED_EDGE('',*,*,#3922,.F.);
#5313=ORIENTED_EDGE('',*,*,#3916,.T.);
#5314=ORIENTED_EDGE('',*,*,#3920,.T.);
#5315=ORIENTED_EDGE('',*,*,#3923,.F.);
#5316=ORIENTED_EDGE('',*,*,#3924,.T.);
#5317=ORIENTED_EDGE('',*,*,#3921,.T.);
#5318=ORIENTED_EDGE('',*,*,#3919,.F.);
#5319=ORIENTED_EDGE('',*,*,#3925,.F.);
#5320=ORIENTED_EDGE('',*,*,#3917,.T.);
#5321=ORIENTED_EDGE('',*,*,#3922,.T.);
#5322=ORIENTED_EDGE('',*,*,#3924,.F.);
#5323=ORIENTED_EDGE('',*,*,#3926,.F.);
#5324=ORIENTED_EDGE('',*,*,#3927,.T.);
#5325=ORIENTED_EDGE('',*,*,#3928,.F.);
#5326=ORIENTED_EDGE('',*,*,#3929,.T.);
#5327=ORIENTED_EDGE('',*,*,#3930,.F.);
#5328=ORIENTED_EDGE('',*,*,#3931,.T.);
#5329=ORIENTED_EDGE('',*,*,#3932,.F.);
#5330=ORIENTED_EDGE('',*,*,#3927,.F.);
#5331=ORIENTED_EDGE('',*,*,#3932,.T.);
#5332=ORIENTED_EDGE('',*,*,#3933,.T.);
#5333=ORIENTED_EDGE('',*,*,#3934,.F.);
#5334=ORIENTED_EDGE('',*,*,#3928,.T.);
#5335=ORIENTED_EDGE('',*,*,#3935,.F.);
#5336=ORIENTED_EDGE('',*,*,#3936,.T.);
#5337=ORIENTED_EDGE('',*,*,#3933,.F.);
#5338=ORIENTED_EDGE('',*,*,#3931,.F.);
#5339=ORIENTED_EDGE('',*,*,#3937,.F.);
#5340=ORIENTED_EDGE('',*,*,#3929,.F.);
#5341=ORIENTED_EDGE('',*,*,#3934,.T.);
#5342=ORIENTED_EDGE('',*,*,#3936,.F.);
#5343=ORIENTED_EDGE('',*,*,#3938,.F.);
#5344=ORIENTED_EDGE('',*,*,#3939,.T.);
#5345=ORIENTED_EDGE('',*,*,#3940,.T.);
#5346=ORIENTED_EDGE('',*,*,#3941,.F.);
#5347=ORIENTED_EDGE('',*,*,#3942,.F.);
#5348=ORIENTED_EDGE('',*,*,#3943,.T.);
#5349=ORIENTED_EDGE('',*,*,#3944,.F.);
#5350=ORIENTED_EDGE('',*,*,#3939,.F.);
#5351=ORIENTED_EDGE('',*,*,#3945,.F.);
#5352=ORIENTED_EDGE('',*,*,#3946,.T.);
#5353=ORIENTED_EDGE('',*,*,#3947,.T.);
#5354=ORIENTED_EDGE('',*,*,#3943,.F.);
#5355=ORIENTED_EDGE('',*,*,#3948,.F.);
#5356=ORIENTED_EDGE('',*,*,#3949,.T.);
#5357=ORIENTED_EDGE('',*,*,#3950,.T.);
#5358=ORIENTED_EDGE('',*,*,#3946,.F.);
#5359=ORIENTED_EDGE('',*,*,#3940,.F.);
#5360=ORIENTED_EDGE('',*,*,#3944,.T.);
#5361=ORIENTED_EDGE('',*,*,#3947,.F.);
#5362=ORIENTED_EDGE('',*,*,#3950,.F.);
#5363=ORIENTED_EDGE('',*,*,#3951,.F.);
#5364=ORIENTED_EDGE('',*,*,#3952,.F.);
#5365=ORIENTED_EDGE('',*,*,#3953,.F.);
#5366=ORIENTED_EDGE('',*,*,#3954,.T.);
#5367=ORIENTED_EDGE('',*,*,#3951,.T.);
#5368=ORIENTED_EDGE('',*,*,#3949,.F.);
#5369=ORIENTED_EDGE('',*,*,#3955,.F.);
#5370=ORIENTED_EDGE('',*,*,#3941,.T.);
#5371=ORIENTED_EDGE('',*,*,#3952,.T.);
#5372=ORIENTED_EDGE('',*,*,#3954,.F.);
#5373=ORIENTED_EDGE('',*,*,#3956,.F.);
#5374=ORIENTED_EDGE('',*,*,#3957,.T.);
#5375=ORIENTED_EDGE('',*,*,#3958,.T.);
#5376=ORIENTED_EDGE('',*,*,#3959,.F.);
#5377=ORIENTED_EDGE('',*,*,#3960,.F.);
#5378=ORIENTED_EDGE('',*,*,#3961,.T.);
#5379=ORIENTED_EDGE('',*,*,#3962,.T.);
#5380=ORIENTED_EDGE('',*,*,#3957,.F.);
#5381=ORIENTED_EDGE('',*,*,#3963,.F.);
#5382=ORIENTED_EDGE('',*,*,#3964,.T.);
#5383=ORIENTED_EDGE('',*,*,#3965,.T.);
#5384=ORIENTED_EDGE('',*,*,#3961,.F.);
#5385=ORIENTED_EDGE('',*,*,#3966,.F.);
#5386=ORIENTED_EDGE('',*,*,#3967,.F.);
#5387=ORIENTED_EDGE('',*,*,#3968,.T.);
#5388=ORIENTED_EDGE('',*,*,#3958,.F.);
#5389=ORIENTED_EDGE('',*,*,#3962,.F.);
#5390=ORIENTED_EDGE('',*,*,#3965,.F.);
#5391=ORIENTED_EDGE('',*,*,#3969,.F.);
#5392=ORIENTED_EDGE('',*,*,#3970,.T.);
#5393=ORIENTED_EDGE('',*,*,#3966,.T.);
#5394=ORIENTED_EDGE('',*,*,#3964,.F.);
#5395=ORIENTED_EDGE('',*,*,#3971,.F.);
#5396=ORIENTED_EDGE('',*,*,#3959,.T.);
#5397=ORIENTED_EDGE('',*,*,#3968,.F.);
#5398=ORIENTED_EDGE('',*,*,#3972,.F.);
#5399=ORIENTED_EDGE('',*,*,#3973,.F.);
#5400=ORIENTED_EDGE('',*,*,#3972,.T.);
#5401=ORIENTED_EDGE('',*,*,#3967,.T.);
#5402=ORIENTED_EDGE('',*,*,#3970,.F.);
#5403=ORIENTED_EDGE('',*,*,#3974,.F.);
#5404=ORIENTED_EDGE('',*,*,#3975,.T.);
#5405=ORIENTED_EDGE('',*,*,#3976,.F.);
#5406=ORIENTED_EDGE('',*,*,#3977,.F.);
#5407=ORIENTED_EDGE('',*,*,#3978,.F.);
#5408=ORIENTED_EDGE('',*,*,#3979,.T.);
#5409=ORIENTED_EDGE('',*,*,#3980,.F.);
#5410=ORIENTED_EDGE('',*,*,#3975,.F.);
#5411=ORIENTED_EDGE('',*,*,#3981,.F.);
#5412=ORIENTED_EDGE('',*,*,#3982,.T.);
#5413=ORIENTED_EDGE('',*,*,#3983,.F.);
#5414=ORIENTED_EDGE('',*,*,#3979,.F.);
#5415=ORIENTED_EDGE('',*,*,#3980,.T.);
#5416=ORIENTED_EDGE('',*,*,#3983,.T.);
#5417=ORIENTED_EDGE('',*,*,#3984,.F.);
#5418=ORIENTED_EDGE('',*,*,#3985,.F.);
#5419=ORIENTED_EDGE('',*,*,#3986,.T.);
#5420=ORIENTED_EDGE('',*,*,#3976,.T.);
#5421=ORIENTED_EDGE('',*,*,#3987,.F.);
#5422=ORIENTED_EDGE('',*,*,#3988,.T.);
#5423=ORIENTED_EDGE('',*,*,#3985,.T.);
#5424=ORIENTED_EDGE('',*,*,#3989,.F.);
#5425=ORIENTED_EDGE('',*,*,#3990,.F.);
#5426=ORIENTED_EDGE('',*,*,#3977,.T.);
#5427=ORIENTED_EDGE('',*,*,#3986,.F.);
#5428=ORIENTED_EDGE('',*,*,#3988,.F.);
#5429=ORIENTED_EDGE('',*,*,#3991,.F.);
#5430=ORIENTED_EDGE('',*,*,#3989,.T.);
#5431=ORIENTED_EDGE('',*,*,#3984,.T.);
#5432=ORIENTED_EDGE('',*,*,#3982,.F.);
#5433=ORIENTED_EDGE('',*,*,#3992,.F.);
#5434=ORIENTED_EDGE('',*,*,#3993,.T.);
#5435=ORIENTED_EDGE('',*,*,#3994,.F.);
#5436=ORIENTED_EDGE('',*,*,#3995,.F.);
#5437=ORIENTED_EDGE('',*,*,#3996,.F.);
#5438=ORIENTED_EDGE('',*,*,#3997,.T.);
#5439=ORIENTED_EDGE('',*,*,#3998,.T.);
#5440=ORIENTED_EDGE('',*,*,#3993,.F.);
#5441=ORIENTED_EDGE('',*,*,#3999,.F.);
#5442=ORIENTED_EDGE('',*,*,#4000,.T.);
#5443=ORIENTED_EDGE('',*,*,#4001,.F.);
#5444=ORIENTED_EDGE('',*,*,#3997,.F.);
#5445=ORIENTED_EDGE('',*,*,#4002,.F.);
#5446=ORIENTED_EDGE('',*,*,#4003,.F.);
#5447=ORIENTED_EDGE('',*,*,#4004,.T.);
#5448=ORIENTED_EDGE('',*,*,#3994,.T.);
#5449=ORIENTED_EDGE('',*,*,#3998,.F.);
#5450=ORIENTED_EDGE('',*,*,#4001,.T.);
#5451=ORIENTED_EDGE('',*,*,#4005,.F.);
#5452=ORIENTED_EDGE('',*,*,#3995,.T.);
#5453=ORIENTED_EDGE('',*,*,#4004,.F.);
#5454=ORIENTED_EDGE('',*,*,#4006,.F.);
#5455=ORIENTED_EDGE('',*,*,#4007,.F.);
#5456=ORIENTED_EDGE('',*,*,#4008,.T.);
#5457=ORIENTED_EDGE('',*,*,#4002,.T.);
#5458=ORIENTED_EDGE('',*,*,#4000,.F.);
#5459=ORIENTED_EDGE('',*,*,#4009,.F.);
#5460=ORIENTED_EDGE('',*,*,#4006,.T.);
#5461=ORIENTED_EDGE('',*,*,#4003,.T.);
#5462=ORIENTED_EDGE('',*,*,#4008,.F.);
#5463=ORIENTED_EDGE('',*,*,#4010,.F.);
#5464=ORIENTED_EDGE('',*,*,#4011,.T.);
#5465=ORIENTED_EDGE('',*,*,#4012,.T.);
#5466=ORIENTED_EDGE('',*,*,#4013,.F.);
#5467=ORIENTED_EDGE('',*,*,#4014,.F.);
#5468=ORIENTED_EDGE('',*,*,#4015,.F.);
#5469=ORIENTED_EDGE('',*,*,#4016,.T.);
#5470=ORIENTED_EDGE('',*,*,#4011,.F.);
#5471=ORIENTED_EDGE('',*,*,#4017,.F.);
#5472=ORIENTED_EDGE('',*,*,#4018,.F.);
#5473=ORIENTED_EDGE('',*,*,#4019,.F.);
#5474=ORIENTED_EDGE('',*,*,#4015,.T.);
#5475=ORIENTED_EDGE('',*,*,#4020,.F.);
#5476=ORIENTED_EDGE('',*,*,#4021,.T.);
#5477=ORIENTED_EDGE('',*,*,#4022,.T.);
#5478=ORIENTED_EDGE('',*,*,#4023,.F.);
#5479=ORIENTED_EDGE('',*,*,#4024,.F.);
#5480=ORIENTED_EDGE('',*,*,#4013,.T.);
#5481=ORIENTED_EDGE('',*,*,#4025,.F.);
#5482=ORIENTED_EDGE('',*,*,#4021,.F.);
#5483=ORIENTED_EDGE('',*,*,#4026,.F.);
#5484=ORIENTED_EDGE('',*,*,#4023,.T.);
#5485=ORIENTED_EDGE('',*,*,#4027,.F.);
#5486=ORIENTED_EDGE('',*,*,#4018,.T.);
#5487=ORIENTED_EDGE('',*,*,#4016,.F.);
#5488=ORIENTED_EDGE('',*,*,#4019,.T.);
#5489=ORIENTED_EDGE('',*,*,#4027,.T.);
#5490=ORIENTED_EDGE('',*,*,#4022,.F.);
#5491=ORIENTED_EDGE('',*,*,#4025,.T.);
#5492=ORIENTED_EDGE('',*,*,#4012,.F.);
#5493=ORIENTED_EDGE('',*,*,#4028,.F.);
#5494=ORIENTED_EDGE('',*,*,#4029,.T.);
#5495=ORIENTED_EDGE('',*,*,#4030,.F.);
#5496=ORIENTED_EDGE('',*,*,#4031,.F.);
#5497=ORIENTED_EDGE('',*,*,#4032,.F.);
#5498=ORIENTED_EDGE('',*,*,#4033,.T.);
#5499=ORIENTED_EDGE('',*,*,#4034,.F.);
#5500=ORIENTED_EDGE('',*,*,#4029,.F.);
#5501=ORIENTED_EDGE('',*,*,#4035,.F.);
#5502=ORIENTED_EDGE('',*,*,#4036,.T.);
#5503=ORIENTED_EDGE('',*,*,#4037,.F.);
#5504=ORIENTED_EDGE('',*,*,#4033,.F.);
#5505=ORIENTED_EDGE('',*,*,#4038,.F.);
#5506=ORIENTED_EDGE('',*,*,#4039,.T.);
#5507=ORIENTED_EDGE('',*,*,#4040,.T.);
#5508=ORIENTED_EDGE('',*,*,#4041,.F.);
#5509=ORIENTED_EDGE('',*,*,#4042,.F.);
#5510=ORIENTED_EDGE('',*,*,#4040,.F.);
#5511=ORIENTED_EDGE('',*,*,#4043,.F.);
#5512=ORIENTED_EDGE('',*,*,#4030,.T.);
#5513=ORIENTED_EDGE('',*,*,#4034,.T.);
#5514=ORIENTED_EDGE('',*,*,#4037,.T.);
#5515=ORIENTED_EDGE('',*,*,#4044,.F.);
#5516=ORIENTED_EDGE('',*,*,#4031,.T.);
#5517=ORIENTED_EDGE('',*,*,#4043,.T.);
#5518=ORIENTED_EDGE('',*,*,#4039,.F.);
#5519=ORIENTED_EDGE('',*,*,#4045,.F.);
#5520=ORIENTED_EDGE('',*,*,#4041,.T.);
#5521=ORIENTED_EDGE('',*,*,#4042,.T.);
#5522=ORIENTED_EDGE('',*,*,#4036,.F.);
#5523=ORIENTED_EDGE('',*,*,#4046,.F.);
#5524=ORIENTED_EDGE('',*,*,#4047,.T.);
#5525=ORIENTED_EDGE('',*,*,#4048,.T.);
#5526=ORIENTED_EDGE('',*,*,#4049,.F.);
#5527=ORIENTED_EDGE('',*,*,#4050,.F.);
#5528=ORIENTED_EDGE('',*,*,#4051,.T.);
#5529=ORIENTED_EDGE('',*,*,#4052,.T.);
#5530=ORIENTED_EDGE('',*,*,#4047,.F.);
#5531=ORIENTED_EDGE('',*,*,#4053,.F.);
#5532=ORIENTED_EDGE('',*,*,#4054,.T.);
#5533=ORIENTED_EDGE('',*,*,#4055,.F.);
#5534=ORIENTED_EDGE('',*,*,#4051,.F.);
#5535=ORIENTED_EDGE('',*,*,#4056,.F.);
#5536=ORIENTED_EDGE('',*,*,#4048,.F.);
#5537=ORIENTED_EDGE('',*,*,#4052,.F.);
#5538=ORIENTED_EDGE('',*,*,#4055,.T.);
#5539=ORIENTED_EDGE('',*,*,#4057,.F.);
#5540=ORIENTED_EDGE('',*,*,#4058,.F.);
#5541=ORIENTED_EDGE('',*,*,#4059,.F.);
#5542=ORIENTED_EDGE('',*,*,#4060,.T.);
#5543=ORIENTED_EDGE('',*,*,#4057,.T.);
#5544=ORIENTED_EDGE('',*,*,#4054,.F.);
#5545=ORIENTED_EDGE('',*,*,#4061,.F.);
#5546=ORIENTED_EDGE('',*,*,#4062,.T.);
#5547=ORIENTED_EDGE('',*,*,#4058,.T.);
#5548=ORIENTED_EDGE('',*,*,#4060,.F.);
#5549=ORIENTED_EDGE('',*,*,#4063,.F.);
#5550=ORIENTED_EDGE('',*,*,#4049,.T.);
#5551=ORIENTED_EDGE('',*,*,#4056,.T.);
#5552=ORIENTED_EDGE('',*,*,#4062,.F.);
#5553=ORIENTED_EDGE('',*,*,#4064,.F.);
#5554=ORIENTED_EDGE('',*,*,#4065,.T.);
#5555=ORIENTED_EDGE('',*,*,#4066,.T.);
#5556=ORIENTED_EDGE('',*,*,#4067,.F.);
#5557=ORIENTED_EDGE('',*,*,#4068,.F.);
#5558=ORIENTED_EDGE('',*,*,#4069,.T.);
#5559=ORIENTED_EDGE('',*,*,#4070,.F.);
#5560=ORIENTED_EDGE('',*,*,#4065,.F.);
#5561=ORIENTED_EDGE('',*,*,#4071,.F.);
#5562=ORIENTED_EDGE('',*,*,#4072,.T.);
#5563=ORIENTED_EDGE('',*,*,#4073,.F.);
#5564=ORIENTED_EDGE('',*,*,#4069,.F.);
#5565=ORIENTED_EDGE('',*,*,#4070,.T.);
#5566=ORIENTED_EDGE('',*,*,#4073,.T.);
#5567=ORIENTED_EDGE('',*,*,#4074,.F.);
#5568=ORIENTED_EDGE('',*,*,#4075,.F.);
#5569=ORIENTED_EDGE('',*,*,#4076,.F.);
#5570=ORIENTED_EDGE('',*,*,#4066,.F.);
#5571=ORIENTED_EDGE('',*,*,#4077,.F.);
#5572=ORIENTED_EDGE('',*,*,#4067,.T.);
#5573=ORIENTED_EDGE('',*,*,#4076,.T.);
#5574=ORIENTED_EDGE('',*,*,#4078,.F.);
#5575=ORIENTED_EDGE('',*,*,#4079,.F.);
#5576=ORIENTED_EDGE('',*,*,#4080,.T.);
#5577=ORIENTED_EDGE('',*,*,#4074,.T.);
#5578=ORIENTED_EDGE('',*,*,#4072,.F.);
#5579=ORIENTED_EDGE('',*,*,#4081,.F.);
#5580=ORIENTED_EDGE('',*,*,#4078,.T.);
#5581=ORIENTED_EDGE('',*,*,#4075,.T.);
#5582=ORIENTED_EDGE('',*,*,#4080,.F.);
#5583=ORIENTED_EDGE('',*,*,#4082,.F.);
#5584=ORIENTED_EDGE('',*,*,#4083,.F.);
#5585=ORIENTED_EDGE('',*,*,#4084,.T.);
#5586=ORIENTED_EDGE('',*,*,#4085,.F.);
#5587=ORIENTED_EDGE('',*,*,#4086,.F.);
#5588=ORIENTED_EDGE('',*,*,#4087,.T.);
#5589=ORIENTED_EDGE('',*,*,#4088,.F.);
#5590=ORIENTED_EDGE('',*,*,#4083,.T.);
#5591=ORIENTED_EDGE('',*,*,#4089,.F.);
#5592=ORIENTED_EDGE('',*,*,#4090,.T.);
#5593=ORIENTED_EDGE('',*,*,#4091,.F.);
#5594=ORIENTED_EDGE('',*,*,#4087,.F.);
#5595=ORIENTED_EDGE('',*,*,#4092,.F.);
#5596=ORIENTED_EDGE('',*,*,#4085,.T.);
#5597=ORIENTED_EDGE('',*,*,#4093,.F.);
#5598=ORIENTED_EDGE('',*,*,#4094,.F.);
#5599=ORIENTED_EDGE('',*,*,#4095,.F.);
#5600=ORIENTED_EDGE('',*,*,#4094,.T.);
#5601=ORIENTED_EDGE('',*,*,#4096,.F.);
#5602=ORIENTED_EDGE('',*,*,#4097,.F.);
#5603=ORIENTED_EDGE('',*,*,#4098,.F.);
#5604=ORIENTED_EDGE('',*,*,#4096,.T.);
#5605=ORIENTED_EDGE('',*,*,#4093,.T.);
#5606=ORIENTED_EDGE('',*,*,#4084,.F.);
#5607=ORIENTED_EDGE('',*,*,#4088,.T.);
#5608=ORIENTED_EDGE('',*,*,#4091,.T.);
#5609=ORIENTED_EDGE('',*,*,#4099,.F.);
#5610=ORIENTED_EDGE('',*,*,#4097,.T.);
#5611=ORIENTED_EDGE('',*,*,#4098,.T.);
#5612=ORIENTED_EDGE('',*,*,#4090,.F.);
#5613=ORIENTED_EDGE('',*,*,#4100,.F.);
#5614=ORIENTED_EDGE('',*,*,#4101,.T.);
#5615=ORIENTED_EDGE('',*,*,#4102,.T.);
#5616=ORIENTED_EDGE('',*,*,#4103,.F.);
#5617=ORIENTED_EDGE('',*,*,#4104,.F.);
#5618=ORIENTED_EDGE('',*,*,#4105,.F.);
#5619=ORIENTED_EDGE('',*,*,#4106,.T.);
#5620=ORIENTED_EDGE('',*,*,#4101,.F.);
#5621=ORIENTED_EDGE('',*,*,#4107,.F.);
#5622=ORIENTED_EDGE('',*,*,#4108,.F.);
#5623=ORIENTED_EDGE('',*,*,#4109,.T.);
#5624=ORIENTED_EDGE('',*,*,#4105,.T.);
#5625=ORIENTED_EDGE('',*,*,#4110,.T.);
#5626=ORIENTED_EDGE('',*,*,#4102,.F.);
#5627=ORIENTED_EDGE('',*,*,#4106,.F.);
#5628=ORIENTED_EDGE('',*,*,#4109,.F.);
#5629=ORIENTED_EDGE('',*,*,#4111,.F.);
#5630=ORIENTED_EDGE('',*,*,#4112,.F.);
#5631=ORIENTED_EDGE('',*,*,#4113,.F.);
#5632=ORIENTED_EDGE('',*,*,#4114,.F.);
#5633=ORIENTED_EDGE('',*,*,#4112,.T.);
#5634=ORIENTED_EDGE('',*,*,#4115,.F.);
#5635=ORIENTED_EDGE('',*,*,#4116,.F.);
#5636=ORIENTED_EDGE('',*,*,#4103,.T.);
#5637=ORIENTED_EDGE('',*,*,#4110,.F.);
#5638=ORIENTED_EDGE('',*,*,#4114,.T.);
#5639=ORIENTED_EDGE('',*,*,#4117,.F.);
#5640=ORIENTED_EDGE('',*,*,#4115,.T.);
#5641=ORIENTED_EDGE('',*,*,#4111,.T.);
#5642=ORIENTED_EDGE('',*,*,#4108,.T.);
#5643=ORIENTED_EDGE('',*,*,#4118,.F.);
#5644=ORIENTED_EDGE('',*,*,#4119,.T.);
#5645=ORIENTED_EDGE('',*,*,#4120,.F.);
#5646=ORIENTED_EDGE('',*,*,#4121,.F.);
#5647=ORIENTED_EDGE('',*,*,#4122,.F.);
#5648=ORIENTED_EDGE('',*,*,#4123,.T.);
#5649=ORIENTED_EDGE('',*,*,#4124,.F.);
#5650=ORIENTED_EDGE('',*,*,#4119,.F.);
#5651=ORIENTED_EDGE('',*,*,#4125,.F.);
#5652=ORIENTED_EDGE('',*,*,#4126,.T.);
#5653=ORIENTED_EDGE('',*,*,#4127,.F.);
#5654=ORIENTED_EDGE('',*,*,#4123,.F.);
#5655=ORIENTED_EDGE('',*,*,#4128,.F.);
#5656=ORIENTED_EDGE('',*,*,#4129,.T.);
#5657=ORIENTED_EDGE('',*,*,#4130,.F.);
#5658=ORIENTED_EDGE('',*,*,#4126,.F.);
#5659=ORIENTED_EDGE('',*,*,#4131,.F.);
#5660=ORIENTED_EDGE('',*,*,#4132,.T.);
#5661=ORIENTED_EDGE('',*,*,#4133,.T.);
#5662=ORIENTED_EDGE('',*,*,#4129,.F.);
#5663=ORIENTED_EDGE('',*,*,#4120,.T.);
#5664=ORIENTED_EDGE('',*,*,#4124,.T.);
#5665=ORIENTED_EDGE('',*,*,#4127,.T.);
#5666=ORIENTED_EDGE('',*,*,#4130,.T.);
#5667=ORIENTED_EDGE('',*,*,#4133,.F.);
#5668=ORIENTED_EDGE('',*,*,#4134,.T.);
#5669=ORIENTED_EDGE('',*,*,#4135,.F.);
#5670=ORIENTED_EDGE('',*,*,#4121,.T.);
#5671=ORIENTED_EDGE('',*,*,#4134,.F.);
#5672=ORIENTED_EDGE('',*,*,#4132,.F.);
#5673=ORIENTED_EDGE('',*,*,#4136,.F.);
#5674=ORIENTED_EDGE('',*,*,#4137,.T.);
#5675=ORIENTED_EDGE('',*,*,#4138,.F.);
#5676=ORIENTED_EDGE('',*,*,#4139,.F.);
#5677=ORIENTED_EDGE('',*,*,#4140,.F.);
#5678=ORIENTED_EDGE('',*,*,#4141,.T.);
#5679=ORIENTED_EDGE('',*,*,#4142,.F.);
#5680=ORIENTED_EDGE('',*,*,#4137,.F.);
#5681=ORIENTED_EDGE('',*,*,#4143,.F.);
#5682=ORIENTED_EDGE('',*,*,#4144,.F.);
#5683=ORIENTED_EDGE('',*,*,#4138,.T.);
#5684=ORIENTED_EDGE('',*,*,#4142,.T.);
#5685=ORIENTED_EDGE('',*,*,#4145,.F.);
#5686=ORIENTED_EDGE('',*,*,#4146,.T.);
#5687=ORIENTED_EDGE('',*,*,#4143,.T.);
#5688=ORIENTED_EDGE('',*,*,#4141,.F.);
#5689=ORIENTED_EDGE('',*,*,#4147,.F.);
#5690=ORIENTED_EDGE('',*,*,#4139,.T.);
#5691=ORIENTED_EDGE('',*,*,#4144,.T.);
#5692=ORIENTED_EDGE('',*,*,#4146,.F.);
#5693=ORIENTED_EDGE('',*,*,#4148,.F.);
#5694=ORIENTED_EDGE('',*,*,#4149,.T.);
#5695=ORIENTED_EDGE('',*,*,#4150,.F.);
#5696=ORIENTED_EDGE('',*,*,#4151,.T.);
#5697=ORIENTED_EDGE('',*,*,#4152,.F.);
#5698=ORIENTED_EDGE('',*,*,#4153,.T.);
#5699=ORIENTED_EDGE('',*,*,#4154,.F.);
#5700=ORIENTED_EDGE('',*,*,#4149,.F.);
#5701=ORIENTED_EDGE('',*,*,#4154,.T.);
#5702=ORIENTED_EDGE('',*,*,#4155,.T.);
#5703=ORIENTED_EDGE('',*,*,#4156,.F.);
#5704=ORIENTED_EDGE('',*,*,#4150,.T.);
#5705=ORIENTED_EDGE('',*,*,#4157,.F.);
#5706=ORIENTED_EDGE('',*,*,#4158,.T.);
#5707=ORIENTED_EDGE('',*,*,#4155,.F.);
#5708=ORIENTED_EDGE('',*,*,#4153,.F.);
#5709=ORIENTED_EDGE('',*,*,#4159,.F.);
#5710=ORIENTED_EDGE('',*,*,#4151,.F.);
#5711=ORIENTED_EDGE('',*,*,#4156,.T.);
#5712=ORIENTED_EDGE('',*,*,#4158,.F.);
#5713=ORIENTED_EDGE('',*,*,#4160,.F.);
#5714=ORIENTED_EDGE('',*,*,#4161,.T.);
#5715=ORIENTED_EDGE('',*,*,#4162,.T.);
#5716=ORIENTED_EDGE('',*,*,#4163,.F.);
#5717=ORIENTED_EDGE('',*,*,#4164,.F.);
#5718=ORIENTED_EDGE('',*,*,#4165,.T.);
#5719=ORIENTED_EDGE('',*,*,#4166,.F.);
#5720=ORIENTED_EDGE('',*,*,#4161,.F.);
#5721=ORIENTED_EDGE('',*,*,#4167,.F.);
#5722=ORIENTED_EDGE('',*,*,#4168,.T.);
#5723=ORIENTED_EDGE('',*,*,#4169,.T.);
#5724=ORIENTED_EDGE('',*,*,#4165,.F.);
#5725=ORIENTED_EDGE('',*,*,#4170,.F.);
#5726=ORIENTED_EDGE('',*,*,#4171,.T.);
#5727=ORIENTED_EDGE('',*,*,#4172,.T.);
#5728=ORIENTED_EDGE('',*,*,#4168,.F.);
#5729=ORIENTED_EDGE('',*,*,#4162,.F.);
#5730=ORIENTED_EDGE('',*,*,#4166,.T.);
#5731=ORIENTED_EDGE('',*,*,#4169,.F.);
#5732=ORIENTED_EDGE('',*,*,#4172,.F.);
#5733=ORIENTED_EDGE('',*,*,#4173,.F.);
#5734=ORIENTED_EDGE('',*,*,#4174,.F.);
#5735=ORIENTED_EDGE('',*,*,#4175,.F.);
#5736=ORIENTED_EDGE('',*,*,#4176,.T.);
#5737=ORIENTED_EDGE('',*,*,#4173,.T.);
#5738=ORIENTED_EDGE('',*,*,#4171,.F.);
#5739=ORIENTED_EDGE('',*,*,#4177,.F.);
#5740=ORIENTED_EDGE('',*,*,#4163,.T.);
#5741=ORIENTED_EDGE('',*,*,#4174,.T.);
#5742=ORIENTED_EDGE('',*,*,#4176,.F.);
#5743=ORIENTED_EDGE('',*,*,#4178,.F.);
#5744=ORIENTED_EDGE('',*,*,#4179,.T.);
#5745=ORIENTED_EDGE('',*,*,#4180,.T.);
#5746=ORIENTED_EDGE('',*,*,#4181,.F.);
#5747=ORIENTED_EDGE('',*,*,#4182,.F.);
#5748=ORIENTED_EDGE('',*,*,#4183,.T.);
#5749=ORIENTED_EDGE('',*,*,#4184,.T.);
#5750=ORIENTED_EDGE('',*,*,#4179,.F.);
#5751=ORIENTED_EDGE('',*,*,#4185,.F.);
#5752=ORIENTED_EDGE('',*,*,#4186,.T.);
#5753=ORIENTED_EDGE('',*,*,#4187,.T.);
#5754=ORIENTED_EDGE('',*,*,#4183,.F.);
#5755=ORIENTED_EDGE('',*,*,#4188,.F.);
#5756=ORIENTED_EDGE('',*,*,#4189,.F.);
#5757=ORIENTED_EDGE('',*,*,#4190,.T.);
#5758=ORIENTED_EDGE('',*,*,#4180,.F.);
#5759=ORIENTED_EDGE('',*,*,#4184,.F.);
#5760=ORIENTED_EDGE('',*,*,#4187,.F.);
#5761=ORIENTED_EDGE('',*,*,#4191,.F.);
#5762=ORIENTED_EDGE('',*,*,#4192,.T.);
#5763=ORIENTED_EDGE('',*,*,#4188,.T.);
#5764=ORIENTED_EDGE('',*,*,#4186,.F.);
#5765=ORIENTED_EDGE('',*,*,#4193,.F.);
#5766=ORIENTED_EDGE('',*,*,#4181,.T.);
#5767=ORIENTED_EDGE('',*,*,#4190,.F.);
#5768=ORIENTED_EDGE('',*,*,#4194,.F.);
#5769=ORIENTED_EDGE('',*,*,#4195,.F.);
#5770=ORIENTED_EDGE('',*,*,#4194,.T.);
#5771=ORIENTED_EDGE('',*,*,#4189,.T.);
#5772=ORIENTED_EDGE('',*,*,#4192,.F.);
#5773=ORIENTED_EDGE('',*,*,#4196,.F.);
#5774=ORIENTED_EDGE('',*,*,#4197,.T.);
#5775=ORIENTED_EDGE('',*,*,#4198,.F.);
#5776=ORIENTED_EDGE('',*,*,#4199,.F.);
#5777=ORIENTED_EDGE('',*,*,#4200,.F.);
#5778=ORIENTED_EDGE('',*,*,#4201,.T.);
#5779=ORIENTED_EDGE('',*,*,#4202,.F.);
#5780=ORIENTED_EDGE('',*,*,#4197,.F.);
#5781=ORIENTED_EDGE('',*,*,#4203,.F.);
#5782=ORIENTED_EDGE('',*,*,#4204,.T.);
#5783=ORIENTED_EDGE('',*,*,#4205,.F.);
#5784=ORIENTED_EDGE('',*,*,#4201,.F.);
#5785=ORIENTED_EDGE('',*,*,#4202,.T.);
#5786=ORIENTED_EDGE('',*,*,#4205,.T.);
#5787=ORIENTED_EDGE('',*,*,#4206,.F.);
#5788=ORIENTED_EDGE('',*,*,#4207,.F.);
#5789=ORIENTED_EDGE('',*,*,#4208,.T.);
#5790=ORIENTED_EDGE('',*,*,#4198,.T.);
#5791=ORIENTED_EDGE('',*,*,#4209,.F.);
#5792=ORIENTED_EDGE('',*,*,#4210,.T.);
#5793=ORIENTED_EDGE('',*,*,#4207,.T.);
#5794=ORIENTED_EDGE('',*,*,#4211,.F.);
#5795=ORIENTED_EDGE('',*,*,#4212,.F.);
#5796=ORIENTED_EDGE('',*,*,#4199,.T.);
#5797=ORIENTED_EDGE('',*,*,#4208,.F.);
#5798=ORIENTED_EDGE('',*,*,#4210,.F.);
#5799=ORIENTED_EDGE('',*,*,#4213,.F.);
#5800=ORIENTED_EDGE('',*,*,#4211,.T.);
#5801=ORIENTED_EDGE('',*,*,#4206,.T.);
#5802=ORIENTED_EDGE('',*,*,#4204,.F.);
#5803=ORIENTED_EDGE('',*,*,#3539,.T.);
#5804=ORIENTED_EDGE('',*,*,#4214,.T.);
#5805=ORIENTED_EDGE('',*,*,#4215,.T.);
#5806=ORIENTED_EDGE('',*,*,#3546,.T.);
#5807=ORIENTED_EDGE('',*,*,#3547,.T.);
#5808=ORIENTED_EDGE('',*,*,#4215,.F.);
#5809=ORIENTED_EDGE('',*,*,#4216,.F.);
#5810=ORIENTED_EDGE('',*,*,#3544,.F.);
#5811=ORIENTED_EDGE('',*,*,#3527,.T.);
#5812=ORIENTED_EDGE('',*,*,#3530,.T.);
#5813=ORIENTED_EDGE('',*,*,#3533,.T.);
#5814=ORIENTED_EDGE('',*,*,#3536,.T.);
#5815=ORIENTED_EDGE('',*,*,#3555,.T.);
#5816=ORIENTED_EDGE('',*,*,#3552,.T.);
#5817=ORIENTED_EDGE('',*,*,#3548,.T.);
#5818=ORIENTED_EDGE('',*,*,#3561,.T.);
#5819=ORIENTED_EDGE('',*,*,#3565,.T.);
#5820=ORIENTED_EDGE('',*,*,#3563,.T.);
#5821=ORIENTED_EDGE('',*,*,#3573,.T.);
#5822=ORIENTED_EDGE('',*,*,#3570,.T.);
#5823=ORIENTED_EDGE('',*,*,#3566,.T.);
#5824=ORIENTED_EDGE('',*,*,#3580,.T.);
#5825=ORIENTED_EDGE('',*,*,#3576,.T.);
#5826=ORIENTED_EDGE('',*,*,#3582,.T.);
#5827=ORIENTED_EDGE('',*,*,#3591,.T.);
#5828=ORIENTED_EDGE('',*,*,#3588,.T.);
#5829=ORIENTED_EDGE('',*,*,#3584,.T.);
#5830=ORIENTED_EDGE('',*,*,#3600,.T.);
#5831=ORIENTED_EDGE('',*,*,#3594,.T.);
#5832=ORIENTED_EDGE('',*,*,#3601,.T.);
#5833=ORIENTED_EDGE('',*,*,#3609,.T.);
#5834=ORIENTED_EDGE('',*,*,#3606,.T.);
#5835=ORIENTED_EDGE('',*,*,#3602,.T.);
#5836=ORIENTED_EDGE('',*,*,#3619,.T.);
#5837=ORIENTED_EDGE('',*,*,#3617,.T.);
#5838=ORIENTED_EDGE('',*,*,#3615,.T.);
#5839=ORIENTED_EDGE('',*,*,#3627,.T.);
#5840=ORIENTED_EDGE('',*,*,#3624,.T.);
#5841=ORIENTED_EDGE('',*,*,#3620,.T.);
#5842=ORIENTED_EDGE('',*,*,#3633,.T.);
#5843=ORIENTED_EDGE('',*,*,#3637,.T.);
#5844=ORIENTED_EDGE('',*,*,#3635,.T.);
#5845=ORIENTED_EDGE('',*,*,#3645,.T.);
#5846=ORIENTED_EDGE('',*,*,#3642,.T.);
#5847=ORIENTED_EDGE('',*,*,#3638,.T.);
#5848=ORIENTED_EDGE('',*,*,#3648,.T.);
#5849=ORIENTED_EDGE('',*,*,#3651,.T.);
#5850=ORIENTED_EDGE('',*,*,#3655,.T.);
#5851=ORIENTED_EDGE('',*,*,#3663,.T.);
#5852=ORIENTED_EDGE('',*,*,#3660,.T.);
#5853=ORIENTED_EDGE('',*,*,#3656,.T.);
#5854=ORIENTED_EDGE('',*,*,#3672,.T.);
#5855=ORIENTED_EDGE('',*,*,#3669,.T.);
#5856=ORIENTED_EDGE('',*,*,#3673,.T.);
#5857=ORIENTED_EDGE('',*,*,#3681,.T.);
#5858=ORIENTED_EDGE('',*,*,#3678,.T.);
#5859=ORIENTED_EDGE('',*,*,#3674,.T.);
#5860=ORIENTED_EDGE('',*,*,#3691,.T.);
#5861=ORIENTED_EDGE('',*,*,#3687,.T.);
#5862=ORIENTED_EDGE('',*,*,#3684,.T.);
#5863=ORIENTED_EDGE('',*,*,#3696,.T.);
#5864=ORIENTED_EDGE('',*,*,#3692,.T.);
#5865=ORIENTED_EDGE('',*,*,#3703,.T.);
#5866=ORIENTED_EDGE('',*,*,#3701,.T.);
#5867=ORIENTED_EDGE('',*,*,#3708,.T.);
#5868=ORIENTED_EDGE('',*,*,#3704,.T.);
#5869=ORIENTED_EDGE('',*,*,#3715,.T.);
#5870=ORIENTED_EDGE('',*,*,#3713,.T.);
#5871=ORIENTED_EDGE('',*,*,#3723,.T.);
#5872=ORIENTED_EDGE('',*,*,#3720,.T.);
#5873=ORIENTED_EDGE('',*,*,#3716,.T.);
#5874=ORIENTED_EDGE('',*,*,#3733,.T.);
#5875=ORIENTED_EDGE('',*,*,#3731,.T.);
#5876=ORIENTED_EDGE('',*,*,#3726,.T.);
#5877=ORIENTED_EDGE('',*,*,#3741,.T.);
#5878=ORIENTED_EDGE('',*,*,#3738,.T.);
#5879=ORIENTED_EDGE('',*,*,#3734,.T.);
#5880=ORIENTED_EDGE('',*,*,#3749,.T.);
#5881=ORIENTED_EDGE('',*,*,#3751,.T.);
#5882=ORIENTED_EDGE('',*,*,#3747,.T.);
#5883=ORIENTED_EDGE('',*,*,#3759,.T.);
#5884=ORIENTED_EDGE('',*,*,#3756,.T.);
#5885=ORIENTED_EDGE('',*,*,#3752,.T.);
#5886=ORIENTED_EDGE('',*,*,#3768,.T.);
#5887=ORIENTED_EDGE('',*,*,#3765,.T.);
#5888=ORIENTED_EDGE('',*,*,#3769,.T.);
#5889=ORIENTED_EDGE('',*,*,#3777,.T.);
#5890=ORIENTED_EDGE('',*,*,#3774,.T.);
#5891=ORIENTED_EDGE('',*,*,#3770,.T.);
#5892=ORIENTED_EDGE('',*,*,#3783,.T.);
#5893=ORIENTED_EDGE('',*,*,#3787,.T.);
#5894=ORIENTED_EDGE('',*,*,#3785,.T.);
#5895=ORIENTED_EDGE('',*,*,#3795,.T.);
#5896=ORIENTED_EDGE('',*,*,#3792,.T.);
#5897=ORIENTED_EDGE('',*,*,#3788,.T.);
#5898=ORIENTED_EDGE('',*,*,#3802,.T.);
#5899=ORIENTED_EDGE('',*,*,#3798,.T.);
#5900=ORIENTED_EDGE('',*,*,#3804,.T.);
#5901=ORIENTED_EDGE('',*,*,#3813,.T.);
#5902=ORIENTED_EDGE('',*,*,#3810,.T.);
#5903=ORIENTED_EDGE('',*,*,#3806,.T.);
#5904=ORIENTED_EDGE('',*,*,#3822,.T.);
#5905=ORIENTED_EDGE('',*,*,#3816,.T.);
#5906=ORIENTED_EDGE('',*,*,#3823,.T.);
#5907=ORIENTED_EDGE('',*,*,#3831,.T.);
#5908=ORIENTED_EDGE('',*,*,#3828,.T.);
#5909=ORIENTED_EDGE('',*,*,#3824,.T.);
#5910=ORIENTED_EDGE('',*,*,#3841,.T.);
#5911=ORIENTED_EDGE('',*,*,#3839,.T.);
#5912=ORIENTED_EDGE('',*,*,#3837,.T.);
#5913=ORIENTED_EDGE('',*,*,#3849,.T.);
#5914=ORIENTED_EDGE('',*,*,#3846,.T.);
#5915=ORIENTED_EDGE('',*,*,#3842,.T.);
#5916=ORIENTED_EDGE('',*,*,#3855,.T.);
#5917=ORIENTED_EDGE('',*,*,#3859,.T.);
#5918=ORIENTED_EDGE('',*,*,#3857,.T.);
#5919=ORIENTED_EDGE('',*,*,#3867,.T.);
#5920=ORIENTED_EDGE('',*,*,#3864,.T.);
#5921=ORIENTED_EDGE('',*,*,#3860,.T.);
#5922=ORIENTED_EDGE('',*,*,#3870,.T.);
#5923=ORIENTED_EDGE('',*,*,#3873,.T.);
#5924=ORIENTED_EDGE('',*,*,#3877,.T.);
#5925=ORIENTED_EDGE('',*,*,#3885,.T.);
#5926=ORIENTED_EDGE('',*,*,#3882,.T.);
#5927=ORIENTED_EDGE('',*,*,#3878,.T.);
#5928=ORIENTED_EDGE('',*,*,#3894,.T.);
#5929=ORIENTED_EDGE('',*,*,#3891,.T.);
#5930=ORIENTED_EDGE('',*,*,#3895,.T.);
#5931=ORIENTED_EDGE('',*,*,#3903,.T.);
#5932=ORIENTED_EDGE('',*,*,#3900,.T.);
#5933=ORIENTED_EDGE('',*,*,#3896,.T.);
#5934=ORIENTED_EDGE('',*,*,#3913,.T.);
#5935=ORIENTED_EDGE('',*,*,#3909,.T.);
#5936=ORIENTED_EDGE('',*,*,#3906,.T.);
#5937=ORIENTED_EDGE('',*,*,#3918,.T.);
#5938=ORIENTED_EDGE('',*,*,#3914,.T.);
#5939=ORIENTED_EDGE('',*,*,#3925,.T.);
#5940=ORIENTED_EDGE('',*,*,#3923,.T.);
#5941=ORIENTED_EDGE('',*,*,#3930,.T.);
#5942=ORIENTED_EDGE('',*,*,#3926,.T.);
#5943=ORIENTED_EDGE('',*,*,#3937,.T.);
#5944=ORIENTED_EDGE('',*,*,#3935,.T.);
#5945=ORIENTED_EDGE('',*,*,#3945,.T.);
#5946=ORIENTED_EDGE('',*,*,#3942,.T.);
#5947=ORIENTED_EDGE('',*,*,#3938,.T.);
#5948=ORIENTED_EDGE('',*,*,#3955,.T.);
#5949=ORIENTED_EDGE('',*,*,#3953,.T.);
#5950=ORIENTED_EDGE('',*,*,#3948,.T.);
#5951=ORIENTED_EDGE('',*,*,#3963,.T.);
#5952=ORIENTED_EDGE('',*,*,#3960,.T.);
#5953=ORIENTED_EDGE('',*,*,#3956,.T.);
#5954=ORIENTED_EDGE('',*,*,#3971,.T.);
#5955=ORIENTED_EDGE('',*,*,#3973,.T.);
#5956=ORIENTED_EDGE('',*,*,#3969,.T.);
#5957=ORIENTED_EDGE('',*,*,#3981,.T.);
#5958=ORIENTED_EDGE('',*,*,#3978,.T.);
#5959=ORIENTED_EDGE('',*,*,#3974,.T.);
#5960=ORIENTED_EDGE('',*,*,#3990,.T.);
#5961=ORIENTED_EDGE('',*,*,#3987,.T.);
#5962=ORIENTED_EDGE('',*,*,#3991,.T.);
#5963=ORIENTED_EDGE('',*,*,#3999,.T.);
#5964=ORIENTED_EDGE('',*,*,#3996,.T.);
#5965=ORIENTED_EDGE('',*,*,#3992,.T.);
#5966=ORIENTED_EDGE('',*,*,#4005,.T.);
#5967=ORIENTED_EDGE('',*,*,#4009,.T.);
#5968=ORIENTED_EDGE('',*,*,#4007,.T.);
#5969=ORIENTED_EDGE('',*,*,#4017,.T.);
#5970=ORIENTED_EDGE('',*,*,#4014,.T.);
#5971=ORIENTED_EDGE('',*,*,#4010,.T.);
#5972=ORIENTED_EDGE('',*,*,#4024,.T.);
#5973=ORIENTED_EDGE('',*,*,#4020,.T.);
#5974=ORIENTED_EDGE('',*,*,#4026,.T.);
#5975=ORIENTED_EDGE('',*,*,#4035,.T.);
#5976=ORIENTED_EDGE('',*,*,#4032,.T.);
#5977=ORIENTED_EDGE('',*,*,#4028,.T.);
#5978=ORIENTED_EDGE('',*,*,#4044,.T.);
#5979=ORIENTED_EDGE('',*,*,#4038,.T.);
#5980=ORIENTED_EDGE('',*,*,#4045,.T.);
#5981=ORIENTED_EDGE('',*,*,#4053,.T.);
#5982=ORIENTED_EDGE('',*,*,#4050,.T.);
#5983=ORIENTED_EDGE('',*,*,#4046,.T.);
#5984=ORIENTED_EDGE('',*,*,#4063,.T.);
#5985=ORIENTED_EDGE('',*,*,#4061,.T.);
#5986=ORIENTED_EDGE('',*,*,#4059,.T.);
#5987=ORIENTED_EDGE('',*,*,#4071,.T.);
#5988=ORIENTED_EDGE('',*,*,#4068,.T.);
#5989=ORIENTED_EDGE('',*,*,#4064,.T.);
#5990=ORIENTED_EDGE('',*,*,#4077,.T.);
#5991=ORIENTED_EDGE('',*,*,#4081,.T.);
#5992=ORIENTED_EDGE('',*,*,#4079,.T.);
#5993=ORIENTED_EDGE('',*,*,#4089,.T.);
#5994=ORIENTED_EDGE('',*,*,#4086,.T.);
#5995=ORIENTED_EDGE('',*,*,#4082,.T.);
#5996=ORIENTED_EDGE('',*,*,#4092,.T.);
#5997=ORIENTED_EDGE('',*,*,#4095,.T.);
#5998=ORIENTED_EDGE('',*,*,#4099,.T.);
#5999=ORIENTED_EDGE('',*,*,#4107,.T.);
#6000=ORIENTED_EDGE('',*,*,#4104,.T.);
#6001=ORIENTED_EDGE('',*,*,#4100,.T.);
#6002=ORIENTED_EDGE('',*,*,#4116,.T.);
#6003=ORIENTED_EDGE('',*,*,#4113,.T.);
#6004=ORIENTED_EDGE('',*,*,#4117,.T.);
#6005=ORIENTED_EDGE('',*,*,#4125,.T.);
#6006=ORIENTED_EDGE('',*,*,#4122,.T.);
#6007=ORIENTED_EDGE('',*,*,#4118,.T.);
#6008=ORIENTED_EDGE('',*,*,#4135,.T.);
#6009=ORIENTED_EDGE('',*,*,#4131,.T.);
#6010=ORIENTED_EDGE('',*,*,#4128,.T.);
#6011=ORIENTED_EDGE('',*,*,#4140,.T.);
#6012=ORIENTED_EDGE('',*,*,#4136,.T.);
#6013=ORIENTED_EDGE('',*,*,#4147,.T.);
#6014=ORIENTED_EDGE('',*,*,#4145,.T.);
#6015=ORIENTED_EDGE('',*,*,#4152,.T.);
#6016=ORIENTED_EDGE('',*,*,#4148,.T.);
#6017=ORIENTED_EDGE('',*,*,#4159,.T.);
#6018=ORIENTED_EDGE('',*,*,#4157,.T.);
#6019=ORIENTED_EDGE('',*,*,#4167,.T.);
#6020=ORIENTED_EDGE('',*,*,#4164,.T.);
#6021=ORIENTED_EDGE('',*,*,#4160,.T.);
#6022=ORIENTED_EDGE('',*,*,#4177,.T.);
#6023=ORIENTED_EDGE('',*,*,#4175,.T.);
#6024=ORIENTED_EDGE('',*,*,#4170,.T.);
#6025=ORIENTED_EDGE('',*,*,#4185,.T.);
#6026=ORIENTED_EDGE('',*,*,#4182,.T.);
#6027=ORIENTED_EDGE('',*,*,#4178,.T.);
#6028=ORIENTED_EDGE('',*,*,#4193,.T.);
#6029=ORIENTED_EDGE('',*,*,#4195,.T.);
#6030=ORIENTED_EDGE('',*,*,#4191,.T.);
#6031=ORIENTED_EDGE('',*,*,#4203,.T.);
#6032=ORIENTED_EDGE('',*,*,#4200,.T.);
#6033=ORIENTED_EDGE('',*,*,#4196,.T.);
#6034=ORIENTED_EDGE('',*,*,#4212,.T.);
#6035=ORIENTED_EDGE('',*,*,#4209,.T.);
#6036=ORIENTED_EDGE('',*,*,#4213,.T.);
#6037=ORIENTED_EDGE('',*,*,#3542,.T.);
#6038=ORIENTED_EDGE('',*,*,#3545,.F.);
#6039=ORIENTED_EDGE('',*,*,#4216,.T.);
#6040=ORIENTED_EDGE('',*,*,#4214,.F.);
#6041=PLANE('',#6806);
#6042=PLANE('',#6807);
#6043=PLANE('',#6808);
#6044=PLANE('',#6809);
#6045=PLANE('',#6810);
#6046=PLANE('',#6811);
#6047=PLANE('',#6812);
#6048=PLANE('',#6813);
#6049=PLANE('',#6814);
#6050=PLANE('',#6815);
#6051=PLANE('',#6816);
#6052=PLANE('',#6817);
#6053=PLANE('',#6818);
#6054=PLANE('',#6819);
#6055=PLANE('',#6820);
#6056=PLANE('',#6821);
#6057=PLANE('',#6822);
#6058=PLANE('',#6823);
#6059=PLANE('',#6824);
#6060=PLANE('',#6825);
#6061=PLANE('',#6826);
#6062=PLANE('',#6827);
#6063=PLANE('',#6828);
#6064=PLANE('',#6829);
#6065=PLANE('',#6830);
#6066=PLANE('',#6831);
#6067=PLANE('',#6832);
#6068=PLANE('',#6833);
#6069=PLANE('',#6834);
#6070=PLANE('',#6835);
#6071=PLANE('',#6836);
#6072=PLANE('',#6837);
#6073=PLANE('',#6838);
#6074=PLANE('',#6839);
#6075=PLANE('',#6840);
#6076=PLANE('',#6841);
#6077=PLANE('',#6842);
#6078=PLANE('',#6843);
#6079=PLANE('',#6844);
#6080=PLANE('',#6845);
#6081=PLANE('',#6846);
#6082=PLANE('',#6847);
#6083=PLANE('',#6848);
#6084=PLANE('',#6849);
#6085=PLANE('',#6850);
#6086=PLANE('',#6851);
#6087=PLANE('',#6852);
#6088=PLANE('',#6853);
#6089=PLANE('',#6854);
#6090=PLANE('',#6855);
#6091=PLANE('',#6856);
#6092=PLANE('',#6857);
#6093=PLANE('',#6858);
#6094=PLANE('',#6859);
#6095=PLANE('',#6860);
#6096=PLANE('',#6861);
#6097=PLANE('',#6862);
#6098=PLANE('',#6863);
#6099=PLANE('',#6864);
#6100=PLANE('',#6865);
#6101=PLANE('',#6866);
#6102=PLANE('',#6867);
#6103=PLANE('',#6868);
#6104=PLANE('',#6869);
#6105=PLANE('',#6870);
#6106=PLANE('',#6871);
#6107=PLANE('',#6872);
#6108=PLANE('',#6873);
#6109=PLANE('',#6874);
#6110=PLANE('',#6875);
#6111=PLANE('',#6876);
#6112=PLANE('',#6877);
#6113=PLANE('',#6878);
#6114=PLANE('',#6879);
#6115=PLANE('',#6880);
#6116=PLANE('',#6881);
#6117=PLANE('',#6882);
#6118=PLANE('',#6883);
#6119=PLANE('',#6884);
#6120=PLANE('',#6885);
#6121=PLANE('',#6886);
#6122=PLANE('',#6887);
#6123=PLANE('',#6888);
#6124=PLANE('',#6889);
#6125=PLANE('',#6890);
#6126=PLANE('',#6891);
#6127=PLANE('',#6892);
#6128=PLANE('',#6893);
#6129=PLANE('',#6894);
#6130=PLANE('',#6895);
#6131=PLANE('',#6896);
#6132=PLANE('',#6897);
#6133=PLANE('',#6898);
#6134=PLANE('',#6899);
#6135=PLANE('',#6900);
#6136=PLANE('',#6901);
#6137=PLANE('',#6902);
#6138=PLANE('',#6903);
#6139=PLANE('',#6904);
#6140=PLANE('',#6905);
#6141=PLANE('',#6918);
#6142=PLANE('',#6919);
#6143=PLANE('',#6920);
#6144=PLANE('',#6921);
#6145=PLANE('',#6922);
#6146=PLANE('',#6923);
#6147=PLANE('',#6924);
#6148=PLANE('',#6925);
#6149=PLANE('',#6926);
#6150=PLANE('',#6927);
#6151=PLANE('',#6928);
#6152=PLANE('',#6929);
#6153=PLANE('',#6930);
#6154=PLANE('',#6931);
#6155=PLANE('',#6932);
#6156=PLANE('',#6933);
#6157=PLANE('',#6934);
#6158=PLANE('',#6935);
#6159=PLANE('',#6936);
#6160=PLANE('',#6937);
#6161=PLANE('',#6938);
#6162=PLANE('',#6939);
#6163=PLANE('',#6940);
#6164=PLANE('',#6941);
#6165=PLANE('',#6942);
#6166=PLANE('',#6943);
#6167=PLANE('',#6944);
#6168=PLANE('',#6945);
#6169=PLANE('',#6946);
#6170=PLANE('',#6947);
#6171=PLANE('',#6948);
#6172=PLANE('',#6949);
#6173=PLANE('',#6950);
#6174=PLANE('',#6951);
#6175=PLANE('',#6952);
#6176=PLANE('',#6953);
#6177=PLANE('',#6954);
#6178=PLANE('',#6955);
#6179=PLANE('',#6956);
#6180=PLANE('',#6957);
#6181=PLANE('',#6958);
#6182=PLANE('',#6959);
#6183=PLANE('',#6960);
#6184=PLANE('',#6961);
#6185=PLANE('',#6962);
#6186=PLANE('',#6963);
#6187=PLANE('',#6964);
#6188=PLANE('',#6965);
#6189=PLANE('',#6966);
#6190=PLANE('',#6967);
#6191=PLANE('',#6968);
#6192=PLANE('',#6969);
#6193=PLANE('',#6970);
#6194=PLANE('',#6971);
#6195=PLANE('',#6972);
#6196=PLANE('',#6973);
#6197=PLANE('',#6974);
#6198=PLANE('',#6975);
#6199=PLANE('',#6976);
#6200=PLANE('',#6977);
#6201=PLANE('',#6978);
#6202=PLANE('',#6979);
#6203=PLANE('',#6980);
#6204=PLANE('',#6981);
#6205=PLANE('',#6982);
#6206=PLANE('',#6983);
#6207=PLANE('',#6984);
#6208=PLANE('',#6985);
#6209=PLANE('',#6986);
#6210=PLANE('',#6987);
#6211=PLANE('',#6988);
#6212=PLANE('',#6989);
#6213=PLANE('',#6990);
#6214=PLANE('',#6991);
#6215=PLANE('',#6992);
#6216=PLANE('',#6993);
#6217=PLANE('',#6994);
#6218=PLANE('',#6995);
#6219=PLANE('',#6996);
#6220=PLANE('',#6997);
#6221=PLANE('',#6998);
#6222=PLANE('',#6999);
#6223=PLANE('',#7000);
#6224=PLANE('',#7001);
#6225=PLANE('',#7002);
#6226=PLANE('',#7003);
#6227=PLANE('',#7004);
#6228=PLANE('',#7005);
#6229=PLANE('',#7006);
#6230=PLANE('',#7007);
#6231=PLANE('',#7008);
#6232=PLANE('',#7009);
#6233=PLANE('',#7010);
#6234=PLANE('',#7011);
#6235=PLANE('',#7012);
#6236=PLANE('',#7013);
#6237=PLANE('',#7014);
#6238=PLANE('',#7015);
#6239=PLANE('',#7016);
#6240=PLANE('',#7017);
#6241=PLANE('',#7018);
#6242=PLANE('',#7019);
#6243=PLANE('',#7020);
#6244=PLANE('',#7021);
#6245=PLANE('',#7022);
#6246=PLANE('',#7023);
#6247=PLANE('',#7024);
#6248=PLANE('',#7025);
#6249=PLANE('',#7026);
#6250=PLANE('',#7027);
#6251=PLANE('',#7028);
#6252=PLANE('',#7029);
#6253=PLANE('',#7030);
#6254=PLANE('',#7031);
#6255=PLANE('',#7032);
#6256=PLANE('',#7033);
#6257=PLANE('',#7034);
#6258=PLANE('',#7035);
#6259=PLANE('',#7036);
#6260=PLANE('',#7037);
#6261=PLANE('',#7038);
#6262=PLANE('',#7039);
#6263=PLANE('',#7040);
#6264=PLANE('',#7041);
#6265=PLANE('',#7042);
#6266=PLANE('',#7043);
#6267=PLANE('',#7044);
#6268=PLANE('',#7045);
#6269=PLANE('',#7046);
#6270=PLANE('',#7047);
#6271=PLANE('',#7048);
#6272=PLANE('',#7049);
#6273=PLANE('',#7050);
#6274=PLANE('',#7051);
#6275=PLANE('',#7052);
#6276=PLANE('',#7053);
#6277=PLANE('',#7054);
#6278=PLANE('',#7055);
#6279=PLANE('',#7056);
#6280=PLANE('',#7057);
#6281=PLANE('',#7058);
#6282=PLANE('',#7059);
#6283=PLANE('',#7060);
#6284=PLANE('',#7061);
#6285=PLANE('',#7062);
#6286=PLANE('',#7063);
#6287=PLANE('',#7064);
#6288=PLANE('',#7065);
#6289=PLANE('',#7066);
#6290=PLANE('',#7067);
#6291=PLANE('',#7068);
#6292=PLANE('',#7069);
#6293=PLANE('',#7070);
#6294=PLANE('',#7071);
#6295=PLANE('',#7072);
#6296=PLANE('',#7073);
#6297=PLANE('',#7074);
#6298=PLANE('',#7075);
#6299=PLANE('',#7076);
#6300=PLANE('',#7077);
#6301=PLANE('',#7078);
#6302=PLANE('',#7079);
#6303=PLANE('',#7080);
#6304=PLANE('',#7081);
#6305=PLANE('',#7082);
#6306=PLANE('',#7083);
#6307=PLANE('',#7084);
#6308=PLANE('',#7085);
#6309=PLANE('',#7086);
#6310=PLANE('',#7087);
#6311=PLANE('',#7088);
#6312=PLANE('',#7089);
#6313=PLANE('',#7090);
#6314=PLANE('',#7091);
#6315=PLANE('',#7092);
#6316=PLANE('',#7093);
#6317=PLANE('',#7094);
#6318=PLANE('',#7095);
#6319=PLANE('',#7096);
#6320=PLANE('',#7097);
#6321=PLANE('',#7098);
#6322=PLANE('',#7099);
#6323=PLANE('',#7100);
#6324=PLANE('',#7101);
#6325=PLANE('',#7102);
#6326=PLANE('',#7103);
#6327=PLANE('',#7104);
#6328=PLANE('',#7105);
#6329=PLANE('',#7106);
#6330=PLANE('',#7107);
#6331=PLANE('',#7108);
#6332=PLANE('',#7109);
#6333=PLANE('',#7110);
#6334=PLANE('',#7111);
#6335=PLANE('',#7112);
#6336=PLANE('',#7113);
#6337=PLANE('',#7114);
#6338=PLANE('',#7115);
#6339=PLANE('',#7116);
#6340=PLANE('',#7117);
#6341=PLANE('',#7118);
#6342=PLANE('',#7119);
#6343=PLANE('',#7120);
#6344=PLANE('',#7121);
#6345=PLANE('',#7122);
#6346=PLANE('',#7123);
#6347=PLANE('',#7124);
#6348=PLANE('',#7125);
#6349=PLANE('',#7126);
#6350=PLANE('',#7127);
#6351=PLANE('',#7128);
#6352=PLANE('',#7129);
#6353=PLANE('',#7130);
#6354=PLANE('',#7131);
#6355=PLANE('',#7132);
#6356=PLANE('',#7133);
#6357=PLANE('',#7134);
#6358=PLANE('',#7135);
#6359=PLANE('',#7136);
#6360=PLANE('',#7137);
#6361=PLANE('',#7138);
#6362=PLANE('',#7139);
#6363=PLANE('',#7140);
#6364=PLANE('',#7141);
#6365=PLANE('',#7142);
#6366=PLANE('',#7143);
#6367=PLANE('',#7144);
#6368=PLANE('',#7145);
#6369=PLANE('',#7146);
#6370=PLANE('',#7147);
#6371=PLANE('',#7148);
#6372=PLANE('',#7149);
#6373=PLANE('',#7150);
#6374=PLANE('',#7151);
#6375=PLANE('',#7152);
#6376=PLANE('',#7153);
#6377=PLANE('',#7154);
#6378=PLANE('',#7155);
#6379=PLANE('',#7156);
#6380=PLANE('',#7157);
#6381=PLANE('',#7158);
#6382=PLANE('',#7159);
#6383=PLANE('',#7160);
#6384=PLANE('',#7161);
#6385=PLANE('',#7162);
#6386=PLANE('',#7163);
#6387=PLANE('',#7164);
#6388=PLANE('',#7165);
#6389=PLANE('',#7166);
#6390=PLANE('',#7167);
#6391=PLANE('',#7168);
#6392=PLANE('',#7169);
#6393=PLANE('',#7170);
#6394=PLANE('',#7171);
#6395=PLANE('',#7172);
#6396=PLANE('',#7173);
#6397=PLANE('',#7174);
#6398=PLANE('',#7175);
#6399=PLANE('',#7176);
#6400=PLANE('',#7177);
#6401=PLANE('',#7178);
#6402=PLANE('',#7179);
#6403=PLANE('',#7180);
#6404=PLANE('',#7181);
#6405=PLANE('',#7182);
#6406=PLANE('',#7183);
#6407=PLANE('',#7184);
#6408=ADVANCED_FACE('',(#100),#6041,.T.);
#6409=ADVANCED_FACE('',(#101),#6042,.T.);
#6410=ADVANCED_FACE('',(#102),#6043,.T.);
#6411=ADVANCED_FACE('',(#103),#6044,.T.);
#6412=ADVANCED_FACE('',(#104),#6045,.T.);
#6413=ADVANCED_FACE('',(#105),#6046,.T.);
#6414=ADVANCED_FACE('',(#106),#6047,.T.);
#6415=ADVANCED_FACE('',(#107),#6048,.T.);
#6416=ADVANCED_FACE('',(#108),#6049,.T.);
#6417=ADVANCED_FACE('',(#109),#6050,.T.);
#6418=ADVANCED_FACE('',(#110),#6051,.T.);
#6419=ADVANCED_FACE('',(#111),#6052,.T.);
#6420=ADVANCED_FACE('',(#112),#6053,.T.);
#6421=ADVANCED_FACE('',(#113),#6054,.T.);
#6422=ADVANCED_FACE('',(#114),#6055,.T.);
#6423=ADVANCED_FACE('',(#115),#6056,.T.);
#6424=ADVANCED_FACE('',(#116),#6057,.T.);
#6425=ADVANCED_FACE('',(#117),#6058,.T.);
#6426=ADVANCED_FACE('',(#118),#6059,.T.);
#6427=ADVANCED_FACE('',(#119),#6060,.T.);
#6428=ADVANCED_FACE('',(#120),#6061,.T.);
#6429=ADVANCED_FACE('',(#121),#6062,.T.);
#6430=ADVANCED_FACE('',(#122),#6063,.T.);
#6431=ADVANCED_FACE('',(#123),#6064,.T.);
#6432=ADVANCED_FACE('',(#124),#6065,.T.);
#6433=ADVANCED_FACE('',(#125),#6066,.T.);
#6434=ADVANCED_FACE('',(#126),#6067,.T.);
#6435=ADVANCED_FACE('',(#127),#6068,.T.);
#6436=ADVANCED_FACE('',(#128),#6069,.T.);
#6437=ADVANCED_FACE('',(#129),#6070,.T.);
#6438=ADVANCED_FACE('',(#130),#6071,.T.);
#6439=ADVANCED_FACE('',(#131),#6072,.T.);
#6440=ADVANCED_FACE('',(#132),#6073,.T.);
#6441=ADVANCED_FACE('',(#133),#6074,.T.);
#6442=ADVANCED_FACE('',(#134),#6075,.T.);
#6443=ADVANCED_FACE('',(#135),#6076,.T.);
#6444=ADVANCED_FACE('',(#136),#6077,.T.);
#6445=ADVANCED_FACE('',(#137),#6078,.T.);
#6446=ADVANCED_FACE('',(#138),#6079,.T.);
#6447=ADVANCED_FACE('',(#139),#6080,.T.);
#6448=ADVANCED_FACE('',(#140),#6081,.T.);
#6449=ADVANCED_FACE('',(#141),#6082,.T.);
#6450=ADVANCED_FACE('',(#142),#6083,.T.);
#6451=ADVANCED_FACE('',(#143),#6084,.T.);
#6452=ADVANCED_FACE('',(#144),#6085,.T.);
#6453=ADVANCED_FACE('',(#145),#6086,.T.);
#6454=ADVANCED_FACE('',(#146),#6087,.T.);
#6455=ADVANCED_FACE('',(#147),#6088,.T.);
#6456=ADVANCED_FACE('',(#148),#6089,.T.);
#6457=ADVANCED_FACE('',(#149),#6090,.T.);
#6458=ADVANCED_FACE('',(#150),#6091,.T.);
#6459=ADVANCED_FACE('',(#151),#6092,.T.);
#6460=ADVANCED_FACE('',(#152),#6093,.T.);
#6461=ADVANCED_FACE('',(#153),#6094,.T.);
#6462=ADVANCED_FACE('',(#154),#6095,.T.);
#6463=ADVANCED_FACE('',(#155),#6096,.T.);
#6464=ADVANCED_FACE('',(#156),#6097,.T.);
#6465=ADVANCED_FACE('',(#157),#6098,.T.);
#6466=ADVANCED_FACE('',(#158),#6099,.T.);
#6467=ADVANCED_FACE('',(#159),#6100,.T.);
#6468=ADVANCED_FACE('',(#160),#6101,.T.);
#6469=ADVANCED_FACE('',(#161),#6102,.T.);
#6470=ADVANCED_FACE('',(#162),#6103,.T.);
#6471=ADVANCED_FACE('',(#163),#6104,.T.);
#6472=ADVANCED_FACE('',(#164),#6105,.T.);
#6473=ADVANCED_FACE('',(#165),#6106,.T.);
#6474=ADVANCED_FACE('',(#166),#6107,.T.);
#6475=ADVANCED_FACE('',(#167),#6108,.T.);
#6476=ADVANCED_FACE('',(#168),#6109,.T.);
#6477=ADVANCED_FACE('',(#169),#6110,.T.);
#6478=ADVANCED_FACE('',(#170),#6111,.T.);
#6479=ADVANCED_FACE('',(#171),#6112,.T.);
#6480=ADVANCED_FACE('',(#172),#6113,.T.);
#6481=ADVANCED_FACE('',(#173),#6114,.T.);
#6482=ADVANCED_FACE('',(#174),#6115,.T.);
#6483=ADVANCED_FACE('',(#175),#6116,.T.);
#6484=ADVANCED_FACE('',(#176),#6117,.T.);
#6485=ADVANCED_FACE('',(#177),#6118,.T.);
#6486=ADVANCED_FACE('',(#178),#6119,.T.);
#6487=ADVANCED_FACE('',(#179),#6120,.T.);
#6488=ADVANCED_FACE('',(#180),#6121,.T.);
#6489=ADVANCED_FACE('',(#181),#6122,.T.);
#6490=ADVANCED_FACE('',(#182),#6123,.T.);
#6491=ADVANCED_FACE('',(#183),#6124,.T.);
#6492=ADVANCED_FACE('',(#184),#6125,.T.);
#6493=ADVANCED_FACE('',(#185),#6126,.T.);
#6494=ADVANCED_FACE('',(#186),#6127,.T.);
#6495=ADVANCED_FACE('',(#187),#6128,.T.);
#6496=ADVANCED_FACE('',(#188),#6129,.T.);
#6497=ADVANCED_FACE('',(#189),#6130,.T.);
#6498=ADVANCED_FACE('',(#190),#6131,.T.);
#6499=ADVANCED_FACE('',(#191),#6132,.T.);
#6500=ADVANCED_FACE('',(#192),#6133,.T.);
#6501=ADVANCED_FACE('',(#193),#6134,.T.);
#6502=ADVANCED_FACE('',(#194),#6135,.T.);
#6503=ADVANCED_FACE('',(#195),#6136,.T.);
#6504=ADVANCED_FACE('',(#196),#6137,.T.);
#6505=ADVANCED_FACE('',(#197),#6138,.T.);
#6506=ADVANCED_FACE('',(#198),#6139,.T.);
#6507=ADVANCED_FACE('',(#199),#6140,.T.);
#6508=ADVANCED_FACE('',(#200),#68,.F.);
#6509=ADVANCED_FACE('',(#201),#69,.F.);
#6510=ADVANCED_FACE('',(#202),#70,.F.);
#6511=ADVANCED_FACE('',(#203),#71,.F.);
#6512=ADVANCED_FACE('',(#204,#13,#14,#15,#16),#6141,.T.);
#6513=ADVANCED_FACE('',(#205),#6142,.T.);
#6514=ADVANCED_FACE('',(#206),#6143,.F.);
#6515=ADVANCED_FACE('',(#207),#6144,.T.);
#6516=ADVANCED_FACE('',(#208),#6145,.T.);
#6517=ADVANCED_FACE('',(#209),#6146,.T.);
#6518=ADVANCED_FACE('',(#210),#6147,.T.);
#6519=ADVANCED_FACE('',(#211),#6148,.T.);
#6520=ADVANCED_FACE('',(#212),#6149,.T.);
#6521=ADVANCED_FACE('',(#213),#6150,.T.);
#6522=ADVANCED_FACE('',(#214),#6151,.T.);
#6523=ADVANCED_FACE('',(#215),#6152,.T.);
#6524=ADVANCED_FACE('',(#216),#6153,.T.);
#6525=ADVANCED_FACE('',(#217),#6154,.T.);
#6526=ADVANCED_FACE('',(#218),#6155,.T.);
#6527=ADVANCED_FACE('',(#219),#6156,.T.);
#6528=ADVANCED_FACE('',(#220),#6157,.T.);
#6529=ADVANCED_FACE('',(#221),#6158,.T.);
#6530=ADVANCED_FACE('',(#222),#6159,.T.);
#6531=ADVANCED_FACE('',(#223),#6160,.T.);
#6532=ADVANCED_FACE('',(#224),#6161,.T.);
#6533=ADVANCED_FACE('',(#225),#6162,.T.);
#6534=ADVANCED_FACE('',(#226),#6163,.T.);
#6535=ADVANCED_FACE('',(#227),#6164,.T.);
#6536=ADVANCED_FACE('',(#228),#6165,.T.);
#6537=ADVANCED_FACE('',(#229),#6166,.T.);
#6538=ADVANCED_FACE('',(#230),#6167,.T.);
#6539=ADVANCED_FACE('',(#231),#6168,.T.);
#6540=ADVANCED_FACE('',(#232),#6169,.T.);
#6541=ADVANCED_FACE('',(#233),#6170,.T.);
#6542=ADVANCED_FACE('',(#234),#6171,.T.);
#6543=ADVANCED_FACE('',(#235),#6172,.T.);
#6544=ADVANCED_FACE('',(#236),#6173,.T.);
#6545=ADVANCED_FACE('',(#237),#6174,.T.);
#6546=ADVANCED_FACE('',(#238),#6175,.T.);
#6547=ADVANCED_FACE('',(#239),#6176,.T.);
#6548=ADVANCED_FACE('',(#240),#6177,.T.);
#6549=ADVANCED_FACE('',(#241),#6178,.T.);
#6550=ADVANCED_FACE('',(#242),#6179,.T.);
#6551=ADVANCED_FACE('',(#243),#6180,.T.);
#6552=ADVANCED_FACE('',(#244),#6181,.T.);
#6553=ADVANCED_FACE('',(#245),#6182,.T.);
#6554=ADVANCED_FACE('',(#246),#6183,.T.);
#6555=ADVANCED_FACE('',(#247),#6184,.T.);
#6556=ADVANCED_FACE('',(#248),#6185,.T.);
#6557=ADVANCED_FACE('',(#249),#6186,.T.);
#6558=ADVANCED_FACE('',(#250),#6187,.T.);
#6559=ADVANCED_FACE('',(#251),#6188,.T.);
#6560=ADVANCED_FACE('',(#252),#6189,.T.);
#6561=ADVANCED_FACE('',(#253),#6190,.T.);
#6562=ADVANCED_FACE('',(#254),#6191,.T.);
#6563=ADVANCED_FACE('',(#255),#6192,.T.);
#6564=ADVANCED_FACE('',(#256),#6193,.T.);
#6565=ADVANCED_FACE('',(#257),#6194,.T.);
#6566=ADVANCED_FACE('',(#258),#6195,.T.);
#6567=ADVANCED_FACE('',(#259),#6196,.T.);
#6568=ADVANCED_FACE('',(#260),#6197,.T.);
#6569=ADVANCED_FACE('',(#261),#6198,.T.);
#6570=ADVANCED_FACE('',(#262),#6199,.T.);
#6571=ADVANCED_FACE('',(#263),#6200,.T.);
#6572=ADVANCED_FACE('',(#264),#6201,.T.);
#6573=ADVANCED_FACE('',(#265),#6202,.T.);
#6574=ADVANCED_FACE('',(#266),#6203,.T.);
#6575=ADVANCED_FACE('',(#267),#6204,.T.);
#6576=ADVANCED_FACE('',(#268),#6205,.T.);
#6577=ADVANCED_FACE('',(#269),#6206,.T.);
#6578=ADVANCED_FACE('',(#270),#6207,.T.);
#6579=ADVANCED_FACE('',(#271),#6208,.T.);
#6580=ADVANCED_FACE('',(#272),#6209,.T.);
#6581=ADVANCED_FACE('',(#273),#6210,.T.);
#6582=ADVANCED_FACE('',(#274),#6211,.T.);
#6583=ADVANCED_FACE('',(#275),#6212,.T.);
#6584=ADVANCED_FACE('',(#276),#6213,.T.);
#6585=ADVANCED_FACE('',(#277),#6214,.T.);
#6586=ADVANCED_FACE('',(#278),#6215,.T.);
#6587=ADVANCED_FACE('',(#279),#6216,.T.);
#6588=ADVANCED_FACE('',(#280),#6217,.T.);
#6589=ADVANCED_FACE('',(#281),#6218,.T.);
#6590=ADVANCED_FACE('',(#282),#6219,.T.);
#6591=ADVANCED_FACE('',(#283),#6220,.T.);
#6592=ADVANCED_FACE('',(#284),#6221,.T.);
#6593=ADVANCED_FACE('',(#285),#6222,.T.);
#6594=ADVANCED_FACE('',(#286),#6223,.T.);
#6595=ADVANCED_FACE('',(#287),#6224,.T.);
#6596=ADVANCED_FACE('',(#288),#6225,.T.);
#6597=ADVANCED_FACE('',(#289),#6226,.T.);
#6598=ADVANCED_FACE('',(#290),#6227,.T.);
#6599=ADVANCED_FACE('',(#291),#6228,.T.);
#6600=ADVANCED_FACE('',(#292),#6229,.T.);
#6601=ADVANCED_FACE('',(#293),#6230,.T.);
#6602=ADVANCED_FACE('',(#294),#6231,.T.);
#6603=ADVANCED_FACE('',(#295),#6232,.T.);
#6604=ADVANCED_FACE('',(#296),#6233,.T.);
#6605=ADVANCED_FACE('',(#297),#6234,.T.);
#6606=ADVANCED_FACE('',(#298),#6235,.T.);
#6607=ADVANCED_FACE('',(#299),#6236,.T.);
#6608=ADVANCED_FACE('',(#300),#6237,.T.);
#6609=ADVANCED_FACE('',(#301),#6238,.T.);
#6610=ADVANCED_FACE('',(#302),#6239,.T.);
#6611=ADVANCED_FACE('',(#303),#6240,.T.);
#6612=ADVANCED_FACE('',(#304),#6241,.T.);
#6613=ADVANCED_FACE('',(#305),#6242,.T.);
#6614=ADVANCED_FACE('',(#306),#6243,.T.);
#6615=ADVANCED_FACE('',(#307),#6244,.T.);
#6616=ADVANCED_FACE('',(#308),#6245,.T.);
#6617=ADVANCED_FACE('',(#309),#6246,.T.);
#6618=ADVANCED_FACE('',(#310),#6247,.T.);
#6619=ADVANCED_FACE('',(#311),#6248,.T.);
#6620=ADVANCED_FACE('',(#312),#6249,.T.);
#6621=ADVANCED_FACE('',(#313),#6250,.T.);
#6622=ADVANCED_FACE('',(#314),#6251,.T.);
#6623=ADVANCED_FACE('',(#315),#6252,.T.);
#6624=ADVANCED_FACE('',(#316),#6253,.T.);
#6625=ADVANCED_FACE('',(#317),#6254,.T.);
#6626=ADVANCED_FACE('',(#318),#6255,.T.);
#6627=ADVANCED_FACE('',(#319),#6256,.T.);
#6628=ADVANCED_FACE('',(#320),#6257,.T.);
#6629=ADVANCED_FACE('',(#321),#6258,.T.);
#6630=ADVANCED_FACE('',(#322),#6259,.T.);
#6631=ADVANCED_FACE('',(#323),#6260,.T.);
#6632=ADVANCED_FACE('',(#324),#6261,.T.);
#6633=ADVANCED_FACE('',(#325),#6262,.T.);
#6634=ADVANCED_FACE('',(#326),#6263,.T.);
#6635=ADVANCED_FACE('',(#327),#6264,.T.);
#6636=ADVANCED_FACE('',(#328),#6265,.T.);
#6637=ADVANCED_FACE('',(#329),#6266,.T.);
#6638=ADVANCED_FACE('',(#330),#6267,.T.);
#6639=ADVANCED_FACE('',(#331),#6268,.T.);
#6640=ADVANCED_FACE('',(#332),#6269,.T.);
#6641=ADVANCED_FACE('',(#333),#6270,.T.);
#6642=ADVANCED_FACE('',(#334),#6271,.T.);
#6643=ADVANCED_FACE('',(#335),#6272,.T.);
#6644=ADVANCED_FACE('',(#336),#6273,.T.);
#6645=ADVANCED_FACE('',(#337),#6274,.T.);
#6646=ADVANCED_FACE('',(#338),#6275,.T.);
#6647=ADVANCED_FACE('',(#339),#6276,.T.);
#6648=ADVANCED_FACE('',(#340),#6277,.T.);
#6649=ADVANCED_FACE('',(#341),#6278,.T.);
#6650=ADVANCED_FACE('',(#342),#6279,.T.);
#6651=ADVANCED_FACE('',(#343),#6280,.T.);
#6652=ADVANCED_FACE('',(#344),#6281,.T.);
#6653=ADVANCED_FACE('',(#345),#6282,.T.);
#6654=ADVANCED_FACE('',(#346),#6283,.T.);
#6655=ADVANCED_FACE('',(#347),#6284,.T.);
#6656=ADVANCED_FACE('',(#348),#6285,.T.);
#6657=ADVANCED_FACE('',(#349),#6286,.T.);
#6658=ADVANCED_FACE('',(#350),#6287,.T.);
#6659=ADVANCED_FACE('',(#351),#6288,.T.);
#6660=ADVANCED_FACE('',(#352),#6289,.T.);
#6661=ADVANCED_FACE('',(#353),#6290,.T.);
#6662=ADVANCED_FACE('',(#354),#6291,.T.);
#6663=ADVANCED_FACE('',(#355),#6292,.T.);
#6664=ADVANCED_FACE('',(#356),#6293,.T.);
#6665=ADVANCED_FACE('',(#357),#6294,.T.);
#6666=ADVANCED_FACE('',(#358),#6295,.T.);
#6667=ADVANCED_FACE('',(#359),#6296,.T.);
#6668=ADVANCED_FACE('',(#360),#6297,.T.);
#6669=ADVANCED_FACE('',(#361),#6298,.T.);
#6670=ADVANCED_FACE('',(#362),#6299,.T.);
#6671=ADVANCED_FACE('',(#363),#6300,.T.);
#6672=ADVANCED_FACE('',(#364),#6301,.T.);
#6673=ADVANCED_FACE('',(#365),#6302,.T.);
#6674=ADVANCED_FACE('',(#366),#6303,.T.);
#6675=ADVANCED_FACE('',(#367),#6304,.T.);
#6676=ADVANCED_FACE('',(#368),#6305,.T.);
#6677=ADVANCED_FACE('',(#369),#6306,.T.);
#6678=ADVANCED_FACE('',(#370),#6307,.T.);
#6679=ADVANCED_FACE('',(#371),#6308,.T.);
#6680=ADVANCED_FACE('',(#372),#6309,.T.);
#6681=ADVANCED_FACE('',(#373),#6310,.T.);
#6682=ADVANCED_FACE('',(#374),#6311,.T.);
#6683=ADVANCED_FACE('',(#375),#6312,.T.);
#6684=ADVANCED_FACE('',(#376),#6313,.T.);
#6685=ADVANCED_FACE('',(#377),#6314,.T.);
#6686=ADVANCED_FACE('',(#378),#6315,.T.);
#6687=ADVANCED_FACE('',(#379),#6316,.T.);
#6688=ADVANCED_FACE('',(#380),#6317,.T.);
#6689=ADVANCED_FACE('',(#381),#6318,.T.);
#6690=ADVANCED_FACE('',(#382),#6319,.T.);
#6691=ADVANCED_FACE('',(#383),#6320,.T.);
#6692=ADVANCED_FACE('',(#384),#6321,.T.);
#6693=ADVANCED_FACE('',(#385),#6322,.T.);
#6694=ADVANCED_FACE('',(#386),#6323,.T.);
#6695=ADVANCED_FACE('',(#387),#6324,.T.);
#6696=ADVANCED_FACE('',(#388),#6325,.T.);
#6697=ADVANCED_FACE('',(#389),#6326,.T.);
#6698=ADVANCED_FACE('',(#390),#6327,.T.);
#6699=ADVANCED_FACE('',(#391),#6328,.T.);
#6700=ADVANCED_FACE('',(#392),#6329,.T.);
#6701=ADVANCED_FACE('',(#393),#6330,.T.);
#6702=ADVANCED_FACE('',(#394),#6331,.T.);
#6703=ADVANCED_FACE('',(#395),#6332,.T.);
#6704=ADVANCED_FACE('',(#396),#6333,.T.);
#6705=ADVANCED_FACE('',(#397),#6334,.T.);
#6706=ADVANCED_FACE('',(#398),#6335,.T.);
#6707=ADVANCED_FACE('',(#399),#6336,.T.);
#6708=ADVANCED_FACE('',(#400),#6337,.T.);
#6709=ADVANCED_FACE('',(#401),#6338,.T.);
#6710=ADVANCED_FACE('',(#402),#6339,.T.);
#6711=ADVANCED_FACE('',(#403),#6340,.T.);
#6712=ADVANCED_FACE('',(#404),#6341,.T.);
#6713=ADVANCED_FACE('',(#405),#6342,.T.);
#6714=ADVANCED_FACE('',(#406),#6343,.T.);
#6715=ADVANCED_FACE('',(#407),#6344,.T.);
#6716=ADVANCED_FACE('',(#408),#6345,.T.);
#6717=ADVANCED_FACE('',(#409),#6346,.T.);
#6718=ADVANCED_FACE('',(#410),#6347,.T.);
#6719=ADVANCED_FACE('',(#411),#6348,.T.);
#6720=ADVANCED_FACE('',(#412),#6349,.T.);
#6721=ADVANCED_FACE('',(#413),#6350,.T.);
#6722=ADVANCED_FACE('',(#414),#6351,.T.);
#6723=ADVANCED_FACE('',(#415),#6352,.T.);
#6724=ADVANCED_FACE('',(#416),#6353,.T.);
#6725=ADVANCED_FACE('',(#417),#6354,.T.);
#6726=ADVANCED_FACE('',(#418),#6355,.T.);
#6727=ADVANCED_FACE('',(#419),#6356,.T.);
#6728=ADVANCED_FACE('',(#420),#6357,.T.);
#6729=ADVANCED_FACE('',(#421),#6358,.T.);
#6730=ADVANCED_FACE('',(#422),#6359,.T.);
#6731=ADVANCED_FACE('',(#423),#6360,.T.);
#6732=ADVANCED_FACE('',(#424),#6361,.T.);
#6733=ADVANCED_FACE('',(#425),#6362,.T.);
#6734=ADVANCED_FACE('',(#426),#6363,.T.);
#6735=ADVANCED_FACE('',(#427),#6364,.T.);
#6736=ADVANCED_FACE('',(#428),#6365,.T.);
#6737=ADVANCED_FACE('',(#429),#6366,.T.);
#6738=ADVANCED_FACE('',(#430),#6367,.T.);
#6739=ADVANCED_FACE('',(#431),#6368,.T.);
#6740=ADVANCED_FACE('',(#432),#6369,.T.);
#6741=ADVANCED_FACE('',(#433),#6370,.T.);
#6742=ADVANCED_FACE('',(#434),#6371,.T.);
#6743=ADVANCED_FACE('',(#435),#6372,.T.);
#6744=ADVANCED_FACE('',(#436),#6373,.T.);
#6745=ADVANCED_FACE('',(#437),#6374,.T.);
#6746=ADVANCED_FACE('',(#438),#6375,.T.);
#6747=ADVANCED_FACE('',(#439),#6376,.T.);
#6748=ADVANCED_FACE('',(#440),#6377,.T.);
#6749=ADVANCED_FACE('',(#441),#6378,.T.);
#6750=ADVANCED_FACE('',(#442),#6379,.T.);
#6751=ADVANCED_FACE('',(#443),#6380,.T.);
#6752=ADVANCED_FACE('',(#444),#6381,.T.);
#6753=ADVANCED_FACE('',(#445),#6382,.T.);
#6754=ADVANCED_FACE('',(#446),#6383,.T.);
#6755=ADVANCED_FACE('',(#447),#6384,.T.);
#6756=ADVANCED_FACE('',(#448),#6385,.T.);
#6757=ADVANCED_FACE('',(#449),#6386,.T.);
#6758=ADVANCED_FACE('',(#450),#6387,.T.);
#6759=ADVANCED_FACE('',(#451),#6388,.T.);
#6760=ADVANCED_FACE('',(#452),#6389,.T.);
#6761=ADVANCED_FACE('',(#453),#6390,.T.);
#6762=ADVANCED_FACE('',(#454),#6391,.T.);
#6763=ADVANCED_FACE('',(#455),#6392,.T.);
#6764=ADVANCED_FACE('',(#456),#6393,.T.);
#6765=ADVANCED_FACE('',(#457),#6394,.T.);
#6766=ADVANCED_FACE('',(#458),#6395,.T.);
#6767=ADVANCED_FACE('',(#459),#6396,.T.);
#6768=ADVANCED_FACE('',(#460),#6397,.T.);
#6769=ADVANCED_FACE('',(#461),#6398,.T.);
#6770=ADVANCED_FACE('',(#462),#6399,.T.);
#6771=ADVANCED_FACE('',(#463),#6400,.T.);
#6772=ADVANCED_FACE('',(#464),#6401,.T.);
#6773=ADVANCED_FACE('',(#465),#6402,.T.);
#6774=ADVANCED_FACE('',(#466),#6403,.T.);
#6775=ADVANCED_FACE('',(#467),#6404,.T.);
#6776=ADVANCED_FACE('',(#468),#6405,.F.);
#6777=ADVANCED_FACE('',(#469,#17,#18,#19,#20,#21,#22,#23,#24,#25,#26,#27,
#28,#29,#30,#31,#32,#33,#34,#35,#36,#37,#38,#39,#40,#41,#42,#43,#44,#45,
#46,#47,#48,#49,#50,#51,#52,#53,#54,#55,#56,#57,#58,#59),#6406,.F.);
#6778=ADVANCED_FACE('',(#470),#6407,.F.);
#6779=CLOSED_SHELL('',(#6408,#6409,#6410,#6411,#6412,#6413,#6414,#6415));
#6780=CLOSED_SHELL('',(#6416,#6417,#6418,#6419,#6420,#6421,#6422,#6423));
#6781=CLOSED_SHELL('',(#6424,#6425,#6426,#6427,#6428,#6429,#6430,#6431));
#6782=CLOSED_SHELL('',(#6432,#6433,#6434,#6435,#6436,#6437,#6438,#6439));
#6783=CLOSED_SHELL('',(#6440,#6441,#6442,#6443,#6444,#6445));
#6784=CLOSED_SHELL('',(#6446,#6447,#6448,#6449,#6450,#6451,#6452,#6453));
#6785=CLOSED_SHELL('',(#6454,#6455,#6456,#6457,#6458,#6459,#6460,#6461));
#6786=CLOSED_SHELL('',(#6462,#6463,#6464,#6465,#6466,#6467,#6468,#6469));
#6787=CLOSED_SHELL('',(#6470,#6471,#6472,#6473,#6474,#6475));
#6788=CLOSED_SHELL('',(#6476,#6477,#6478,#6479,#6480,#6481,#6482,#6483));
#6789=CLOSED_SHELL('',(#6484,#6485,#6486,#6487,#6488,#6489,#6490,#6491));
#6790=CLOSED_SHELL('',(#6492,#6493,#6494,#6495,#6496,#6497,#6498,#6499));
#6791=CLOSED_SHELL('',(#6500,#6501,#6502,#6503,#6504,#6505,#6506,#6507));
#6792=CLOSED_SHELL('',(#6508,#6509,#6510,#6511,#6512,#6513,#6514,#6515,
#6516,#6517,#6518,#6519,#6520,#6521,#6522,#6523,#6524,#6525,#6526,#6527,
#6528,#6529,#6530,#6531,#6532,#6533,#6534,#6535,#6536,#6537,#6538,#6539,
#6540,#6541,#6542,#6543,#6544,#6545,#6546,#6547,#6548,#6549,#6550,#6551,
#6552,#6553,#6554,#6555,#6556,#6557,#6558,#6559,#6560,#6561,#6562,#6563,
#6564,#6565,#6566,#6567,#6568,#6569,#6570,#6571,#6572,#6573,#6574,#6575,
#6576,#6577,#6578,#6579,#6580,#6581,#6582,#6583,#6584,#6585,#6586,#6587,
#6588,#6589,#6590,#6591,#6592,#6593,#6594,#6595,#6596,#6597,#6598,#6599,
#6600,#6601,#6602,#6603,#6604,#6605,#6606,#6607,#6608,#6609,#6610,#6611,
#6612,#6613,#6614,#6615,#6616,#6617,#6618,#6619,#6620,#6621,#6622,#6623,
#6624,#6625,#6626,#6627,#6628,#6629,#6630,#6631,#6632,#6633,#6634,#6635,
#6636,#6637,#6638,#6639,#6640,#6641,#6642,#6643,#6644,#6645,#6646,#6647,
#6648,#6649,#6650,#6651,#6652,#6653,#6654,#6655,#6656,#6657,#6658,#6659,
#6660,#6661,#6662,#6663,#6664,#6665,#6666,#6667,#6668,#6669,#6670,#6671,
#6672,#6673,#6674,#6675,#6676,#6677,#6678,#6679,#6680,#6681,#6682,#6683,
#6684,#6685,#6686,#6687,#6688,#6689,#6690,#6691,#6692,#6693,#6694,#6695,
#6696,#6697,#6698,#6699,#6700,#6701,#6702,#6703,#6704,#6705,#6706,#6707,
#6708,#6709,#6710,#6711,#6712,#6713,#6714,#6715,#6716,#6717,#6718,#6719,
#6720,#6721,#6722,#6723,#6724,#6725,#6726,#6727,#6728,#6729,#6730,#6731,
#6732,#6733,#6734,#6735,#6736,#6737,#6738,#6739,#6740,#6741,#6742,#6743,
#6744,#6745,#6746,#6747,#6748,#6749,#6750,#6751,#6752,#6753,#6754,#6755,
#6756,#6757,#6758,#6759,#6760,#6761,#6762,#6763,#6764,#6765,#6766,#6767,
#6768,#6769,#6770,#6771,#6772,#6773,#6774,#6775,#6776,#6777,#6778));
#6793=DERIVED_UNIT_ELEMENT(#6795,1.);
#6794=DERIVED_UNIT_ELEMENT(#10746,-3.);
#6795=(
MASS_UNIT()
NAMED_UNIT(*)
SI_UNIT(.KILO.,.GRAM.)
);
#6796=DERIVED_UNIT((#6793,#6794));
#6797=MEASURE_REPRESENTATION_ITEM('density measure',
POSITIVE_RATIO_MEASURE(7850.),#6796);
#6798=PROPERTY_DEFINITION_REPRESENTATION(#6803,#6800);
#6799=PROPERTY_DEFINITION_REPRESENTATION(#6804,#6801);
#6800=REPRESENTATION('material name',(#6802),#10743);
#6801=REPRESENTATION('density',(#6797),#10743);
#6802=DESCRIPTIVE_REPRESENTATION_ITEM('Steel','Steel');
#6803=PROPERTY_DEFINITION('material property','material name',#10753);
#6804=PROPERTY_DEFINITION('material property','density of part',#10753);
#6805=AXIS2_PLACEMENT_3D('',#8849,#7185,#7186);
#6806=AXIS2_PLACEMENT_3D('',#8850,#7187,#7188);
#6807=AXIS2_PLACEMENT_3D('',#8859,#7193,#7194);
#6808=AXIS2_PLACEMENT_3D('',#8865,#7198,#7199);
#6809=AXIS2_PLACEMENT_3D('',#8874,#7204,#7205);
#6810=AXIS2_PLACEMENT_3D('',#8877,#7208,#7209);
#6811=AXIS2_PLACEMENT_3D('',#8881,#7212,#7213);
#6812=AXIS2_PLACEMENT_3D('',#8885,#7216,#7217);
#6813=AXIS2_PLACEMENT_3D('',#8887,#7219,#7220);
#6814=AXIS2_PLACEMENT_3D('',#8888,#7221,#7222);
#6815=AXIS2_PLACEMENT_3D('',#8897,#7227,#7228);
#6816=AXIS2_PLACEMENT_3D('',#8907,#7234,#7235);
#6817=AXIS2_PLACEMENT_3D('',#8911,#7238,#7239);
#6818=AXIS2_PLACEMENT_3D('',#8915,#7242,#7243);
#6819=AXIS2_PLACEMENT_3D('',#8919,#7246,#7247);
#6820=AXIS2_PLACEMENT_3D('',#8923,#7250,#7251);
#6821=AXIS2_PLACEMENT_3D('',#8925,#7253,#7254);
#6822=AXIS2_PLACEMENT_3D('',#8926,#7255,#7256);
#6823=AXIS2_PLACEMENT_3D('',#8935,#7261,#7262);
#6824=AXIS2_PLACEMENT_3D('',#8941,#7266,#7267);
#6825=AXIS2_PLACEMENT_3D('',#8949,#7272,#7273);
#6826=AXIS2_PLACEMENT_3D('',#8953,#7276,#7277);
#6827=AXIS2_PLACEMENT_3D('',#8959,#7281,#7282);
#6828=AXIS2_PLACEMENT_3D('',#8961,#7284,#7285);
#6829=AXIS2_PLACEMENT_3D('',#8963,#7287,#7288);
#6830=AXIS2_PLACEMENT_3D('',#8964,#7289,#7290);
#6831=AXIS2_PLACEMENT_3D('',#8973,#7295,#7296);
#6832=AXIS2_PLACEMENT_3D('',#8979,#7300,#7301);
#6833=AXIS2_PLACEMENT_3D('',#8987,#7306,#7307);
#6834=AXIS2_PLACEMENT_3D('',#8991,#7310,#7311);
#6835=AXIS2_PLACEMENT_3D('',#8995,#7314,#7315);
#6836=AXIS2_PLACEMENT_3D('',#8999,#7318,#7319);
#6837=AXIS2_PLACEMENT_3D('',#9001,#7321,#7322);
#6838=AXIS2_PLACEMENT_3D('',#9002,#7323,#7324);
#6839=AXIS2_PLACEMENT_3D('',#9011,#7329,#7330);
#6840=AXIS2_PLACEMENT_3D('',#9017,#7334,#7335);
#6841=AXIS2_PLACEMENT_3D('',#9021,#7338,#7339);
#6842=AXIS2_PLACEMENT_3D('',#9025,#7342,#7343);
#6843=AXIS2_PLACEMENT_3D('',#9027,#7345,#7346);
#6844=AXIS2_PLACEMENT_3D('',#9028,#7347,#7348);
#6845=AXIS2_PLACEMENT_3D('',#9037,#7353,#7354);
#6846=AXIS2_PLACEMENT_3D('',#9043,#7358,#7359);
#6847=AXIS2_PLACEMENT_3D('',#9051,#7364,#7365);
#6848=AXIS2_PLACEMENT_3D('',#9055,#7368,#7369);
#6849=AXIS2_PLACEMENT_3D('',#9059,#7372,#7373);
#6850=AXIS2_PLACEMENT_3D('',#9063,#7376,#7377);
#6851=AXIS2_PLACEMENT_3D('',#9065,#7379,#7380);
#6852=AXIS2_PLACEMENT_3D('',#9066,#7381,#7382);
#6853=AXIS2_PLACEMENT_3D('',#9079,#7389,#7390);
#6854=AXIS2_PLACEMENT_3D('',#9085,#7394,#7395);
#6855=AXIS2_PLACEMENT_3D('',#9089,#7398,#7399);
#6856=AXIS2_PLACEMENT_3D('',#9095,#7403,#7404);
#6857=AXIS2_PLACEMENT_3D('',#9097,#7406,#7407);
#6858=AXIS2_PLACEMENT_3D('',#9101,#7410,#7411);
#6859=AXIS2_PLACEMENT_3D('',#9103,#7413,#7414);
#6860=AXIS2_PLACEMENT_3D('',#9104,#7415,#7416);
#6861=AXIS2_PLACEMENT_3D('',#9113,#7421,#7422);
#6862=AXIS2_PLACEMENT_3D('',#9119,#7426,#7427);
#6863=AXIS2_PLACEMENT_3D('',#9127,#7432,#7433);
#6864=AXIS2_PLACEMENT_3D('',#9131,#7436,#7437);
#6865=AXIS2_PLACEMENT_3D('',#9135,#7440,#7441);
#6866=AXIS2_PLACEMENT_3D('',#9139,#7444,#7445);
#6867=AXIS2_PLACEMENT_3D('',#9141,#7447,#7448);
#6868=AXIS2_PLACEMENT_3D('',#9142,#7449,#7450);
#6869=AXIS2_PLACEMENT_3D('',#9151,#7455,#7456);
#6870=AXIS2_PLACEMENT_3D('',#9157,#7460,#7461);
#6871=AXIS2_PLACEMENT_3D('',#9161,#7464,#7465);
#6872=AXIS2_PLACEMENT_3D('',#9165,#7468,#7469);
#6873=AXIS2_PLACEMENT_3D('',#9167,#7471,#7472);
#6874=AXIS2_PLACEMENT_3D('',#9168,#7473,#7474);
#6875=AXIS2_PLACEMENT_3D('',#9181,#7481,#7482);
#6876=AXIS2_PLACEMENT_3D('',#9187,#7486,#7487);
#6877=AXIS2_PLACEMENT_3D('',#9191,#7490,#7491);
#6878=AXIS2_PLACEMENT_3D('',#9197,#7495,#7496);
#6879=AXIS2_PLACEMENT_3D('',#9199,#7498,#7499);
#6880=AXIS2_PLACEMENT_3D('',#9203,#7502,#7503);
#6881=AXIS2_PLACEMENT_3D('',#9205,#7505,#7506);
#6882=AXIS2_PLACEMENT_3D('',#9206,#7507,#7508);
#6883=AXIS2_PLACEMENT_3D('',#9219,#7515,#7516);
#6884=AXIS2_PLACEMENT_3D('',#9225,#7520,#7521);
#6885=AXIS2_PLACEMENT_3D('',#9229,#7524,#7525);
#6886=AXIS2_PLACEMENT_3D('',#9235,#7529,#7530);
#6887=AXIS2_PLACEMENT_3D('',#9239,#7533,#7534);
#6888=AXIS2_PLACEMENT_3D('',#9241,#7536,#7537);
#6889=AXIS2_PLACEMENT_3D('',#9243,#7539,#7540);
#6890=AXIS2_PLACEMENT_3D('',#9244,#7541,#7542);
#6891=AXIS2_PLACEMENT_3D('',#9253,#7547,#7548);
#6892=AXIS2_PLACEMENT_3D('',#9263,#7554,#7555);
#6893=AXIS2_PLACEMENT_3D('',#9267,#7558,#7559);
#6894=AXIS2_PLACEMENT_3D('',#9273,#7563,#7564);
#6895=AXIS2_PLACEMENT_3D('',#9275,#7566,#7567);
#6896=AXIS2_PLACEMENT_3D('',#9279,#7570,#7571);
#6897=AXIS2_PLACEMENT_3D('',#9281,#7573,#7574);
#6898=AXIS2_PLACEMENT_3D('',#9282,#7575,#7576);
#6899=AXIS2_PLACEMENT_3D('',#9291,#7581,#7582);
#6900=AXIS2_PLACEMENT_3D('',#9301,#7588,#7589);
#6901=AXIS2_PLACEMENT_3D('',#9305,#7592,#7593);
#6902=AXIS2_PLACEMENT_3D('',#9311,#7597,#7598);
#6903=AXIS2_PLACEMENT_3D('',#9315,#7601,#7602);
#6904=AXIS2_PLACEMENT_3D('',#9318,#7605,#7606);
#6905=AXIS2_PLACEMENT_3D('',#9319,#7607,#7608);
#6906=AXIS2_PLACEMENT_3D('',#9320,#7609,#7610);
#6907=AXIS2_PLACEMENT_3D('',#9322,#7611,#7612);
#6908=AXIS2_PLACEMENT_3D('',#9325,#7614,#7615);
#6909=AXIS2_PLACEMENT_3D('',#9326,#7616,#7617);
#6910=AXIS2_PLACEMENT_3D('',#9328,#7618,#7619);
#6911=AXIS2_PLACEMENT_3D('',#9331,#7621,#7622);
#6912=AXIS2_PLACEMENT_3D('',#9332,#7623,#7624);
#6913=AXIS2_PLACEMENT_3D('',#9334,#7625,#7626);
#6914=AXIS2_PLACEMENT_3D('',#9337,#7628,#7629);
#6915=AXIS2_PLACEMENT_3D('',#9338,#7630,#7631);
#6916=AXIS2_PLACEMENT_3D('',#9340,#7632,#7633);
#6917=AXIS2_PLACEMENT_3D('',#9343,#7635,#7636);
#6918=AXIS2_PLACEMENT_3D('',#9344,#7637,#7638);
#6919=AXIS2_PLACEMENT_3D('',#9353,#7643,#7644);
#6920=AXIS2_PLACEMENT_3D('',#9359,#7648,#7649);
#6921=AXIS2_PLACEMENT_3D('',#9363,#7652,#7653);
#6922=AXIS2_PLACEMENT_3D('',#9372,#7658,#7659);
#6923=AXIS2_PLACEMENT_3D('',#9378,#7663,#7664);
#6924=AXIS2_PLACEMENT_3D('',#9384,#7668,#7669);
#6925=AXIS2_PLACEMENT_3D('',#9390,#7673,#7674);
#6926=AXIS2_PLACEMENT_3D('',#9394,#7677,#7678);
#6927=AXIS2_PLACEMENT_3D('',#9398,#7681,#7682);
#6928=AXIS2_PLACEMENT_3D('',#9400,#7684,#7685);
#6929=AXIS2_PLACEMENT_3D('',#9409,#7690,#7691);
#6930=AXIS2_PLACEMENT_3D('',#9415,#7695,#7696);
#6931=AXIS2_PLACEMENT_3D('',#9421,#7700,#7701);
#6932=AXIS2_PLACEMENT_3D('',#9430,#7706,#7707);
#6933=AXIS2_PLACEMENT_3D('',#9433,#7710,#7711);
#6934=AXIS2_PLACEMENT_3D('',#9436,#7714,#7715);
#6935=AXIS2_PLACEMENT_3D('',#9437,#7716,#7717);
#6936=AXIS2_PLACEMENT_3D('',#9446,#7722,#7723);
#6937=AXIS2_PLACEMENT_3D('',#9452,#7727,#7728);
#6938=AXIS2_PLACEMENT_3D('',#9458,#7732,#7733);
#6939=AXIS2_PLACEMENT_3D('',#9467,#7738,#7739);
#6940=AXIS2_PLACEMENT_3D('',#9470,#7742,#7743);
#6941=AXIS2_PLACEMENT_3D('',#9472,#7745,#7746);
#6942=AXIS2_PLACEMENT_3D('',#9474,#7748,#7749);
#6943=AXIS2_PLACEMENT_3D('',#9483,#7754,#7755);
#6944=AXIS2_PLACEMENT_3D('',#9489,#7759,#7760);
#6945=AXIS2_PLACEMENT_3D('',#9495,#7764,#7765);
#6946=AXIS2_PLACEMENT_3D('',#9501,#7769,#7770);
#6947=AXIS2_PLACEMENT_3D('',#9505,#7773,#7774);
#6948=AXIS2_PLACEMENT_3D('',#9509,#7777,#7778);
#6949=AXIS2_PLACEMENT_3D('',#9511,#7780,#7781);
#6950=AXIS2_PLACEMENT_3D('',#9520,#7786,#7787);
#6951=AXIS2_PLACEMENT_3D('',#9526,#7791,#7792);
#6952=AXIS2_PLACEMENT_3D('',#9532,#7796,#7797);
#6953=AXIS2_PLACEMENT_3D('',#9538,#7801,#7802);
#6954=AXIS2_PLACEMENT_3D('',#9542,#7805,#7806);
#6955=AXIS2_PLACEMENT_3D('',#9546,#7809,#7810);
#6956=AXIS2_PLACEMENT_3D('',#9548,#7812,#7813);
#6957=AXIS2_PLACEMENT_3D('',#9557,#7818,#7819);
#6958=AXIS2_PLACEMENT_3D('',#9563,#7823,#7824);
#6959=AXIS2_PLACEMENT_3D('',#9569,#7828,#7829);
#6960=AXIS2_PLACEMENT_3D('',#9575,#7833,#7834);
#6961=AXIS2_PLACEMENT_3D('',#9581,#7838,#7839);
#6962=AXIS2_PLACEMENT_3D('',#9583,#7841,#7842);
#6963=AXIS2_PLACEMENT_3D('',#9585,#7844,#7845);
#6964=AXIS2_PLACEMENT_3D('',#9594,#7850,#7851);
#6965=AXIS2_PLACEMENT_3D('',#9600,#7855,#7856);
#6966=AXIS2_PLACEMENT_3D('',#9606,#7860,#7861);
#6967=AXIS2_PLACEMENT_3D('',#9612,#7865,#7866);
#6968=AXIS2_PLACEMENT_3D('',#9618,#7870,#7871);
#6969=AXIS2_PLACEMENT_3D('',#9620,#7873,#7874);
#6970=AXIS2_PLACEMENT_3D('',#9622,#7876,#7877);
#6971=AXIS2_PLACEMENT_3D('',#9631,#7882,#7883);
#6972=AXIS2_PLACEMENT_3D('',#9637,#7887,#7888);
#6973=AXIS2_PLACEMENT_3D('',#9643,#7892,#7893);
#6974=AXIS2_PLACEMENT_3D('',#9649,#7897,#7898);
#6975=AXIS2_PLACEMENT_3D('',#9655,#7902,#7903);
#6976=AXIS2_PLACEMENT_3D('',#9657,#7905,#7906);
#6977=AXIS2_PLACEMENT_3D('',#9659,#7908,#7909);
#6978=AXIS2_PLACEMENT_3D('',#9668,#7914,#7915);
#6979=AXIS2_PLACEMENT_3D('',#9674,#7919,#7920);
#6980=AXIS2_PLACEMENT_3D('',#9678,#7923,#7924);
#6981=AXIS2_PLACEMENT_3D('',#9682,#7927,#7928);
#6982=AXIS2_PLACEMENT_3D('',#9684,#7930,#7931);
#6983=AXIS2_PLACEMENT_3D('',#9693,#7936,#7937);
#6984=AXIS2_PLACEMENT_3D('',#9699,#7941,#7942);
#6985=AXIS2_PLACEMENT_3D('',#9703,#7945,#7946);
#6986=AXIS2_PLACEMENT_3D('',#9707,#7949,#7950);
#6987=AXIS2_PLACEMENT_3D('',#9709,#7952,#7953);
#6988=AXIS2_PLACEMENT_3D('',#9718,#7958,#7959);
#6989=AXIS2_PLACEMENT_3D('',#9724,#7963,#7964);
#6990=AXIS2_PLACEMENT_3D('',#9730,#7968,#7969);
#6991=AXIS2_PLACEMENT_3D('',#9736,#7973,#7974);
#6992=AXIS2_PLACEMENT_3D('',#9740,#7977,#7978);
#6993=AXIS2_PLACEMENT_3D('',#9744,#7981,#7982);
#6994=AXIS2_PLACEMENT_3D('',#9746,#7984,#7985);
#6995=AXIS2_PLACEMENT_3D('',#9755,#7990,#7991);
#6996=AXIS2_PLACEMENT_3D('',#9761,#7995,#7996);
#6997=AXIS2_PLACEMENT_3D('',#9767,#8000,#8001);
#6998=AXIS2_PLACEMENT_3D('',#9773,#8005,#8006);
#6999=AXIS2_PLACEMENT_3D('',#9777,#8009,#8010);
#7000=AXIS2_PLACEMENT_3D('',#9781,#8013,#8014);
#7001=AXIS2_PLACEMENT_3D('',#9783,#8016,#8017);
#7002=AXIS2_PLACEMENT_3D('',#9792,#8022,#8023);
#7003=AXIS2_PLACEMENT_3D('',#9798,#8027,#8028);
#7004=AXIS2_PLACEMENT_3D('',#9804,#8032,#8033);
#7005=AXIS2_PLACEMENT_3D('',#9810,#8037,#8038);
#7006=AXIS2_PLACEMENT_3D('',#9816,#8042,#8043);
#7007=AXIS2_PLACEMENT_3D('',#9818,#8045,#8046);
#7008=AXIS2_PLACEMENT_3D('',#9820,#8048,#8049);
#7009=AXIS2_PLACEMENT_3D('',#9829,#8054,#8055);
#7010=AXIS2_PLACEMENT_3D('',#9835,#8059,#8060);
#7011=AXIS2_PLACEMENT_3D('',#9841,#8064,#8065);
#7012=AXIS2_PLACEMENT_3D('',#9847,#8069,#8070);
#7013=AXIS2_PLACEMENT_3D('',#9851,#8073,#8074);
#7014=AXIS2_PLACEMENT_3D('',#9855,#8077,#8078);
#7015=AXIS2_PLACEMENT_3D('',#9857,#8080,#8081);
#7016=AXIS2_PLACEMENT_3D('',#9866,#8086,#8087);
#7017=AXIS2_PLACEMENT_3D('',#9872,#8091,#8092);
#7018=AXIS2_PLACEMENT_3D('',#9878,#8096,#8097);
#7019=AXIS2_PLACEMENT_3D('',#9887,#8102,#8103);
#7020=AXIS2_PLACEMENT_3D('',#9890,#8106,#8107);
#7021=AXIS2_PLACEMENT_3D('',#9893,#8110,#8111);
#7022=AXIS2_PLACEMENT_3D('',#9894,#8112,#8113);
#7023=AXIS2_PLACEMENT_3D('',#9903,#8118,#8119);
#7024=AXIS2_PLACEMENT_3D('',#9909,#8123,#8124);
#7025=AXIS2_PLACEMENT_3D('',#9915,#8128,#8129);
#7026=AXIS2_PLACEMENT_3D('',#9924,#8134,#8135);
#7027=AXIS2_PLACEMENT_3D('',#9927,#8138,#8139);
#7028=AXIS2_PLACEMENT_3D('',#9929,#8141,#8142);
#7029=AXIS2_PLACEMENT_3D('',#9931,#8144,#8145);
#7030=AXIS2_PLACEMENT_3D('',#9940,#8150,#8151);
#7031=AXIS2_PLACEMENT_3D('',#9946,#8155,#8156);
#7032=AXIS2_PLACEMENT_3D('',#9952,#8160,#8161);
#7033=AXIS2_PLACEMENT_3D('',#9958,#8165,#8166);
#7034=AXIS2_PLACEMENT_3D('',#9962,#8169,#8170);
#7035=AXIS2_PLACEMENT_3D('',#9966,#8173,#8174);
#7036=AXIS2_PLACEMENT_3D('',#9968,#8176,#8177);
#7037=AXIS2_PLACEMENT_3D('',#9977,#8182,#8183);
#7038=AXIS2_PLACEMENT_3D('',#9983,#8187,#8188);
#7039=AXIS2_PLACEMENT_3D('',#9989,#8192,#8193);
#7040=AXIS2_PLACEMENT_3D('',#9995,#8197,#8198);
#7041=AXIS2_PLACEMENT_3D('',#9999,#8201,#8202);
#7042=AXIS2_PLACEMENT_3D('',#10003,#8205,#8206);
#7043=AXIS2_PLACEMENT_3D('',#10005,#8208,#8209);
#7044=AXIS2_PLACEMENT_3D('',#10014,#8214,#8215);
#7045=AXIS2_PLACEMENT_3D('',#10020,#8219,#8220);
#7046=AXIS2_PLACEMENT_3D('',#10026,#8224,#8225);
#7047=AXIS2_PLACEMENT_3D('',#10032,#8229,#8230);
#7048=AXIS2_PLACEMENT_3D('',#10038,#8234,#8235);
#7049=AXIS2_PLACEMENT_3D('',#10040,#8237,#8238);
#7050=AXIS2_PLACEMENT_3D('',#10042,#8240,#8241);
#7051=AXIS2_PLACEMENT_3D('',#10051,#8246,#8247);
#7052=AXIS2_PLACEMENT_3D('',#10057,#8251,#8252);
#7053=AXIS2_PLACEMENT_3D('',#10063,#8256,#8257);
#7054=AXIS2_PLACEMENT_3D('',#10069,#8261,#8262);
#7055=AXIS2_PLACEMENT_3D('',#10075,#8266,#8267);
#7056=AXIS2_PLACEMENT_3D('',#10077,#8269,#8270);
#7057=AXIS2_PLACEMENT_3D('',#10079,#8272,#8273);
#7058=AXIS2_PLACEMENT_3D('',#10088,#8278,#8279);
#7059=AXIS2_PLACEMENT_3D('',#10094,#8283,#8284);
#7060=AXIS2_PLACEMENT_3D('',#10100,#8288,#8289);
#7061=AXIS2_PLACEMENT_3D('',#10106,#8293,#8294);
#7062=AXIS2_PLACEMENT_3D('',#10112,#8298,#8299);
#7063=AXIS2_PLACEMENT_3D('',#10114,#8301,#8302);
#7064=AXIS2_PLACEMENT_3D('',#10116,#8304,#8305);
#7065=AXIS2_PLACEMENT_3D('',#10125,#8310,#8311);
#7066=AXIS2_PLACEMENT_3D('',#10131,#8315,#8316);
#7067=AXIS2_PLACEMENT_3D('',#10135,#8319,#8320);
#7068=AXIS2_PLACEMENT_3D('',#10139,#8323,#8324);
#7069=AXIS2_PLACEMENT_3D('',#10141,#8326,#8327);
#7070=AXIS2_PLACEMENT_3D('',#10150,#8332,#8333);
#7071=AXIS2_PLACEMENT_3D('',#10156,#8337,#8338);
#7072=AXIS2_PLACEMENT_3D('',#10160,#8341,#8342);
#7073=AXIS2_PLACEMENT_3D('',#10164,#8345,#8346);
#7074=AXIS2_PLACEMENT_3D('',#10166,#8348,#8349);
#7075=AXIS2_PLACEMENT_3D('',#10175,#8354,#8355);
#7076=AXIS2_PLACEMENT_3D('',#10181,#8359,#8360);
#7077=AXIS2_PLACEMENT_3D('',#10187,#8364,#8365);
#7078=AXIS2_PLACEMENT_3D('',#10193,#8369,#8370);
#7079=AXIS2_PLACEMENT_3D('',#10197,#8373,#8374);
#7080=AXIS2_PLACEMENT_3D('',#10201,#8377,#8378);
#7081=AXIS2_PLACEMENT_3D('',#10203,#8380,#8381);
#7082=AXIS2_PLACEMENT_3D('',#10212,#8386,#8387);
#7083=AXIS2_PLACEMENT_3D('',#10218,#8391,#8392);
#7084=AXIS2_PLACEMENT_3D('',#10224,#8396,#8397);
#7085=AXIS2_PLACEMENT_3D('',#10230,#8401,#8402);
#7086=AXIS2_PLACEMENT_3D('',#10234,#8405,#8406);
#7087=AXIS2_PLACEMENT_3D('',#10238,#8409,#8410);
#7088=AXIS2_PLACEMENT_3D('',#10240,#8412,#8413);
#7089=AXIS2_PLACEMENT_3D('',#10249,#8418,#8419);
#7090=AXIS2_PLACEMENT_3D('',#10255,#8423,#8424);
#7091=AXIS2_PLACEMENT_3D('',#10261,#8428,#8429);
#7092=AXIS2_PLACEMENT_3D('',#10267,#8433,#8434);
#7093=AXIS2_PLACEMENT_3D('',#10273,#8438,#8439);
#7094=AXIS2_PLACEMENT_3D('',#10275,#8441,#8442);
#7095=AXIS2_PLACEMENT_3D('',#10277,#8444,#8445);
#7096=AXIS2_PLACEMENT_3D('',#10286,#8450,#8451);
#7097=AXIS2_PLACEMENT_3D('',#10292,#8455,#8456);
#7098=AXIS2_PLACEMENT_3D('',#10298,#8460,#8461);
#7099=AXIS2_PLACEMENT_3D('',#10304,#8465,#8466);
#7100=AXIS2_PLACEMENT_3D('',#10308,#8469,#8470);
#7101=AXIS2_PLACEMENT_3D('',#10312,#8473,#8474);
#7102=AXIS2_PLACEMENT_3D('',#10314,#8476,#8477);
#7103=AXIS2_PLACEMENT_3D('',#10323,#8482,#8483);
#7104=AXIS2_PLACEMENT_3D('',#10329,#8487,#8488);
#7105=AXIS2_PLACEMENT_3D('',#10335,#8492,#8493);
#7106=AXIS2_PLACEMENT_3D('',#10344,#8498,#8499);
#7107=AXIS2_PLACEMENT_3D('',#10347,#8502,#8503);
#7108=AXIS2_PLACEMENT_3D('',#10350,#8506,#8507);
#7109=AXIS2_PLACEMENT_3D('',#10351,#8508,#8509);
#7110=AXIS2_PLACEMENT_3D('',#10360,#8514,#8515);
#7111=AXIS2_PLACEMENT_3D('',#10366,#8519,#8520);
#7112=AXIS2_PLACEMENT_3D('',#10372,#8524,#8525);
#7113=AXIS2_PLACEMENT_3D('',#10381,#8530,#8531);
#7114=AXIS2_PLACEMENT_3D('',#10384,#8534,#8535);
#7115=AXIS2_PLACEMENT_3D('',#10386,#8537,#8538);
#7116=AXIS2_PLACEMENT_3D('',#10388,#8540,#8541);
#7117=AXIS2_PLACEMENT_3D('',#10397,#8546,#8547);
#7118=AXIS2_PLACEMENT_3D('',#10403,#8551,#8552);
#7119=AXIS2_PLACEMENT_3D('',#10409,#8556,#8557);
#7120=AXIS2_PLACEMENT_3D('',#10415,#8561,#8562);
#7121=AXIS2_PLACEMENT_3D('',#10419,#8565,#8566);
#7122=AXIS2_PLACEMENT_3D('',#10423,#8569,#8570);
#7123=AXIS2_PLACEMENT_3D('',#10425,#8572,#8573);
#7124=AXIS2_PLACEMENT_3D('',#10434,#8578,#8579);
#7125=AXIS2_PLACEMENT_3D('',#10440,#8583,#8584);
#7126=AXIS2_PLACEMENT_3D('',#10446,#8588,#8589);
#7127=AXIS2_PLACEMENT_3D('',#10452,#8593,#8594);
#7128=AXIS2_PLACEMENT_3D('',#10456,#8597,#8598);
#7129=AXIS2_PLACEMENT_3D('',#10460,#8601,#8602);
#7130=AXIS2_PLACEMENT_3D('',#10462,#8604,#8605);
#7131=AXIS2_PLACEMENT_3D('',#10471,#8610,#8611);
#7132=AXIS2_PLACEMENT_3D('',#10477,#8615,#8616);
#7133=AXIS2_PLACEMENT_3D('',#10483,#8620,#8621);
#7134=AXIS2_PLACEMENT_3D('',#10489,#8625,#8626);
#7135=AXIS2_PLACEMENT_3D('',#10495,#8630,#8631);
#7136=AXIS2_PLACEMENT_3D('',#10497,#8633,#8634);
#7137=AXIS2_PLACEMENT_3D('',#10499,#8636,#8637);
#7138=AXIS2_PLACEMENT_3D('',#10508,#8642,#8643);
#7139=AXIS2_PLACEMENT_3D('',#10514,#8647,#8648);
#7140=AXIS2_PLACEMENT_3D('',#10520,#8652,#8653);
#7141=AXIS2_PLACEMENT_3D('',#10526,#8657,#8658);
#7142=AXIS2_PLACEMENT_3D('',#10532,#8662,#8663);
#7143=AXIS2_PLACEMENT_3D('',#10534,#8665,#8666);
#7144=AXIS2_PLACEMENT_3D('',#10536,#8668,#8669);
#7145=AXIS2_PLACEMENT_3D('',#10545,#8674,#8675);
#7146=AXIS2_PLACEMENT_3D('',#10551,#8679,#8680);
#7147=AXIS2_PLACEMENT_3D('',#10557,#8684,#8685);
#7148=AXIS2_PLACEMENT_3D('',#10563,#8689,#8690);
#7149=AXIS2_PLACEMENT_3D('',#10569,#8694,#8695);
#7150=AXIS2_PLACEMENT_3D('',#10571,#8697,#8698);
#7151=AXIS2_PLACEMENT_3D('',#10573,#8700,#8701);
#7152=AXIS2_PLACEMENT_3D('',#10582,#8706,#8707);
#7153=AXIS2_PLACEMENT_3D('',#10588,#8711,#8712);
#7154=AXIS2_PLACEMENT_3D('',#10592,#8715,#8716);
#7155=AXIS2_PLACEMENT_3D('',#10596,#8719,#8720);
#7156=AXIS2_PLACEMENT_3D('',#10598,#8722,#8723);
#7157=AXIS2_PLACEMENT_3D('',#10607,#8728,#8729);
#7158=AXIS2_PLACEMENT_3D('',#10613,#8733,#8734);
#7159=AXIS2_PLACEMENT_3D('',#10617,#8737,#8738);
#7160=AXIS2_PLACEMENT_3D('',#10621,#8741,#8742);
#7161=AXIS2_PLACEMENT_3D('',#10623,#8744,#8745);
#7162=AXIS2_PLACEMENT_3D('',#10632,#8750,#8751);
#7163=AXIS2_PLACEMENT_3D('',#10638,#8755,#8756);
#7164=AXIS2_PLACEMENT_3D('',#10644,#8760,#8761);
#7165=AXIS2_PLACEMENT_3D('',#10650,#8765,#8766);
#7166=AXIS2_PLACEMENT_3D('',#10654,#8769,#8770);
#7167=AXIS2_PLACEMENT_3D('',#10658,#8773,#8774);
#7168=AXIS2_PLACEMENT_3D('',#10660,#8776,#8777);
#7169=AXIS2_PLACEMENT_3D('',#10669,#8782,#8783);
#7170=AXIS2_PLACEMENT_3D('',#10675,#8787,#8788);
#7171=AXIS2_PLACEMENT_3D('',#10681,#8792,#8793);
#7172=AXIS2_PLACEMENT_3D('',#10687,#8797,#8798);
#7173=AXIS2_PLACEMENT_3D('',#10691,#8801,#8802);
#7174=AXIS2_PLACEMENT_3D('',#10695,#8805,#8806);
#7175=AXIS2_PLACEMENT_3D('',#10697,#8808,#8809);
#7176=AXIS2_PLACEMENT_3D('',#10706,#8814,#8815);
#7177=AXIS2_PLACEMENT_3D('',#10712,#8819,#8820);
#7178=AXIS2_PLACEMENT_3D('',#10718,#8824,#8825);
#7179=AXIS2_PLACEMENT_3D('',#10724,#8829,#8830);
#7180=AXIS2_PLACEMENT_3D('',#10730,#8834,#8835);
#7181=AXIS2_PLACEMENT_3D('',#10732,#8837,#8838);
#7182=AXIS2_PLACEMENT_3D('',#10734,#8840,#8841);
#7183=AXIS2_PLACEMENT_3D('',#10738,#8844,#8845);
#7184=AXIS2_PLACEMENT_3D('',#10740,#8847,#8848);
#7185=DIRECTION('axis',(0.,0.,1.));
#7186=DIRECTION('refdir',(1.,0.,0.));
#7187=DIRECTION('center_axis',(0.928879340536813,-0.368653172808233,-0.0357492503742283));
#7188=DIRECTION('ref_axis',(-0.0384579591781854,0.,-0.999260219049998));
#7189=DIRECTION('',(0.368984489073454,0.92943096532959,0.00292019001230209));
#7190=DIRECTION('',(5.91013467494522E-18,0.096519823986136,-0.995331062299216));
#7191=DIRECTION('',(-0.368984489073454,-0.92943096532959,-0.00292019001230209));
#7192=DIRECTION('',(5.91013467494522E-18,0.096519823986136,-0.995331062299216));
#7193=DIRECTION('center_axis',(-6.09464499768335E-17,-0.995331062299216,
-0.096519823986136));
#7194=DIRECTION('ref_axis',(0.,0.096519823986136,-0.995331062299216));
#7195=DIRECTION('',(1.,-6.12323399573677E-17,3.54987407349455E-32));
#7196=DIRECTION('',(5.91013467494522E-18,0.096519823986136,-0.995331062299216));
#7197=DIRECTION('',(-1.,6.12323399573677E-17,-3.54987407349455E-32));
#7198=DIRECTION('center_axis',(6.09464499768335E-17,0.995331062299216,0.096519823986136));
#7199=DIRECTION('ref_axis',(0.,-0.096519823986136,0.995331062299216));
#7200=DIRECTION('',(1.,-6.12323399573677E-17,3.54987407349455E-32));
#7201=DIRECTION('',(-5.91013467494522E-18,-0.096519823986136,0.995331062299216));
#7202=DIRECTION('',(1.,-6.12323399573677E-17,3.54987407349455E-32));
#7203=DIRECTION('',(-5.91013467494522E-18,-0.096519823986136,0.995331062299216));
#7204=DIRECTION('center_axis',(0.928879340536813,0.368653172808233,0.0357492503742283));
#7205=DIRECTION('ref_axis',(0.0384579591781854,0.,-0.999260219049998));
#7206=DIRECTION('',(-0.368984489073454,0.92943096532959,0.00292019001230209));
#7207=DIRECTION('',(0.368984489073454,-0.92943096532959,-0.00292019001230209));
#7208=DIRECTION('center_axis',(1.92385654963636E-19,0.00314189617933182,
-0.999995064232018));
#7209=DIRECTION('ref_axis',(-1.,0.,-1.92386604539279E-19));
#7210=DIRECTION('',(-0.368984489073454,-0.92943096532959,-0.00292019001230209));
#7211=DIRECTION('',(0.368984489073454,-0.92943096532959,-0.00292019001230209));
#7212=DIRECTION('center_axis',(-0.928879340536813,-0.368653172808233,-0.0357492503742283));
#7213=DIRECTION('ref_axis',(-0.0384579591781854,0.,0.999260219049998));
#7214=DIRECTION('',(0.368984489073454,-0.92943096532959,-0.00292019001230209));
#7215=DIRECTION('',(5.91013467494522E-18,0.096519823986136,-0.995331062299216));
#7216=DIRECTION('center_axis',(-1.92385654963636E-19,-0.00314189617933182,
0.999995064232018));
#7217=DIRECTION('ref_axis',(1.,0.,1.92386604539279E-19));
#7218=DIRECTION('',(0.368984489073454,0.92943096532959,0.00292019001230209));
#7219=DIRECTION('center_axis',(-0.928879340536813,0.368653172808233,0.0357492503742283));
#7220=DIRECTION('ref_axis',(0.0384579591781854,0.,0.999260219049998));
#7221=DIRECTION('center_axis',(6.09464499768335E-17,0.995331062299216,0.096519823986136));
#7222=DIRECTION('ref_axis',(0.,-0.096519823986136,0.995331062299216));
#7223=DIRECTION('',(1.,-6.12323399573677E-17,3.54987407349455E-32));
#7224=DIRECTION('',(5.91013467494522E-18,0.096519823986136,-0.995331062299216));
#7225=DIRECTION('',(1.,-6.12323399573677E-17,3.54987407349455E-32));
#7226=DIRECTION('',(5.91013467494522E-18,0.096519823986136,-0.995331062299216));
#7227=DIRECTION('center_axis',(1.92385654963636E-19,0.00314189617933182,
-0.999995064232018));
#7228=DIRECTION('ref_axis',(-1.,0.,-1.92386604539279E-19));
#7229=DIRECTION('',(1.,-6.12323399573677E-17,3.54987407349455E-32));
#7230=DIRECTION('',(0.368984489073454,-0.92943096532959,-0.00292019001230209));
#7231=DIRECTION('',(-0.368984489073454,-0.92943096532959,-0.00292019001230209));
#7232=DIRECTION('',(-0.368984489073454,0.92943096532959,0.00292019001230209));
#7233=DIRECTION('',(0.368984489073454,0.92943096532959,0.00292019001230209));
#7234=DIRECTION('center_axis',(-0.928879340536813,0.368653172808233,0.0357492503742283));
#7235=DIRECTION('ref_axis',(0.0384579591781854,0.,0.999260219049998));
#7236=DIRECTION('',(-0.368984489073454,-0.92943096532959,-0.00292019001230209));
#7237=DIRECTION('',(5.91013467494522E-18,0.096519823986136,-0.995331062299216));
#7238=DIRECTION('center_axis',(0.928879340536813,0.368653172808233,0.0357492503742283));
#7239=DIRECTION('ref_axis',(0.0384579591781854,0.,-0.999260219049998));
#7240=DIRECTION('',(-0.368984489073454,0.92943096532959,0.00292019001230209));
#7241=DIRECTION('',(5.91013467494522E-18,0.096519823986136,-0.995331062299216));
#7242=DIRECTION('center_axis',(0.928879340536813,-0.368653172808233,-0.0357492503742283));
#7243=DIRECTION('ref_axis',(-0.0384579591781854,0.,-0.999260219049998));
#7244=DIRECTION('',(0.368984489073454,0.92943096532959,0.00292019001230209));
#7245=DIRECTION('',(5.91013467494522E-18,0.096519823986136,-0.995331062299216));
#7246=DIRECTION('center_axis',(-6.09464499768335E-17,-0.995331062299216,
-0.096519823986136));
#7247=DIRECTION('ref_axis',(0.,0.096519823986136,-0.995331062299216));
#7248=DIRECTION('',(1.,-6.12323399573677E-17,3.54987407349455E-32));
#7249=DIRECTION('',(5.91013467494522E-18,0.096519823986136,-0.995331062299216));
#7250=DIRECTION('center_axis',(-1.92385654963636E-19,-0.00314189617933182,
0.999995064232018));
#7251=DIRECTION('ref_axis',(1.,0.,1.92386604539279E-19));
#7252=DIRECTION('',(0.368984489073454,-0.92943096532959,-0.00292019001230209));
#7253=DIRECTION('center_axis',(-0.928879340536813,-0.368653172808233,-0.0357492503742283));
#7254=DIRECTION('ref_axis',(-0.0384579591781854,0.,0.999260219049998));
#7255=DIRECTION('center_axis',(0.928879340536813,0.368653172808233,0.0357492503742283));
#7256=DIRECTION('ref_axis',(0.0384579591781854,0.,-0.999260219049998));
#7257=DIRECTION('',(-0.368984489073454,0.92943096532959,0.00292019001230209));
#7258=DIRECTION('',(-5.91013467494522E-18,-0.096519823986136,0.995331062299216));
#7259=DIRECTION('',(-0.368984489073454,0.92943096532959,0.00292019001230209));
#7260=DIRECTION('',(5.91013467494522E-18,0.096519823986136,-0.995331062299216));
#7261=DIRECTION('center_axis',(6.09464499768335E-17,0.995331062299216,0.096519823986136));
#7262=DIRECTION('ref_axis',(0.,-0.096519823986136,0.995331062299216));
#7263=DIRECTION('',(5.91013467494522E-18,0.096519823986136,-0.995331062299216));
#7264=DIRECTION('',(1.,-6.12323399573677E-17,3.54987407349455E-32));
#7265=DIRECTION('',(1.,-6.12323399573677E-17,3.54987407349455E-32));
#7266=DIRECTION('center_axis',(-1.92385654963636E-19,-0.00314189617933182,
0.999995064232018));
#7267=DIRECTION('ref_axis',(1.,0.,1.92386604539279E-19));
#7268=DIRECTION('',(1.,-6.12323399573677E-17,3.54987407349455E-32));
#7269=DIRECTION('',(-0.368984489073454,-0.92943096532959,-0.00292019001230209));
#7270=DIRECTION('',(-0.368984489073454,-0.92943096532959,-0.00292019001230209));
#7271=DIRECTION('',(0.368984489073454,-0.92943096532959,-0.00292019001230209));
#7272=DIRECTION('center_axis',(-0.928879340536813,0.368653172808233,0.0357492503742283));
#7273=DIRECTION('ref_axis',(0.0384579591781854,0.,0.999260219049998));
#7274=DIRECTION('',(0.368984489073454,0.92943096532959,0.00292019001230209));
#7275=DIRECTION('',(5.91013467494522E-18,0.096519823986136,-0.995331062299216));
#7276=DIRECTION('center_axis',(-6.09464499768335E-17,-0.995331062299216,
-0.096519823986136));
#7277=DIRECTION('ref_axis',(0.,0.096519823986136,-0.995331062299216));
#7278=DIRECTION('',(-1.,6.12323399573677E-17,-3.54987407349455E-32));
#7279=DIRECTION('',(5.91013467494522E-18,0.096519823986136,-0.995331062299216));
#7280=DIRECTION('',(5.91013467494522E-18,0.096519823986136,-0.995331062299216));
#7281=DIRECTION('center_axis',(0.928879340536813,-0.368653172808233,-0.0357492503742283));
#7282=DIRECTION('ref_axis',(-0.0384579591781854,0.,-0.999260219049998));
#7283=DIRECTION('',(-0.368984489073454,-0.92943096532959,-0.00292019001230209));
#7284=DIRECTION('center_axis',(1.92385654963636E-19,0.00314189617933182,
-0.999995064232018));
#7285=DIRECTION('ref_axis',(-1.,0.,-1.92386604539279E-19));
#7286=DIRECTION('',(0.368984489073454,-0.92943096532959,-0.00292019001230209));
#7287=DIRECTION('center_axis',(-0.928879340536813,-0.368653172808233,-0.0357492503742283));
#7288=DIRECTION('ref_axis',(-0.0384579591781854,0.,0.999260219049998));
#7289=DIRECTION('center_axis',(0.928879396667723,-0.368653032695171,-0.0357492367871027));
#7290=DIRECTION('ref_axis',(-0.0384579422626623,0.,-0.999260219701016));
#7291=DIRECTION('',(-0.368984348666469,-0.929431021070661,-0.00292019018743561));
#7292=DIRECTION('',(5.91013467494522E-18,0.096519823986136,-0.995331062299216));
#7293=DIRECTION('',(-0.368984348666469,-0.929431021070661,-0.00292019018743561));
#7294=DIRECTION('',(5.91013467494522E-18,0.096519823986136,-0.995331062299216));
#7295=DIRECTION('center_axis',(-6.09464499768335E-17,-0.995331062299216,
-0.096519823986136));
#7296=DIRECTION('ref_axis',(0.,0.096519823986136,-0.995331062299216));
#7297=DIRECTION('',(-1.,6.12323399573677E-17,-3.54987407349455E-32));
#7298=DIRECTION('',(1.,-6.12323399573677E-17,3.54987407349455E-32));
#7299=DIRECTION('',(5.91013467494522E-18,0.096519823986136,-0.995331062299216));
#7300=DIRECTION('center_axis',(-1.92385654963636E-19,-0.00314189617933182,
0.999995064232018));
#7301=DIRECTION('ref_axis',(1.,0.,1.92386604539279E-19));
#7302=DIRECTION('',(-0.368984348666469,-0.929431021070661,-0.00292019018743561));
#7303=DIRECTION('',(0.368984348666469,-0.929431021070661,-0.00292019018743561));
#7304=DIRECTION('',(-0.368984348666469,0.929431021070661,0.00292019018743561));
#7305=DIRECTION('',(1.,-6.12323399573677E-17,3.54987407349455E-32));
#7306=DIRECTION('center_axis',(0.928879396667723,0.368653032695171,0.0357492367871027));
#7307=DIRECTION('ref_axis',(0.0384579422626623,0.,-0.999260219701016));
#7308=DIRECTION('',(0.368984348666469,-0.929431021070661,-0.00292019018743561));
#7309=DIRECTION('',(5.91013467494522E-18,0.096519823986136,-0.995331062299216));
#7310=DIRECTION('center_axis',(-0.928879396667723,-0.368653032695171,-0.0357492367871027));
#7311=DIRECTION('ref_axis',(-0.0384579422626623,0.,0.999260219701016));
#7312=DIRECTION('',(5.91013467494522E-18,0.096519823986136,-0.995331062299216));
#7313=DIRECTION('',(0.368984348666469,-0.929431021070661,-0.00292019018743561));
#7314=DIRECTION('center_axis',(1.92385654963636E-19,0.00314189617933182,
-0.999995064232018));
#7315=DIRECTION('ref_axis',(-1.,0.,-1.92386604539279E-19));
#7316=DIRECTION('',(1.,-6.12323399573677E-17,3.54987407349455E-32));
#7317=DIRECTION('',(0.368984348666469,0.929431021070661,0.00292019018743561));
#7318=DIRECTION('center_axis',(6.09464499768335E-17,0.995331062299216,0.096519823986136));
#7319=DIRECTION('ref_axis',(0.,-0.096519823986136,0.995331062299216));
#7320=DIRECTION('',(5.91013467494522E-18,0.096519823986136,-0.995331062299216));
#7321=DIRECTION('center_axis',(-0.928879396667723,0.368653032695171,0.0357492367871027));
#7322=DIRECTION('ref_axis',(0.0384579422626623,0.,0.999260219701016));
#7323=DIRECTION('center_axis',(1.92385654963636E-19,0.00314189617933182,
-0.999995064232018));
#7324=DIRECTION('ref_axis',(-1.,0.,-1.92386604539279E-19));
#7325=DIRECTION('',(-0.368984489073454,-0.92943096532959,-0.00292019001230209));
#7326=DIRECTION('',(-1.,6.12323399573677E-17,-3.54987407349455E-32));
#7327=DIRECTION('',(0.368984489073454,-0.92943096532959,-0.00292019001230209));
#7328=DIRECTION('',(1.,-6.12323399573677E-17,3.54987407349455E-32));
#7329=DIRECTION('center_axis',(0.928879340536813,-0.368653172808233,-0.0357492503742283));
#7330=DIRECTION('ref_axis',(-0.0384579591781854,0.,-0.999260219049998));
#7331=DIRECTION('',(5.91013467494522E-18,0.096519823986136,-0.995331062299216));
#7332=DIRECTION('',(-0.368984489073454,-0.92943096532959,-0.00292019001230209));
#7333=DIRECTION('',(5.91013467494522E-18,0.096519823986136,-0.995331062299216));
#7334=DIRECTION('center_axis',(-6.09464499768335E-17,-0.995331062299216,
-0.096519823986136));
#7335=DIRECTION('ref_axis',(0.,0.096519823986136,-0.995331062299216));
#7336=DIRECTION('',(1.,-6.12323399573677E-17,3.54987407349455E-32));
#7337=DIRECTION('',(5.91013467494522E-18,0.096519823986136,-0.995331062299216));
#7338=DIRECTION('center_axis',(6.09464499768335E-17,0.995331062299216,0.096519823986136));
#7339=DIRECTION('ref_axis',(0.,-0.096519823986136,0.995331062299216));
#7340=DIRECTION('',(-5.91013467494522E-18,-0.096519823986136,0.995331062299216));
#7341=DIRECTION('',(1.,-6.12323399573677E-17,3.54987407349455E-32));
#7342=DIRECTION('center_axis',(-1.92385654963636E-19,-0.00314189617933182,
0.999995064232018));
#7343=DIRECTION('ref_axis',(1.,0.,1.92386604539279E-19));
#7344=DIRECTION('',(0.368984489073454,-0.92943096532959,-0.00292019001230209));
#7345=DIRECTION('center_axis',(-0.928879340536813,-0.368653172808233,-0.0357492503742283));
#7346=DIRECTION('ref_axis',(-0.0384579591781854,0.,0.999260219049998));
#7347=DIRECTION('center_axis',(-0.928879340536813,-0.368653172808233,-0.0357492503742283));
#7348=DIRECTION('ref_axis',(-0.0384579591781854,0.,0.999260219049998));
#7349=DIRECTION('',(5.91013467494522E-18,0.096519823986136,-0.995331062299216));
#7350=DIRECTION('',(0.368984489073454,-0.92943096532959,-0.00292019001230209));
#7351=DIRECTION('',(5.91013467494522E-18,0.096519823986136,-0.995331062299216));
#7352=DIRECTION('',(0.368984489073454,-0.92943096532959,-0.00292019001230209));
#7353=DIRECTION('center_axis',(-6.09464499768335E-17,-0.995331062299216,
-0.096519823986136));
#7354=DIRECTION('ref_axis',(0.,0.096519823986136,-0.995331062299216));
#7355=DIRECTION('',(-1.,6.12323399573677E-17,-3.54987407349455E-32));
#7356=DIRECTION('',(1.,-6.12323399573677E-17,3.54987407349455E-32));
#7357=DIRECTION('',(5.91013467494522E-18,0.096519823986136,-0.995331062299216));
#7358=DIRECTION('center_axis',(1.92385654963636E-19,0.00314189617933182,
-0.999995064232018));
#7359=DIRECTION('ref_axis',(-1.,0.,-1.92386604539279E-19));
#7360=DIRECTION('',(-0.368984489073454,-0.92943096532959,-0.00292019001230209));
#7361=DIRECTION('',(-1.,6.12323399573677E-17,-3.54987407349455E-32));
#7362=DIRECTION('',(0.368984489073454,-0.92943096532959,-0.00292019001230209));
#7363=DIRECTION('',(0.368984489073454,0.92943096532959,0.00292019001230209));
#7364=DIRECTION('center_axis',(0.928879340536813,-0.368653172808233,-0.0357492503742283));
#7365=DIRECTION('ref_axis',(-0.0384579591781854,0.,-0.999260219049998));
#7366=DIRECTION('',(5.91013467494522E-18,0.096519823986136,-0.995331062299216));
#7367=DIRECTION('',(-0.368984489073454,-0.92943096532959,-0.00292019001230209));
#7368=DIRECTION('center_axis',(-0.928879340536813,0.368653172808233,0.0357492503742283));
#7369=DIRECTION('ref_axis',(0.0384579591781854,0.,0.999260219049998));
#7370=DIRECTION('',(-0.368984489073454,-0.92943096532959,-0.00292019001230209));
#7371=DIRECTION('',(5.91013467494522E-18,0.096519823986136,-0.995331062299216));
#7372=DIRECTION('center_axis',(0.928879340536813,0.368653172808233,0.0357492503742283));
#7373=DIRECTION('ref_axis',(0.0384579591781854,0.,-0.999260219049998));
#7374=DIRECTION('',(5.91013467494522E-18,0.096519823986136,-0.995331062299216));
#7375=DIRECTION('',(-0.368984489073454,0.92943096532959,0.00292019001230209));
#7376=DIRECTION('center_axis',(-1.92385654963636E-19,-0.00314189617933182,
0.999995064232018));
#7377=DIRECTION('ref_axis',(1.,0.,1.92386604539279E-19));
#7378=DIRECTION('',(-1.,6.12323399573677E-17,-3.54987407349455E-32));
#7379=DIRECTION('center_axis',(6.09464499768335E-17,0.995331062299216,0.096519823986136));
#7380=DIRECTION('ref_axis',(0.,-0.096519823986136,0.995331062299216));
#7381=DIRECTION('center_axis',(1.92385654963636E-19,0.00314189617933182,
-0.999995064232018));
#7382=DIRECTION('ref_axis',(-1.,0.,-1.92386604539279E-19));
#7383=DIRECTION('',(-0.368984489073454,0.92943096532959,0.00292019001230209));
#7384=DIRECTION('',(0.368984480298014,0.929430968813409,0.00292019002324794));
#7385=DIRECTION('',(-1.,6.12323399573677E-17,-3.54987407349455E-32));
#7386=DIRECTION('',(-0.368984480298014,0.929430968813409,0.00292019002324794));
#7387=DIRECTION('',(-0.368984489073454,-0.92943096532959,-0.00292019001230209));
#7388=DIRECTION('',(-1.,6.12323399573677E-17,-3.54987407349455E-32));
#7389=DIRECTION('center_axis',(0.928879344044996,0.368653164051164,0.0357492495250326));
#7390=DIRECTION('ref_axis',(0.0384579581209648,0.,-0.999260219090686));
#7391=DIRECTION('',(5.91013467494522E-18,0.096519823986136,-0.995331062299216));
#7392=DIRECTION('',(0.368984480298014,-0.929430968813409,-0.00292019002324794));
#7393=DIRECTION('',(5.91013467494522E-18,0.096519823986136,-0.995331062299216));
#7394=DIRECTION('center_axis',(0.928879340536813,-0.368653172808233,-0.0357492503742283));
#7395=DIRECTION('ref_axis',(-0.0384579591781854,0.,-0.999260219049998));
#7396=DIRECTION('',(-0.368984489073454,-0.92943096532959,-0.00292019001230209));
#7397=DIRECTION('',(5.91013467494522E-18,0.096519823986136,-0.995331062299216));
#7398=DIRECTION('center_axis',(-0.928879344044996,0.368653164051164,0.0357492495250326));
#7399=DIRECTION('ref_axis',(0.0384579581209648,0.,0.999260219090686));
#7400=DIRECTION('',(-0.368984480298014,-0.929430968813409,-0.00292019002324794));
#7401=DIRECTION('',(5.91013467494522E-18,0.096519823986136,-0.995331062299216));
#7402=DIRECTION('',(5.91013467494522E-18,0.096519823986136,-0.995331062299216));
#7403=DIRECTION('center_axis',(6.09464499768335E-17,0.995331062299216,0.096519823986136));
#7404=DIRECTION('ref_axis',(0.,-0.096519823986136,0.995331062299216));
#7405=DIRECTION('',(-1.,6.12323399573677E-17,-3.54987407349455E-32));
#7406=DIRECTION('center_axis',(-6.09464499768335E-17,-0.995331062299216,
-0.096519823986136));
#7407=DIRECTION('ref_axis',(0.,0.096519823986136,-0.995331062299216));
#7408=DIRECTION('',(-1.,6.12323399573677E-17,-3.54987407349455E-32));
#7409=DIRECTION('',(5.91013467494522E-18,0.096519823986136,-0.995331062299216));
#7410=DIRECTION('center_axis',(-0.928879340536813,-0.368653172808233,-0.0357492503742283));
#7411=DIRECTION('ref_axis',(-0.0384579591781854,0.,0.999260219049998));
#7412=DIRECTION('',(0.368984489073454,-0.92943096532959,-0.00292019001230209));
#7413=DIRECTION('center_axis',(-1.92385654963636E-19,-0.00314189617933182,
0.999995064232018));
#7414=DIRECTION('ref_axis',(1.,0.,1.92386604539279E-19));
#7415=DIRECTION('center_axis',(0.928879340536813,-0.368653172808233,-0.0357492503742283));
#7416=DIRECTION('ref_axis',(-0.0384579591781854,0.,-0.999260219049998));
#7417=DIRECTION('',(0.368984489073454,0.92943096532959,0.00292019001230209));
#7418=DIRECTION('',(5.91013467494522E-18,0.096519823986136,-0.995331062299216));
#7419=DIRECTION('',(0.368984489073454,0.92943096532959,0.00292019001230209));
#7420=DIRECTION('',(5.91013467494522E-18,0.096519823986136,-0.995331062299216));
#7421=DIRECTION('center_axis',(-6.09464499768335E-17,-0.995331062299216,
-0.096519823986136));
#7422=DIRECTION('ref_axis',(0.,0.096519823986136,-0.995331062299216));
#7423=DIRECTION('',(1.,-6.12323399573677E-17,3.54987407349455E-32));
#7424=DIRECTION('',(5.91013467494522E-18,0.096519823986136,-0.995331062299216));
#7425=DIRECTION('',(1.,-6.12323399573677E-17,3.54987407349455E-32));
#7426=DIRECTION('center_axis',(1.92385654963636E-19,0.00314189617933182,
-0.999995064232018));
#7427=DIRECTION('ref_axis',(-1.,0.,-1.92386604539279E-19));
#7428=DIRECTION('',(-1.,6.12323399573677E-17,-3.54987407349455E-32));
#7429=DIRECTION('',(0.368984489073454,-0.92943096532959,-0.00292019001230209));
#7430=DIRECTION('',(0.368984489073454,-0.92943096532959,-0.00292019001230209));
#7431=DIRECTION('',(-0.368984489073454,-0.92943096532959,-0.00292019001230209));
#7432=DIRECTION('center_axis',(0.928879340536813,0.368653172808233,0.0357492503742283));
#7433=DIRECTION('ref_axis',(0.0384579591781854,0.,-0.999260219049998));
#7434=DIRECTION('',(5.91013467494522E-18,0.096519823986136,-0.995331062299216));
#7435=DIRECTION('',(0.368984489073454,-0.92943096532959,-0.00292019001230209));
#7436=DIRECTION('center_axis',(-0.928879340536813,-0.368653172808233,-0.0357492503742283));
#7437=DIRECTION('ref_axis',(-0.0384579591781854,0.,0.999260219049998));
#7438=DIRECTION('',(0.368984489073454,-0.92943096532959,-0.00292019001230209));
#7439=DIRECTION('',(5.91013467494522E-18,0.096519823986136,-0.995331062299216));
#7440=DIRECTION('center_axis',(-1.92385654963636E-19,-0.00314189617933182,
0.999995064232018));
#7441=DIRECTION('ref_axis',(1.,0.,1.92386604539279E-19));
#7442=DIRECTION('',(1.,-6.12323399573677E-17,3.54987407349455E-32));
#7443=DIRECTION('',(-0.368984489073454,-0.92943096532959,-0.00292019001230209));
#7444=DIRECTION('center_axis',(-0.928879340536813,0.368653172808233,0.0357492503742283));
#7445=DIRECTION('ref_axis',(0.0384579591781854,0.,0.999260219049998));
#7446=DIRECTION('',(5.91013467494522E-18,0.096519823986136,-0.995331062299216));
#7447=DIRECTION('center_axis',(6.09464499768335E-17,0.995331062299216,0.096519823986136));
#7448=DIRECTION('ref_axis',(0.,-0.096519823986136,0.995331062299216));
#7449=DIRECTION('center_axis',(1.92385654963636E-19,0.00314189617933182,
-0.999995064232018));
#7450=DIRECTION('ref_axis',(-1.,0.,-1.92386604539279E-19));
#7451=DIRECTION('',(-0.368984348666469,-0.929431021070661,-0.00292019018743561));
#7452=DIRECTION('',(-1.,6.12323399573677E-17,-3.54987407349455E-32));
#7453=DIRECTION('',(0.368984348666469,-0.929431021070661,-0.00292019018743561));
#7454=DIRECTION('',(-1.,6.12323399573677E-17,-3.54987407349455E-32));
#7455=DIRECTION('center_axis',(-6.09464499768335E-17,-0.995331062299216,
-0.096519823986136));
#7456=DIRECTION('ref_axis',(0.,0.096519823986136,-0.995331062299216));
#7457=DIRECTION('',(5.91013467494522E-18,0.096519823986136,-0.995331062299216));
#7458=DIRECTION('',(5.91013467494522E-18,0.096519823986136,-0.995331062299216));
#7459=DIRECTION('',(-1.,6.12323399573677E-17,-3.54987407349455E-32));
#7460=DIRECTION('center_axis',(0.928879396667723,0.368653032695171,0.0357492367871027));
#7461=DIRECTION('ref_axis',(0.0384579422626623,0.,-0.999260219701016));
#7462=DIRECTION('',(5.91013467494522E-18,0.096519823986136,-0.995331062299216));
#7463=DIRECTION('',(-0.368984348666469,0.929431021070661,0.00292019018743561));
#7464=DIRECTION('center_axis',(-0.928879396667723,0.368653032695171,0.0357492367871027));
#7465=DIRECTION('ref_axis',(0.0384579422626623,0.,0.999260219701016));
#7466=DIRECTION('',(-0.368984348666469,-0.929431021070661,-0.00292019018743561));
#7467=DIRECTION('',(5.91013467494522E-18,0.096519823986136,-0.995331062299216));
#7468=DIRECTION('center_axis',(6.09464499768335E-17,0.995331062299216,0.096519823986136));
#7469=DIRECTION('ref_axis',(0.,-0.096519823986136,0.995331062299216));
#7470=DIRECTION('',(-1.,6.12323399573677E-17,-3.54987407349455E-32));
#7471=DIRECTION('center_axis',(-1.92385654963636E-19,-0.00314189617933182,
0.999995064232018));
#7472=DIRECTION('ref_axis',(1.,0.,1.92386604539279E-19));
#7473=DIRECTION('center_axis',(1.92385654963636E-19,0.00314189617933182,
-0.999995064232018));
#7474=DIRECTION('ref_axis',(-1.,0.,-1.92386604539279E-19));
#7475=DIRECTION('',(1.,-6.12323399573677E-17,3.54987407349455E-32));
#7476=DIRECTION('',(-0.368984480298014,0.929430968813409,0.00292019002324794));
#7477=DIRECTION('',(0.368984489073454,0.92943096532959,0.00292019001230209));
#7478=DIRECTION('',(1.,-6.12323399573677E-17,3.54987407349455E-32));
#7479=DIRECTION('',(0.368984489073454,-0.92943096532959,-0.00292019001230209));
#7480=DIRECTION('',(-0.368984480298014,-0.929430968813409,-0.00292019002324794));
#7481=DIRECTION('center_axis',(-0.928879344044996,0.368653164051164,0.0357492495250326));
#7482=DIRECTION('ref_axis',(0.0384579581209648,0.,0.999260219090686));
#7483=DIRECTION('',(-0.368984480298014,-0.929430968813409,-0.00292019002324794));
#7484=DIRECTION('',(-5.91013467494522E-18,-0.096519823986136,0.995331062299216));
#7485=DIRECTION('',(5.91013467494522E-18,0.096519823986136,-0.995331062299216));
#7486=DIRECTION('center_axis',(6.09464499768335E-17,0.995331062299216,0.096519823986136));
#7487=DIRECTION('ref_axis',(0.,-0.096519823986136,0.995331062299216));
#7488=DIRECTION('',(1.,-6.12323399573677E-17,3.54987407349455E-32));
#7489=DIRECTION('',(5.91013467494522E-18,0.096519823986136,-0.995331062299216));
#7490=DIRECTION('center_axis',(-6.09464499768335E-17,-0.995331062299216,
-0.096519823986136));
#7491=DIRECTION('ref_axis',(0.,0.096519823986136,-0.995331062299216));
#7492=DIRECTION('',(-5.91013467494522E-18,-0.096519823986136,0.995331062299216));
#7493=DIRECTION('',(1.,-6.12323399573677E-17,3.54987407349455E-32));
#7494=DIRECTION('',(-5.91013467494522E-18,-0.096519823986136,0.995331062299216));
#7495=DIRECTION('center_axis',(-0.928879340536813,-0.368653172808233,-0.0357492503742283));
#7496=DIRECTION('ref_axis',(-0.0384579591781854,0.,0.999260219049998));
#7497=DIRECTION('',(0.368984489073454,-0.92943096532959,-0.00292019001230209));
#7498=DIRECTION('center_axis',(0.928879344044996,0.368653164051164,0.0357492495250326));
#7499=DIRECTION('ref_axis',(0.0384579581209648,0.,-0.999260219090686));
#7500=DIRECTION('',(5.91013467494522E-18,0.096519823986136,-0.995331062299216));
#7501=DIRECTION('',(0.368984480298014,-0.929430968813409,-0.00292019002324794));
#7502=DIRECTION('center_axis',(-1.92385654963636E-19,-0.00314189617933182,
0.999995064232018));
#7503=DIRECTION('ref_axis',(1.,0.,1.92386604539279E-19));
#7504=DIRECTION('',(0.368984489073454,0.92943096532959,0.00292019001230209));
#7505=DIRECTION('center_axis',(0.928879340536813,-0.368653172808233,-0.0357492503742283));
#7506=DIRECTION('ref_axis',(-0.0384579591781854,0.,-0.999260219049998));
#7507=DIRECTION('center_axis',(1.92385654963636E-19,0.00314189617933182,
-0.999995064232018));
#7508=DIRECTION('ref_axis',(-1.,0.,-1.92386604539279E-19));
#7509=DIRECTION('',(0.368984348666469,0.929431021070661,0.00292019018743561));
#7510=DIRECTION('',(1.,-6.12323399573677E-17,3.54987407349455E-32));
#7511=DIRECTION('',(-0.368984348666469,0.929431021070661,0.00292019018743561));
#7512=DIRECTION('',(0.368984348666469,0.929431021070661,0.00292019018743561));
#7513=DIRECTION('',(1.,-6.12323399573677E-17,3.54987407349455E-32));
#7514=DIRECTION('',(0.368984348666469,-0.929431021070661,-0.00292019018743561));
#7515=DIRECTION('center_axis',(-6.09464499768335E-17,-0.995331062299216,
-0.096519823986136));
#7516=DIRECTION('ref_axis',(0.,0.096519823986136,-0.995331062299216));
#7517=DIRECTION('',(1.,-6.12323399573677E-17,3.54987407349455E-32));
#7518=DIRECTION('',(5.91013467494522E-18,0.096519823986136,-0.995331062299216));
#7519=DIRECTION('',(5.91013467494522E-18,0.096519823986136,-0.995331062299216));
#7520=DIRECTION('center_axis',(-0.928879396667723,-0.368653032695171,-0.0357492367871027));
#7521=DIRECTION('ref_axis',(-0.0384579422626623,0.,0.999260219701016));
#7522=DIRECTION('',(0.368984348666469,-0.929431021070661,-0.00292019018743561));
#7523=DIRECTION('',(5.91013467494522E-18,0.096519823986136,-0.995331062299216));
#7524=DIRECTION('center_axis',(6.09464499768335E-17,0.995331062299216,0.096519823986136));
#7525=DIRECTION('ref_axis',(0.,-0.096519823986136,0.995331062299216));
#7526=DIRECTION('',(1.,-6.12323399573677E-17,3.54987407349455E-32));
#7527=DIRECTION('',(5.91013467494522E-18,0.096519823986136,-0.995331062299216));
#7528=DIRECTION('',(5.91013467494522E-18,0.096519823986136,-0.995331062299216));
#7529=DIRECTION('center_axis',(0.928879396667723,0.368653032695171,0.0357492367871027));
#7530=DIRECTION('ref_axis',(0.0384579422626623,0.,-0.999260219701016));
#7531=DIRECTION('',(5.91013467494522E-18,0.096519823986136,-0.995331062299216));
#7532=DIRECTION('',(-0.368984348666469,0.929431021070661,0.00292019018743561));
#7533=DIRECTION('center_axis',(0.928879396667723,-0.368653032695171,-0.0357492367871027));
#7534=DIRECTION('ref_axis',(-0.0384579422626623,0.,-0.999260219701016));
#7535=DIRECTION('',(-0.368984348666469,-0.929431021070661,-0.00292019018743561));
#7536=DIRECTION('center_axis',(-1.92385654963636E-19,-0.00314189617933182,
0.999995064232018));
#7537=DIRECTION('ref_axis',(1.,0.,1.92386604539279E-19));
#7538=DIRECTION('',(-0.368984348666469,-0.929431021070661,-0.00292019018743561));
#7539=DIRECTION('center_axis',(-0.928879396667723,0.368653032695171,0.0357492367871027));
#7540=DIRECTION('ref_axis',(0.0384579422626623,0.,0.999260219701016));
#7541=DIRECTION('center_axis',(0.928879396667723,-0.368653032695171,-0.0357492367871027));
#7542=DIRECTION('ref_axis',(-0.0384579422626623,0.,-0.999260219701016));
#7543=DIRECTION('',(0.368984348666469,0.929431021070661,0.00292019018743561));
#7544=DIRECTION('',(5.91013467494522E-18,0.096519823986136,-0.995331062299216));
#7545=DIRECTION('',(-0.368984348666469,-0.929431021070661,-0.00292019018743561));
#7546=DIRECTION('',(5.91013467494522E-18,0.096519823986136,-0.995331062299216));
#7547=DIRECTION('center_axis',(1.92385654963636E-19,0.00314189617933182,
-0.999995064232018));
#7548=DIRECTION('ref_axis',(-1.,0.,-1.92386604539279E-19));
#7549=DIRECTION('',(-0.368984489073454,0.92943096532959,0.00292019001230209));
#7550=DIRECTION('',(1.,-6.12323399573677E-17,3.54987407349455E-32));
#7551=DIRECTION('',(-0.368984348666469,0.929431021070661,0.00292019018743561));
#7552=DIRECTION('',(0.368984489073454,0.92943096532959,0.00292019001230209));
#7553=DIRECTION('',(1.,-6.12323399573677E-17,3.54987407349455E-32));
#7554=DIRECTION('center_axis',(-6.09464499768335E-17,-0.995331062299216,
-0.096519823986136));
#7555=DIRECTION('ref_axis',(0.,0.096519823986136,-0.995331062299216));
#7556=DIRECTION('',(1.,-6.12323399573677E-17,3.54987407349455E-32));
#7557=DIRECTION('',(5.91013467494522E-18,0.096519823986136,-0.995331062299216));
#7558=DIRECTION('center_axis',(6.09464499768335E-17,0.995331062299216,0.096519823986136));
#7559=DIRECTION('ref_axis',(0.,-0.096519823986136,0.995331062299216));
#7560=DIRECTION('',(5.91013467494522E-18,0.096519823986136,-0.995331062299216));
#7561=DIRECTION('',(1.,-6.12323399573677E-17,3.54987407349455E-32));
#7562=DIRECTION('',(5.91013467494522E-18,0.096519823986136,-0.995331062299216));
#7563=DIRECTION('center_axis',(0.928879340536813,0.368653172808233,0.0357492503742283));
#7564=DIRECTION('ref_axis',(0.0384579591781854,0.,-0.999260219049998));
#7565=DIRECTION('',(-0.368984489073454,0.92943096532959,0.00292019001230209));
#7566=DIRECTION('center_axis',(-0.928879396667723,-0.368653032695171,-0.0357492367871027));
#7567=DIRECTION('ref_axis',(-0.0384579422626623,0.,0.999260219701016));
#7568=DIRECTION('',(0.368984348666469,-0.929431021070661,-0.00292019018743561));
#7569=DIRECTION('',(5.91013467494522E-18,0.096519823986136,-0.995331062299216));
#7570=DIRECTION('center_axis',(-1.92385654963636E-19,-0.00314189617933182,
0.999995064232018));
#7571=DIRECTION('ref_axis',(1.,0.,1.92386604539279E-19));
#7572=DIRECTION('',(0.368984489073454,0.92943096532959,0.00292019001230209));
#7573=DIRECTION('center_axis',(-0.928879340536813,0.368653172808233,0.0357492503742283));
#7574=DIRECTION('ref_axis',(0.0384579591781854,0.,0.999260219049998));
#7575=DIRECTION('center_axis',(6.09464499768335E-17,0.995331062299216,0.096519823986136));
#7576=DIRECTION('ref_axis',(0.,-0.096519823986136,0.995331062299216));
#7577=DIRECTION('',(1.,-6.12323399573677E-17,3.54987407349455E-32));
#7578=DIRECTION('',(5.91013467494522E-18,0.096519823986136,-0.995331062299216));
#7579=DIRECTION('',(1.,-6.12323399573677E-17,3.54987407349455E-32));
#7580=DIRECTION('',(5.91013467494522E-18,0.096519823986136,-0.995331062299216));
#7581=DIRECTION('center_axis',(1.92385654963636E-19,0.00314189617933182,
-0.999995064232018));
#7582=DIRECTION('ref_axis',(-1.,0.,-1.92386604539279E-19));
#7583=DIRECTION('',(1.,-6.12323399573677E-17,3.54987407349455E-32));
#7584=DIRECTION('',(0.368984489073454,-0.92943096532959,-0.00292019001230209));
#7585=DIRECTION('',(0.368984489073454,0.92943096532959,0.00292019001230209));
#7586=DIRECTION('',(-0.368984489073454,0.92943096532959,0.00292019001230209));
#7587=DIRECTION('',(-0.368984489073454,-0.92943096532959,-0.00292019001230209));
#7588=DIRECTION('center_axis',(-0.928879340536813,0.368653172808233,0.0357492503742283));
#7589=DIRECTION('ref_axis',(0.0384579591781854,0.,0.999260219049998));
#7590=DIRECTION('',(5.91013467494522E-18,0.096519823986136,-0.995331062299216));
#7591=DIRECTION('',(-0.368984489073454,-0.92943096532959,-0.00292019001230209));
#7592=DIRECTION('center_axis',(0.928879340536813,-0.368653172808233,-0.0357492503742283));
#7593=DIRECTION('ref_axis',(-0.0384579591781854,0.,-0.999260219049998));
#7594=DIRECTION('',(5.91013467494522E-18,0.096519823986136,-0.995331062299216));
#7595=DIRECTION('',(-0.368984489073454,-0.92943096532959,-0.00292019001230209));
#7596=DIRECTION('',(5.91013467494522E-18,0.096519823986136,-0.995331062299216));
#7597=DIRECTION('center_axis',(-6.09464499768335E-17,-0.995331062299216,
-0.096519823986136));
#7598=DIRECTION('ref_axis',(0.,0.096519823986136,-0.995331062299216));
#7599=DIRECTION('',(1.,-6.12323399573677E-17,3.54987407349455E-32));
#7600=DIRECTION('',(5.91013467494522E-18,0.096519823986136,-0.995331062299216));
#7601=DIRECTION('center_axis',(-1.92385654963636E-19,-0.00314189617933182,
0.999995064232018));
#7602=DIRECTION('ref_axis',(1.,0.,1.92386604539279E-19));
#7603=DIRECTION('',(0.368984489073454,-0.92943096532959,-0.00292019001230209));
#7604=DIRECTION('',(0.368984489073454,-0.92943096532959,-0.00292019001230209));
#7605=DIRECTION('center_axis',(0.928879340536813,0.368653172808233,0.0357492503742283));
#7606=DIRECTION('ref_axis',(0.0384579591781854,0.,-0.999260219049998));
#7607=DIRECTION('center_axis',(-0.928879340536813,-0.368653172808233,-0.0357492503742283));
#7608=DIRECTION('ref_axis',(-0.0384579591781854,0.,0.999260219049998));
#7609=DIRECTION('center_axis',(0.,1.41758762895888E-16,1.));
#7610=DIRECTION('ref_axis',(1.,0.,0.));
#7611=DIRECTION('center_axis',(-1.45850504898965E-17,-0.00260134724298773,
0.999996616490537));
#7612=DIRECTION('ref_axis',(0.,0.999996616490537,0.00260134724298773));
#7613=DIRECTION('',(0.,1.41758762895888E-16,1.));
#7614=DIRECTION('center_axis',(0.,-2.35019164034682E-16,-1.));
#7615=DIRECTION('ref_axis',(1.,0.,0.));
#7616=DIRECTION('center_axis',(8.04744196523498E-17,2.22233182548238E-16,
1.));
#7617=DIRECTION('ref_axis',(6.12323399573677E-17,1.,-2.21856187320772E-16));
#7618=DIRECTION('center_axis',(-1.45850504898965E-17,-0.00260134724298773,
0.999996616490537));
#7619=DIRECTION('ref_axis',(6.14414746868597E-17,0.999996616490537,0.00260134724298773));
#7620=DIRECTION('',(8.04744196523498E-17,2.22233182548238E-16,1.));
#7621=DIRECTION('center_axis',(0.,-2.35019164034682E-16,-1.));
#7622=DIRECTION('ref_axis',(6.12323399573677E-17,1.,-2.21856187320772E-16));
#7623=DIRECTION('center_axis',(0.,1.41758762895888E-16,1.));
#7624=DIRECTION('ref_axis',(1.,0.,0.));
#7625=DIRECTION('center_axis',(-1.45850504898965E-17,-0.00260134724298773,
0.999996616490537));
#7626=DIRECTION('ref_axis',(0.,0.999996616490537,0.00260134724298773));
#7627=DIRECTION('',(0.,1.41758762895888E-16,1.));
#7628=DIRECTION('center_axis',(0.,-2.35019164034682E-16,-1.));
#7629=DIRECTION('ref_axis',(1.,0.,0.));
#7630=DIRECTION('center_axis',(0.,1.41758762895888E-16,1.));
#7631=DIRECTION('ref_axis',(1.,0.,0.));
#7632=DIRECTION('center_axis',(-1.45850504898965E-17,-0.00260134724298773,
0.999996616490537));
#7633=DIRECTION('ref_axis',(0.,0.999996616490537,0.00260134724298773));
#7634=DIRECTION('',(0.,1.41758762895888E-16,1.));
#7635=DIRECTION('center_axis',(0.,-2.35019164034682E-16,-1.));
#7636=DIRECTION('ref_axis',(1.,0.,0.));
#7637=DIRECTION('center_axis',(0.,2.35019164034682E-16,1.));
#7638=DIRECTION('ref_axis',(1.,0.,0.));
#7639=DIRECTION('',(6.19084559675485E-17,1.,-2.35019164034682E-16));
#7640=DIRECTION('',(-1.,6.12323399573677E-17,-1.4390773348668E-32));
#7641=DIRECTION('',(-6.19084559675485E-17,-1.,2.35019164034682E-16));
#7642=DIRECTION('',(1.,-6.12323399573677E-17,1.4390773348668E-32));
#7643=DIRECTION('center_axis',(1.,-6.19084559675485E-17,2.59909062259351E-16));
#7644=DIRECTION('ref_axis',(2.59909062259351E-16,0.,-1.));
#7645=DIRECTION('',(2.59768232977384E-16,-0.00226403887206002,-0.999997437060709));
#7646=DIRECTION('',(6.1232132777166E-17,0.999996616490537,0.00260134724298773));
#7647=DIRECTION('',(-2.59768232977384E-16,0.00226403887206002,0.999997437060709));
#7648=DIRECTION('center_axis',(6.12321830225977E-17,0.999997437060709,-0.00226403887206002));
#7649=DIRECTION('ref_axis',(0.,0.00226403887206002,0.999997437060709));
#7650=DIRECTION('',(-2.59768232977384E-16,0.00226403887206002,0.999997437060709));
#7651=DIRECTION('',(-1.,6.11996790805398E-17,-1.44258976836099E-17));
#7652=DIRECTION('center_axis',(6.12321830225977E-17,0.999997437060709,-0.00226403887205992));
#7653=DIRECTION('ref_axis',(0.,0.00226403887205992,0.999997437060709));
#7654=DIRECTION('',(-1.,6.11996790805398E-17,-1.44258976836099E-17));
#7655=DIRECTION('',(-1.38632397890541E-19,-0.00226403887205992,-0.999997437060709));
#7656=DIRECTION('',(1.,-6.12323399573677E-17,1.41994962939782E-31));
#7657=DIRECTION('',(-1.38632397890541E-19,-0.00226403887205992,-0.999997437060709));
#7658=DIRECTION('center_axis',(0.932542419174412,0.361059507848629,-0.000817454855983287));
#7659=DIRECTION('ref_axis',(-0.000876586978894577,0.,-0.99999961579756));
#7660=DIRECTION('',(-0.361056716822168,0.932540702806278,0.00242587039417438));
#7661=DIRECTION('',(-1.38632397890541E-19,-0.00226403887205992,-0.999997437060709));
#7662=DIRECTION('',(-0.361056716822168,0.932540702806278,0.00242587039417452));
#7663=DIRECTION('center_axis',(0.932542419174412,-0.361059507848629,0.000817454855983287));
#7664=DIRECTION('ref_axis',(0.000876586978894577,0.,-0.99999961579756));
#7665=DIRECTION('',(0.361056716822168,0.932540702806278,0.00242587039417439));
#7666=DIRECTION('',(-1.38632397890541E-19,-0.00226403887205992,-0.999997437060709));
#7667=DIRECTION('',(-0.361056716822168,-0.932540702806278,-0.00242587039417452));
#7668=DIRECTION('center_axis',(1.59286578729936E-19,0.00260134724298787,
-0.999996616490537));
#7669=DIRECTION('ref_axis',(-1.,0.,-1.59287117679407E-19));
#7670=DIRECTION('',(1.,-6.12323399573677E-17,1.41994962939782E-31));
#7671=DIRECTION('',(0.361056716822168,-0.932540702806278,-0.00242587039417452));
#7672=DIRECTION('',(0.361056716822168,0.932540702806278,0.00242587039417452));
#7673=DIRECTION('center_axis',(-0.932542419174412,0.361059507848629,-0.000817454855983287));
#7674=DIRECTION('ref_axis',(-0.000876586978894577,0.,0.99999961579756));
#7675=DIRECTION('',(-0.361056716822168,-0.932540702806278,-0.00242587039417439));
#7676=DIRECTION('',(-1.38632397890541E-19,-0.00226403887205992,-0.999997437060709));
#7677=DIRECTION('center_axis',(-6.12321830225977E-17,-0.999997437060709,
0.00226403887205992));
#7678=DIRECTION('ref_axis',(0.,-0.00226403887205992,-0.999997437060709));
#7679=DIRECTION('',(1.,-6.11996790805398E-17,1.44258976836099E-17));
#7680=DIRECTION('',(-1.38632397890541E-19,-0.00226403887205992,-0.999997437060709));
#7681=DIRECTION('center_axis',(-0.932542419174412,-0.361059507848629,0.000817454855983287));
#7682=DIRECTION('ref_axis',(0.000876586978894577,0.,0.99999961579756));
#7683=DIRECTION('',(0.361056716822168,-0.932540702806278,-0.00242587039417438));
#7684=DIRECTION('center_axis',(-0.932542419174412,-0.361059507848629,0.000817454855983287));
#7685=DIRECTION('ref_axis',(0.000876586978894577,0.,0.99999961579756));
#7686=DIRECTION('',(0.361056716822168,-0.932540702806278,-0.00242587039417438));
#7687=DIRECTION('',(-1.38632397890541E-19,-0.00226403887205992,-0.999997437060709));
#7688=DIRECTION('',(0.361056716822168,-0.932540702806278,-0.00242587039417452));
#7689=DIRECTION('',(-1.38632397890541E-19,-0.00226403887205992,-0.999997437060709));
#7690=DIRECTION('center_axis',(-0.932542419174412,0.361059507848629,-0.000817454855983287));
#7691=DIRECTION('ref_axis',(-0.000876586978894577,0.,0.99999961579756));
#7692=DIRECTION('',(-0.361056716822168,-0.932540702806278,-0.00242587039417439));
#7693=DIRECTION('',(1.38632397890541E-19,0.00226403887205992,0.999997437060709));
#7694=DIRECTION('',(-0.361056716822168,-0.932540702806278,-0.00242587039417452));
#7695=DIRECTION('center_axis',(6.12321830225977E-17,0.999997437060709,-0.00226403887205992));
#7696=DIRECTION('ref_axis',(0.,0.00226403887205992,0.999997437060709));
#7697=DIRECTION('',(-1.,6.11996790805398E-17,-1.44258976836099E-17));
#7698=DIRECTION('',(1.38632397890541E-19,0.00226403887205992,0.999997437060709));
#7699=DIRECTION('',(1.,-6.12323399573677E-17,1.41994962939782E-31));
#7700=DIRECTION('center_axis',(0.932542419174412,-0.361059507848629,0.000817454855983287));
#7701=DIRECTION('ref_axis',(0.000876586978894577,0.,-0.99999961579756));
#7702=DIRECTION('',(0.361056716822168,0.932540702806278,0.00242587039417439));
#7703=DIRECTION('',(-1.38632397890541E-19,-0.00226403887205992,-0.999997437060709));
#7704=DIRECTION('',(0.361056716822168,0.932540702806278,0.00242587039417452));
#7705=DIRECTION('',(-1.38632397890541E-19,-0.00226403887205992,-0.999997437060709));
#7706=DIRECTION('center_axis',(-6.12321830225977E-17,-0.999997437060709,
0.00226403887205992));
#7707=DIRECTION('ref_axis',(0.,-0.00226403887205992,-0.999997437060709));
#7708=DIRECTION('',(1.,-6.11996790805398E-17,1.44258976836099E-17));
#7709=DIRECTION('',(-1.,6.12323399573677E-17,-1.41994962939782E-31));
#7710=DIRECTION('center_axis',(0.932542419174412,0.361059507848629,-0.000817454855983287));
#7711=DIRECTION('ref_axis',(-0.000876586978894577,0.,-0.99999961579756));
#7712=DIRECTION('',(-0.361056716822168,0.932540702806278,0.00242587039417438));
#7713=DIRECTION('',(0.361056716822168,-0.932540702806278,-0.00242587039417452));
#7714=DIRECTION('center_axis',(1.59286578729936E-19,0.00260134724298787,
-0.999996616490537));
#7715=DIRECTION('ref_axis',(-1.,0.,-1.59287117679407E-19));
#7716=DIRECTION('center_axis',(-0.932542472725751,-0.361059369537216,0.00081745454284007));
#7717=DIRECTION('ref_axis',(0.000876586592761786,0.,0.999999615797899));
#7718=DIRECTION('',(0.361056578511398,-0.932540756356417,-0.00242587053347736));
#7719=DIRECTION('',(-1.38632397890541E-19,-0.00226403887205992,-0.999997437060709));
#7720=DIRECTION('',(-0.361056578511398,0.932540756356417,0.00242587053347749));
#7721=DIRECTION('',(-1.38632397890541E-19,-0.00226403887205992,-0.999997437060709));
#7722=DIRECTION('center_axis',(-0.932542419174412,0.361059507848629,-0.000817454855983287));
#7723=DIRECTION('ref_axis',(-0.000876586978894577,0.,0.99999961579756));
#7724=DIRECTION('',(-0.361056716822168,-0.932540702806278,-0.00242587039417439));
#7725=DIRECTION('',(-1.38632397890541E-19,-0.00226403887205992,-0.999997437060709));
#7726=DIRECTION('',(0.361056716822168,0.932540702806278,0.00242587039417452));
#7727=DIRECTION('center_axis',(6.12321830225977E-17,0.999997437060709,-0.00226403887205992));
#7728=DIRECTION('ref_axis',(0.,0.00226403887205992,0.999997437060709));
#7729=DIRECTION('',(-1.,6.11996790805398E-17,-1.44258976836099E-17));
#7730=DIRECTION('',(-1.38632397890541E-19,-0.00226403887205992,-0.999997437060709));
#7731=DIRECTION('',(1.,-6.12323399573677E-17,1.41994962939782E-31));
#7732=DIRECTION('center_axis',(0.932542472725751,-0.361059369537216,0.00081745454284007));
#7733=DIRECTION('ref_axis',(0.000876586592761786,0.,-0.999999615797899));
#7734=DIRECTION('',(0.361056578511398,0.932540756356417,0.00242587053347737));
#7735=DIRECTION('',(-1.38632397890541E-19,-0.00226403887205992,-0.999997437060709));
#7736=DIRECTION('',(0.361056578511398,0.932540756356417,0.00242587053347749));
#7737=DIRECTION('',(-1.38632397890541E-19,-0.00226403887205992,-0.999997437060709));
#7738=DIRECTION('center_axis',(1.59286578729936E-19,0.00260134724298787,
-0.999996616490537));
#7739=DIRECTION('ref_axis',(-1.,0.,-1.59287117679407E-19));
#7740=DIRECTION('',(-0.361056716822168,0.932540702806278,0.00242587039417452));
#7741=DIRECTION('',(1.,-6.12323399573677E-17,1.41994962939782E-31));
#7742=DIRECTION('center_axis',(-6.12321830225977E-17,-0.999997437060709,
0.00226403887205992));
#7743=DIRECTION('ref_axis',(0.,-0.00226403887205992,-0.999997437060709));
#7744=DIRECTION('',(1.,-6.11996790805398E-17,1.44258976836099E-17));
#7745=DIRECTION('center_axis',(0.932542419174412,0.361059507848629,-0.000817454855983287));
#7746=DIRECTION('ref_axis',(-0.000876586978894577,0.,-0.99999961579756));
#7747=DIRECTION('',(-0.361056716822168,0.932540702806278,0.00242587039417438));
#7748=DIRECTION('center_axis',(-0.932542419174412,-0.361059507848629,0.000817454855983287));
#7749=DIRECTION('ref_axis',(0.000876586978894577,0.,0.99999961579756));
#7750=DIRECTION('',(0.361056716822168,-0.932540702806278,-0.00242587039417438));
#7751=DIRECTION('',(-1.38632397890541E-19,-0.00226403887205992,-0.999997437060709));
#7752=DIRECTION('',(0.361056716822168,-0.932540702806278,-0.00242587039417452));
#7753=DIRECTION('',(-1.38632397890541E-19,-0.00226403887205992,-0.999997437060709));
#7754=DIRECTION('center_axis',(-0.932542419174412,0.361059507848629,-0.000817454855983287));
#7755=DIRECTION('ref_axis',(-0.000876586978894577,0.,0.99999961579756));
#7756=DIRECTION('',(-0.361056716822168,-0.932540702806278,-0.00242587039417439));
#7757=DIRECTION('',(-1.38632397890541E-19,-0.00226403887205992,-0.999997437060709));
#7758=DIRECTION('',(-0.361056716822168,-0.932540702806278,-0.00242587039417452));
#7759=DIRECTION('center_axis',(6.12321830225977E-17,0.999997437060709,-0.00226403887205992));
#7760=DIRECTION('ref_axis',(0.,0.00226403887205992,0.999997437060709));
#7761=DIRECTION('',(-1.,6.11996790805398E-17,-1.44258976836099E-17));
#7762=DIRECTION('',(-1.38632397890541E-19,-0.00226403887205992,-0.999997437060709));
#7763=DIRECTION('',(1.,-6.12323399573677E-17,1.41994962939782E-31));
#7764=DIRECTION('center_axis',(1.59286578729936E-19,0.00260134724298787,
-0.999996616490537));
#7765=DIRECTION('ref_axis',(-1.,0.,-1.59287117679407E-19));
#7766=DIRECTION('',(1.,-6.12323399573677E-17,1.41994962939782E-31));
#7767=DIRECTION('',(-0.361056716822168,0.932540702806278,0.00242587039417452));
#7768=DIRECTION('',(0.361056716822168,0.932540702806278,0.00242587039417452));
#7769=DIRECTION('center_axis',(0.932542419174412,0.361059507848629,-0.000817454855983287));
#7770=DIRECTION('ref_axis',(-0.000876586978894577,0.,-0.99999961579756));
#7771=DIRECTION('',(-0.361056716822168,0.932540702806278,0.00242587039417438));
#7772=DIRECTION('',(-1.38632397890541E-19,-0.00226403887205992,-0.999997437060709));
#7773=DIRECTION('center_axis',(0.932542419174412,-0.361059507848629,0.000817454855983287));
#7774=DIRECTION('ref_axis',(0.000876586978894577,0.,-0.99999961579756));
#7775=DIRECTION('',(0.361056716822168,0.932540702806278,0.00242587039417439));
#7776=DIRECTION('',(-1.38632397890541E-19,-0.00226403887205992,-0.999997437060709));
#7777=DIRECTION('center_axis',(-6.12321830225977E-17,-0.999997437060709,
0.00226403887205992));
#7778=DIRECTION('ref_axis',(0.,-0.00226403887205992,-0.999997437060709));
#7779=DIRECTION('',(1.,-6.11996790805398E-17,1.44258976836099E-17));
#7780=DIRECTION('center_axis',(-0.932542472725751,-0.361059369537216,0.00081745454284007));
#7781=DIRECTION('ref_axis',(0.000876586592761786,0.,0.999999615797899));
#7782=DIRECTION('',(0.361056578511398,-0.932540756356417,-0.00242587053347736));
#7783=DIRECTION('',(-1.38632397890541E-19,-0.00226403887205992,-0.999997437060709));
#7784=DIRECTION('',(0.361056578511398,-0.932540756356417,-0.00242587053347749));
#7785=DIRECTION('',(-1.38632397890541E-19,-0.00226403887205992,-0.999997437060709));
#7786=DIRECTION('center_axis',(-0.932542472725751,0.361059369537216,-0.00081745454284007));
#7787=DIRECTION('ref_axis',(-0.000876586592761786,0.,0.999999615797899));
#7788=DIRECTION('',(-0.361056578511398,-0.932540756356417,-0.00242587053347737));
#7789=DIRECTION('',(-1.38632397890541E-19,-0.00226403887205992,-0.999997437060709));
#7790=DIRECTION('',(0.361056578511398,0.932540756356417,0.00242587053347749));
#7791=DIRECTION('center_axis',(6.12321830225977E-17,0.999997437060709,-0.00226403887205992));
#7792=DIRECTION('ref_axis',(0.,0.00226403887205992,0.999997437060709));
#7793=DIRECTION('',(-1.,6.11996790805398E-17,-1.44258976836099E-17));
#7794=DIRECTION('',(-1.38632397890541E-19,-0.00226403887205992,-0.999997437060709));
#7795=DIRECTION('',(1.,-6.12323399573677E-17,1.41994962939782E-31));
#7796=DIRECTION('center_axis',(1.59286578729936E-19,0.00260134724298787,
-0.999996616490537));
#7797=DIRECTION('ref_axis',(-1.,0.,-1.59287117679407E-19));
#7798=DIRECTION('',(-0.361056578511398,0.932540756356417,0.00242587053347749));
#7799=DIRECTION('',(0.361056578511398,0.932540756356417,0.00242587053347749));
#7800=DIRECTION('',(1.,-6.12323399573677E-17,1.41994962939782E-31));
#7801=DIRECTION('center_axis',(-6.12321830225977E-17,-0.999997437060709,
0.00226403887205992));
#7802=DIRECTION('ref_axis',(0.,-0.00226403887205992,-0.999997437060709));
#7803=DIRECTION('',(1.,-6.11996790805398E-17,1.44258976836099E-17));
#7804=DIRECTION('',(-1.38632397890541E-19,-0.00226403887205992,-0.999997437060709));
#7805=DIRECTION('center_axis',(0.932542472725751,0.361059369537216,-0.00081745454284007));
#7806=DIRECTION('ref_axis',(-0.000876586592761786,0.,-0.999999615797899));
#7807=DIRECTION('',(-0.361056578511398,0.932540756356417,0.00242587053347736));
#7808=DIRECTION('',(-1.38632397890541E-19,-0.00226403887205992,-0.999997437060709));
#7809=DIRECTION('center_axis',(0.932542472725751,-0.361059369537216,0.00081745454284007));
#7810=DIRECTION('ref_axis',(0.000876586592761786,0.,-0.999999615797899));
#7811=DIRECTION('',(0.361056578511398,0.932540756356417,0.00242587053347737));
#7812=DIRECTION('center_axis',(0.932542419174412,0.361059507848629,-0.000817454855983287));
#7813=DIRECTION('ref_axis',(-0.000876586978894577,0.,-0.99999961579756));
#7814=DIRECTION('',(-0.361056716822168,0.932540702806278,0.00242587039417438));
#7815=DIRECTION('',(1.38632397890541E-19,0.00226403887205992,0.999997437060709));
#7816=DIRECTION('',(-0.361056716822168,0.932540702806278,0.00242587039417452));
#7817=DIRECTION('',(-1.38632397890541E-19,-0.00226403887205992,-0.999997437060709));
#7818=DIRECTION('center_axis',(0.932542419174412,-0.361059507848629,0.000817454855983287));
#7819=DIRECTION('ref_axis',(0.000876586978894577,0.,-0.99999961579756));
#7820=DIRECTION('',(0.361056716822168,0.932540702806278,0.00242587039417439));
#7821=DIRECTION('',(-1.38632397890541E-19,-0.00226403887205992,-0.999997437060709));
#7822=DIRECTION('',(-0.361056716822168,-0.932540702806278,-0.00242587039417452));
#7823=DIRECTION('center_axis',(-6.12321830225977E-17,-0.999997437060709,
0.00226403887205992));
#7824=DIRECTION('ref_axis',(0.,-0.00226403887205992,-0.999997437060709));
#7825=DIRECTION('',(1.,-6.11996790805398E-17,1.44258976836099E-17));
#7826=DIRECTION('',(-1.38632397890541E-19,-0.00226403887205992,-0.999997437060709));
#7827=DIRECTION('',(-1.,6.12323399573677E-17,-1.41994962939782E-31));
#7828=DIRECTION('center_axis',(6.12321830225977E-17,0.999997437060709,-0.00226403887205992));
#7829=DIRECTION('ref_axis',(0.,0.00226403887205992,0.999997437060709));
#7830=DIRECTION('',(-1.,6.11996790805398E-17,-1.44258976836099E-17));
#7831=DIRECTION('',(1.,-6.12323399573677E-17,1.41994962939782E-31));
#7832=DIRECTION('',(-1.38632397890541E-19,-0.00226403887205992,-0.999997437060709));
#7833=DIRECTION('center_axis',(-0.932542419174412,0.361059507848629,-0.000817454855983287));
#7834=DIRECTION('ref_axis',(-0.000876586978894577,0.,0.99999961579756));
#7835=DIRECTION('',(-0.361056716822168,-0.932540702806278,-0.00242587039417439));
#7836=DIRECTION('',(0.361056716822168,0.932540702806278,0.00242587039417452));
#7837=DIRECTION('',(-1.38632397890541E-19,-0.00226403887205992,-0.999997437060709));
#7838=DIRECTION('center_axis',(1.59286578729936E-19,0.00260134724298787,
-0.999996616490537));
#7839=DIRECTION('ref_axis',(-1.,0.,-1.59287117679407E-19));
#7840=DIRECTION('',(0.361056716822168,-0.932540702806278,-0.00242587039417452));
#7841=DIRECTION('center_axis',(-0.932542419174412,-0.361059507848629,0.000817454855983287));
#7842=DIRECTION('ref_axis',(0.000876586978894577,0.,0.99999961579756));
#7843=DIRECTION('',(0.361056716822168,-0.932540702806278,-0.00242587039417438));
#7844=DIRECTION('center_axis',(0.932542422521372,0.361059499204163,-0.00081745483641183));
#7845=DIRECTION('ref_axis',(-0.000876586954761267,0.,-0.999999615797582));
#7846=DIRECTION('',(-0.361056708177742,0.932540706153164,0.00242587040288083));
#7847=DIRECTION('',(-1.38632397890541E-19,-0.00226403887205992,-0.999997437060709));
#7848=DIRECTION('',(-0.361056708177742,0.932540706153164,0.00242587040288096));
#7849=DIRECTION('',(-1.38632397890541E-19,-0.00226403887205992,-0.999997437060709));
#7850=DIRECTION('center_axis',(0.932542419174412,-0.361059507848629,0.000817454855983287));
#7851=DIRECTION('ref_axis',(0.000876586978894577,0.,-0.99999961579756));
#7852=DIRECTION('',(0.361056716822168,0.932540702806278,0.00242587039417439));
#7853=DIRECTION('',(1.38632397890541E-19,0.00226403887205992,0.999997437060709));
#7854=DIRECTION('',(0.361056716822168,0.932540702806278,0.00242587039417452));
#7855=DIRECTION('center_axis',(-6.12321830225977E-17,-0.999997437060709,
0.00226403887205992));
#7856=DIRECTION('ref_axis',(0.,-0.00226403887205992,-0.999997437060709));
#7857=DIRECTION('',(1.,-6.11996790805398E-17,1.44258976836099E-17));
#7858=DIRECTION('',(1.38632397890541E-19,0.00226403887205992,0.999997437060709));
#7859=DIRECTION('',(1.,-6.12323399573677E-17,1.41994962939782E-31));
#7860=DIRECTION('center_axis',(1.59286578729936E-19,0.00260134724298787,
-0.999996616490537));
#7861=DIRECTION('ref_axis',(-1.,0.,-1.59287117679407E-19));
#7862=DIRECTION('',(1.,-6.12323399573677E-17,1.41994962939782E-31));
#7863=DIRECTION('',(0.361056716822168,-0.932540702806278,-0.00242587039417452));
#7864=DIRECTION('',(-0.361056708177743,-0.932540706153164,-0.00242587040288096));
#7865=DIRECTION('center_axis',(-0.932542422521372,0.361059499204163,-0.00081745483641183));
#7866=DIRECTION('ref_axis',(-0.000876586954761267,0.,0.999999615797582));
#7867=DIRECTION('',(-0.361056708177742,-0.932540706153164,-0.00242587040288084));
#7868=DIRECTION('',(1.38632397890541E-19,0.00226403887205992,0.999997437060709));
#7869=DIRECTION('',(-1.38632397890541E-19,-0.00226403887205992,-0.999997437060709));
#7870=DIRECTION('center_axis',(6.12321830225977E-17,0.999997437060709,-0.00226403887205992));
#7871=DIRECTION('ref_axis',(0.,0.00226403887205992,0.999997437060709));
#7872=DIRECTION('',(-1.,6.11996790805398E-17,-1.44258976836099E-17));
#7873=DIRECTION('center_axis',(-0.932542419174412,-0.361059507848629,0.000817454855983287));
#7874=DIRECTION('ref_axis',(0.000876586978894577,0.,0.99999961579756));
#7875=DIRECTION('',(0.361056716822168,-0.932540702806278,-0.00242587039417438));
#7876=DIRECTION('center_axis',(6.12321830225977E-17,0.999997437060709,-0.00226403887205992));
#7877=DIRECTION('ref_axis',(0.,0.00226403887205992,0.999997437060709));
#7878=DIRECTION('',(-1.,6.11996790805398E-17,-1.44258976836099E-17));
#7879=DIRECTION('',(-1.38632397890541E-19,-0.00226403887205992,-0.999997437060709));
#7880=DIRECTION('',(1.,-6.12323399573677E-17,1.41994962939782E-31));
#7881=DIRECTION('',(-1.38632397890541E-19,-0.00226403887205992,-0.999997437060709));
#7882=DIRECTION('center_axis',(0.932542472725751,0.361059369537216,-0.00081745454284007));
#7883=DIRECTION('ref_axis',(-0.000876586592761786,0.,-0.999999615797899));
#7884=DIRECTION('',(-0.361056578511398,0.932540756356417,0.00242587053347736));
#7885=DIRECTION('',(-1.38632397890541E-19,-0.00226403887205992,-0.999997437060709));
#7886=DIRECTION('',(0.361056578511398,-0.932540756356417,-0.00242587053347749));
#7887=DIRECTION('center_axis',(0.932542472725751,-0.361059369537216,0.00081745454284007));
#7888=DIRECTION('ref_axis',(0.000876586592761786,0.,-0.999999615797899));
#7889=DIRECTION('',(0.361056578511398,0.932540756356417,0.00242587053347737));
#7890=DIRECTION('',(-1.38632397890541E-19,-0.00226403887205992,-0.999997437060709));
#7891=DIRECTION('',(-0.361056578511398,-0.932540756356417,-0.00242587053347749));
#7892=DIRECTION('center_axis',(-6.12321830225977E-17,-0.999997437060709,
0.00226403887205992));
#7893=DIRECTION('ref_axis',(0.,-0.00226403887205992,-0.999997437060709));
#7894=DIRECTION('',(1.,-6.11996790805398E-17,1.44258976836099E-17));
#7895=DIRECTION('',(-1.38632397890541E-19,-0.00226403887205992,-0.999997437060709));
#7896=DIRECTION('',(-1.,6.12323399573677E-17,-1.41994962939782E-31));
#7897=DIRECTION('center_axis',(-0.932542472725751,-0.361059369537216,0.00081745454284007));
#7898=DIRECTION('ref_axis',(0.000876586592761786,0.,0.999999615797899));
#7899=DIRECTION('',(0.361056578511398,-0.932540756356417,-0.00242587053347736));
#7900=DIRECTION('',(-1.38632397890541E-19,-0.00226403887205992,-0.999997437060709));
#7901=DIRECTION('',(0.361056578511398,-0.932540756356417,-0.00242587053347749));
#7902=DIRECTION('center_axis',(1.59286578729936E-19,0.00260134724298787,
-0.999996616490537));
#7903=DIRECTION('ref_axis',(-1.,0.,-1.59287117679407E-19));
#7904=DIRECTION('',(0.361056578511398,0.932540756356417,0.00242587053347749));
#7905=DIRECTION('center_axis',(-0.932542472725751,0.361059369537216,-0.00081745454284007));
#7906=DIRECTION('ref_axis',(-0.000876586592761786,0.,0.999999615797899));
#7907=DIRECTION('',(-0.361056578511398,-0.932540756356417,-0.00242587053347737));
#7908=DIRECTION('center_axis',(0.932542472725751,0.361059369537216,-0.00081745454284007));
#7909=DIRECTION('ref_axis',(-0.000876586592761786,0.,-0.999999615797899));
#7910=DIRECTION('',(-0.361056578511398,0.932540756356417,0.00242587053347736));
#7911=DIRECTION('',(-1.38632397890541E-19,-0.00226403887205992,-0.999997437060709));
#7912=DIRECTION('',(0.361056578511398,-0.932540756356417,-0.00242587053347749));
#7913=DIRECTION('',(-1.38632397890541E-19,-0.00226403887205992,-0.999997437060709));
#7914=DIRECTION('center_axis',(-6.12321830225977E-17,-0.999997437060709,
0.00226403887205992));
#7915=DIRECTION('ref_axis',(0.,-0.00226403887205992,-0.999997437060709));
#7916=DIRECTION('',(1.,-6.11996790805398E-17,1.44258976836099E-17));
#7917=DIRECTION('',(-1.38632397890541E-19,-0.00226403887205992,-0.999997437060709));
#7918=DIRECTION('',(-1.,6.12323399573677E-17,-1.41994962939782E-31));
#7919=DIRECTION('center_axis',(1.59286578729936E-19,0.00260134724298787,
-0.999996616490537));
#7920=DIRECTION('ref_axis',(-1.,0.,-1.59287117679407E-19));
#7921=DIRECTION('',(-0.361056578511398,-0.932540756356417,-0.00242587053347749));
#7922=DIRECTION('',(-1.,6.12323399573677E-17,-1.41994962939782E-31));
#7923=DIRECTION('center_axis',(-0.932542472725751,0.361059369537216,-0.00081745454284007));
#7924=DIRECTION('ref_axis',(-0.000876586592761786,0.,0.999999615797899));
#7925=DIRECTION('',(-0.361056578511398,-0.932540756356417,-0.00242587053347737));
#7926=DIRECTION('',(-1.38632397890541E-19,-0.00226403887205992,-0.999997437060709));
#7927=DIRECTION('center_axis',(6.12321830225977E-17,0.999997437060709,-0.00226403887205992));
#7928=DIRECTION('ref_axis',(0.,0.00226403887205992,0.999997437060709));
#7929=DIRECTION('',(-1.,6.11996790805398E-17,-1.44258976836099E-17));
#7930=DIRECTION('center_axis',(6.12321830225977E-17,0.999997437060709,-0.00226403887205992));
#7931=DIRECTION('ref_axis',(0.,0.00226403887205992,0.999997437060709));
#7932=DIRECTION('',(-1.,6.11996790805398E-17,-1.44258976836099E-17));
#7933=DIRECTION('',(-1.38632397890541E-19,-0.00226403887205992,-0.999997437060709));
#7934=DIRECTION('',(1.,-6.12323399573677E-17,1.41994962939782E-31));
#7935=DIRECTION('',(1.38632397890541E-19,0.00226403887205992,0.999997437060709));
#7936=DIRECTION('center_axis',(0.932542419174412,-0.361059507848629,0.000817454855983287));
#7937=DIRECTION('ref_axis',(0.000876586978894577,0.,-0.99999961579756));
#7938=DIRECTION('',(0.361056716822168,0.932540702806278,0.00242587039417439));
#7939=DIRECTION('',(-1.38632397890541E-19,-0.00226403887205992,-0.999997437060709));
#7940=DIRECTION('',(-0.361056716822168,-0.932540702806278,-0.00242587039417452));
#7941=DIRECTION('center_axis',(1.59286578729936E-19,0.00260134724298787,
-0.999996616490537));
#7942=DIRECTION('ref_axis',(-1.,0.,-1.59287117679407E-19));
#7943=DIRECTION('',(-1.,6.12323399573677E-17,-1.41994962939782E-31));
#7944=DIRECTION('',(0.361056716822168,-0.932540702806278,-0.00242587039417452));
#7945=DIRECTION('center_axis',(-6.12321830225977E-17,-0.999997437060709,
0.00226403887205992));
#7946=DIRECTION('ref_axis',(0.,-0.00226403887205992,-0.999997437060709));
#7947=DIRECTION('',(1.,-6.11996790805398E-17,1.44258976836099E-17));
#7948=DIRECTION('',(-1.38632397890541E-19,-0.00226403887205992,-0.999997437060709));
#7949=DIRECTION('center_axis',(-0.932542419174412,-0.361059507848629,0.000817454855983287));
#7950=DIRECTION('ref_axis',(0.000876586978894577,0.,0.99999961579756));
#7951=DIRECTION('',(0.361056716822168,-0.932540702806278,-0.00242587039417438));
#7952=DIRECTION('center_axis',(6.12321830225977E-17,0.999997437060709,-0.00226403887205992));
#7953=DIRECTION('ref_axis',(0.,0.00226403887205992,0.999997437060709));
#7954=DIRECTION('',(-1.,6.11996790805398E-17,-1.44258976836099E-17));
#7955=DIRECTION('',(-1.38632397890541E-19,-0.00226403887205992,-0.999997437060709));
#7956=DIRECTION('',(-1.,6.12323399573677E-17,-1.41994962939782E-31));
#7957=DIRECTION('',(-1.38632397890541E-19,-0.00226403887205992,-0.999997437060709));
#7958=DIRECTION('center_axis',(0.932542419174412,0.361059507848629,-0.000817454855983287));
#7959=DIRECTION('ref_axis',(-0.000876586978894577,0.,-0.99999961579756));
#7960=DIRECTION('',(-0.361056716822168,0.932540702806278,0.00242587039417438));
#7961=DIRECTION('',(-1.38632397890541E-19,-0.00226403887205992,-0.999997437060709));
#7962=DIRECTION('',(0.361056716822168,-0.932540702806278,-0.00242587039417452));
#7963=DIRECTION('center_axis',(0.932542419174412,-0.361059507848629,0.000817454855983287));
#7964=DIRECTION('ref_axis',(0.000876586978894577,0.,-0.99999961579756));
#7965=DIRECTION('',(0.361056716822168,0.932540702806278,0.00242587039417439));
#7966=DIRECTION('',(-1.38632397890541E-19,-0.00226403887205992,-0.999997437060709));
#7967=DIRECTION('',(0.361056716822168,0.932540702806278,0.00242587039417452));
#7968=DIRECTION('center_axis',(-6.12321830225977E-17,-0.999997437060709,
0.00226403887205992));
#7969=DIRECTION('ref_axis',(0.,-0.00226403887205992,-0.999997437060709));
#7970=DIRECTION('',(1.,-6.11996790805398E-17,1.44258976836099E-17));
#7971=DIRECTION('',(-1.38632397890541E-19,-0.00226403887205992,-0.999997437060709));
#7972=DIRECTION('',(1.,-6.12323399573677E-17,1.41994962939782E-31));
#7973=DIRECTION('center_axis',(1.59286578729936E-19,0.00260134724298787,
-0.999996616490537));
#7974=DIRECTION('ref_axis',(-1.,0.,-1.59287117679407E-19));
#7975=DIRECTION('',(0.361056716822168,-0.932540702806278,-0.00242587039417452));
#7976=DIRECTION('',(-0.361056716822168,-0.932540702806278,-0.00242587039417452));
#7977=DIRECTION('center_axis',(-0.932542419174412,-0.361059507848629,0.000817454855983287));
#7978=DIRECTION('ref_axis',(0.000876586978894577,0.,0.99999961579756));
#7979=DIRECTION('',(0.361056716822168,-0.932540702806278,-0.00242587039417438));
#7980=DIRECTION('',(-1.38632397890541E-19,-0.00226403887205992,-0.999997437060709));
#7981=DIRECTION('center_axis',(-0.932542419174412,0.361059507848629,-0.000817454855983287));
#7982=DIRECTION('ref_axis',(-0.000876586978894577,0.,0.99999961579756));
#7983=DIRECTION('',(-0.361056716822168,-0.932540702806278,-0.00242587039417439));
#7984=DIRECTION('center_axis',(0.932542419174412,-0.361059507848629,0.000817454855983287));
#7985=DIRECTION('ref_axis',(0.000876586978894577,0.,-0.99999961579756));
#7986=DIRECTION('',(0.361056716822168,0.932540702806278,0.00242587039417439));
#7987=DIRECTION('',(-1.38632397890541E-19,-0.00226403887205992,-0.999997437060709));
#7988=DIRECTION('',(0.361056716822168,0.932540702806278,0.00242587039417452));
#7989=DIRECTION('',(-1.38632397890541E-19,-0.00226403887205992,-0.999997437060709));
#7990=DIRECTION('center_axis',(-6.12321830225977E-17,-0.999997437060709,
0.00226403887205992));
#7991=DIRECTION('ref_axis',(0.,-0.00226403887205992,-0.999997437060709));
#7992=DIRECTION('',(1.,-6.11996790805398E-17,1.44258976836099E-17));
#7993=DIRECTION('',(-1.38632397890541E-19,-0.00226403887205992,-0.999997437060709));
#7994=DIRECTION('',(1.,-6.12323399573677E-17,1.41994962939782E-31));
#7995=DIRECTION('center_axis',(-0.932542419174412,-0.361059507848629,0.000817454855983287));
#7996=DIRECTION('ref_axis',(0.000876586978894577,0.,0.99999961579756));
#7997=DIRECTION('',(0.361056716822168,-0.932540702806278,-0.00242587039417438));
#7998=DIRECTION('',(-1.38632397890541E-19,-0.00226403887205992,-0.999997437060709));
#7999=DIRECTION('',(0.361056716822168,-0.932540702806278,-0.00242587039417452));
#8000=DIRECTION('center_axis',(1.59286578729936E-19,0.00260134724298787,
-0.999996616490537));
#8001=DIRECTION('ref_axis',(-1.,0.,-1.59287117679407E-19));
#8002=DIRECTION('',(-0.361056716822168,-0.932540702806278,-0.00242587039417452));
#8003=DIRECTION('',(-1.,6.12323399573677E-17,-1.41994962939782E-31));
#8004=DIRECTION('',(0.361056716822168,-0.932540702806278,-0.00242587039417452));
#8005=DIRECTION('center_axis',(-0.932542419174412,0.361059507848629,-0.000817454855983287));
#8006=DIRECTION('ref_axis',(-0.000876586978894577,0.,0.99999961579756));
#8007=DIRECTION('',(-0.361056716822168,-0.932540702806278,-0.00242587039417439));
#8008=DIRECTION('',(-1.38632397890541E-19,-0.00226403887205992,-0.999997437060709));
#8009=DIRECTION('center_axis',(0.932542419174412,0.361059507848629,-0.000817454855983287));
#8010=DIRECTION('ref_axis',(-0.000876586978894577,0.,-0.99999961579756));
#8011=DIRECTION('',(-0.361056716822168,0.932540702806278,0.00242587039417438));
#8012=DIRECTION('',(-1.38632397890541E-19,-0.00226403887205992,-0.999997437060709));
#8013=DIRECTION('center_axis',(6.12321830225977E-17,0.999997437060709,-0.00226403887205992));
#8014=DIRECTION('ref_axis',(0.,0.00226403887205992,0.999997437060709));
#8015=DIRECTION('',(-1.,6.11996790805398E-17,-1.44258976836099E-17));
#8016=DIRECTION('center_axis',(-6.12321830225977E-17,-0.999997437060709,
0.00226403887205992));
#8017=DIRECTION('ref_axis',(0.,-0.00226403887205992,-0.999997437060709));
#8018=DIRECTION('',(1.,-6.11996790805398E-17,1.44258976836099E-17));
#8019=DIRECTION('',(-1.38632397890541E-19,-0.00226403887205992,-0.999997437060709));
#8020=DIRECTION('',(-1.,6.12323399573677E-17,-1.41994962939782E-31));
#8021=DIRECTION('',(-1.38632397890541E-19,-0.00226403887205992,-0.999997437060709));
#8022=DIRECTION('center_axis',(-0.932542419174412,-0.361059507848629,0.000817454855983287));
#8023=DIRECTION('ref_axis',(0.000876586978894577,0.,0.99999961579756));
#8024=DIRECTION('',(0.361056716822168,-0.932540702806278,-0.00242587039417438));
#8025=DIRECTION('',(-1.38632397890541E-19,-0.00226403887205992,-0.999997437060709));
#8026=DIRECTION('',(-0.361056716822168,0.932540702806278,0.00242587039417452));
#8027=DIRECTION('center_axis',(-0.932542422521372,0.361059499204163,-0.00081745483641183));
#8028=DIRECTION('ref_axis',(-0.000876586954761267,0.,0.999999615797582));
#8029=DIRECTION('',(-0.361056708177742,-0.932540706153164,-0.00242587040288084));
#8030=DIRECTION('',(-1.38632397890541E-19,-0.00226403887205992,-0.999997437060709));
#8031=DIRECTION('',(0.361056708177743,0.932540706153164,0.00242587040288096));
#8032=DIRECTION('center_axis',(1.59286578729936E-19,0.00260134724298787,
-0.999996616490537));
#8033=DIRECTION('ref_axis',(-1.,0.,-1.59287117679407E-19));
#8034=DIRECTION('',(-1.,6.12323399573677E-17,-1.41994962939782E-31));
#8035=DIRECTION('',(-0.361056708177742,0.932540706153164,0.00242587040288096));
#8036=DIRECTION('',(-0.361056716822168,-0.932540702806278,-0.00242587039417452));
#8037=DIRECTION('center_axis',(0.932542422521372,0.361059499204163,-0.00081745483641183));
#8038=DIRECTION('ref_axis',(-0.000876586954761267,0.,-0.999999615797582));
#8039=DIRECTION('',(-0.361056708177742,0.932540706153164,0.00242587040288083));
#8040=DIRECTION('',(-1.38632397890541E-19,-0.00226403887205992,-0.999997437060709));
#8041=DIRECTION('',(-1.38632397890541E-19,-0.00226403887205992,-0.999997437060709));
#8042=DIRECTION('center_axis',(0.932542419174412,-0.361059507848629,0.000817454855983287));
#8043=DIRECTION('ref_axis',(0.000876586978894577,0.,-0.99999961579756));
#8044=DIRECTION('',(0.361056716822168,0.932540702806278,0.00242587039417439));
#8045=DIRECTION('center_axis',(6.12321830225977E-17,0.999997437060709,-0.00226403887205992));
#8046=DIRECTION('ref_axis',(0.,0.00226403887205992,0.999997437060709));
#8047=DIRECTION('',(-1.,6.11996790805398E-17,-1.44258976836099E-17));
#8048=DIRECTION('center_axis',(6.12321830225977E-17,0.999997437060709,-0.00226403887205992));
#8049=DIRECTION('ref_axis',(0.,0.00226403887205992,0.999997437060709));
#8050=DIRECTION('',(-1.,6.11996790805398E-17,-1.44258976836099E-17));
#8051=DIRECTION('',(-1.38632397890541E-19,-0.00226403887205992,-0.999997437060709));
#8052=DIRECTION('',(1.,-6.12323399573677E-17,1.41994962939782E-31));
#8053=DIRECTION('',(-1.38632397890541E-19,-0.00226403887205992,-0.999997437060709));
#8054=DIRECTION('center_axis',(0.932542419174412,0.361059507848629,-0.000817454855983287));
#8055=DIRECTION('ref_axis',(-0.000876586978894577,0.,-0.99999961579756));
#8056=DIRECTION('',(-0.361056716822168,0.932540702806278,0.00242587039417438));
#8057=DIRECTION('',(-1.38632397890541E-19,-0.00226403887205992,-0.999997437060709));
#8058=DIRECTION('',(-0.361056716822168,0.932540702806278,0.00242587039417452));
#8059=DIRECTION('center_axis',(0.932542419174412,-0.361059507848629,0.000817454855983287));
#8060=DIRECTION('ref_axis',(0.000876586978894577,0.,-0.99999961579756));
#8061=DIRECTION('',(0.361056716822168,0.932540702806278,0.00242587039417439));
#8062=DIRECTION('',(-1.38632397890541E-19,-0.00226403887205992,-0.999997437060709));
#8063=DIRECTION('',(-0.361056716822168,-0.932540702806278,-0.00242587039417452));
#8064=DIRECTION('center_axis',(1.59286578729936E-19,0.00260134724298787,
-0.999996616490537));
#8065=DIRECTION('ref_axis',(-1.,0.,-1.59287117679407E-19));
#8066=DIRECTION('',(1.,-6.12323399573677E-17,1.41994962939782E-31));
#8067=DIRECTION('',(0.361056716822168,-0.932540702806278,-0.00242587039417452));
#8068=DIRECTION('',(0.361056716822168,0.932540702806278,0.00242587039417452));
#8069=DIRECTION('center_axis',(-0.932542419174412,0.361059507848629,-0.000817454855983287));
#8070=DIRECTION('ref_axis',(-0.000876586978894577,0.,0.99999961579756));
#8071=DIRECTION('',(-0.361056716822168,-0.932540702806278,-0.00242587039417439));
#8072=DIRECTION('',(-1.38632397890541E-19,-0.00226403887205992,-0.999997437060709));
#8073=DIRECTION('center_axis',(-6.12321830225977E-17,-0.999997437060709,
0.00226403887205992));
#8074=DIRECTION('ref_axis',(0.,-0.00226403887205992,-0.999997437060709));
#8075=DIRECTION('',(1.,-6.11996790805398E-17,1.44258976836099E-17));
#8076=DIRECTION('',(-1.38632397890541E-19,-0.00226403887205992,-0.999997437060709));
#8077=DIRECTION('center_axis',(-0.932542419174412,-0.361059507848629,0.000817454855983287));
#8078=DIRECTION('ref_axis',(0.000876586978894577,0.,0.99999961579756));
#8079=DIRECTION('',(0.361056716822168,-0.932540702806278,-0.00242587039417438));
#8080=DIRECTION('center_axis',(-0.932542419174412,-0.361059507848629,0.000817454855983287));
#8081=DIRECTION('ref_axis',(0.000876586978894577,0.,0.99999961579756));
#8082=DIRECTION('',(0.361056716822168,-0.932540702806278,-0.00242587039417438));
#8083=DIRECTION('',(-1.38632397890541E-19,-0.00226403887205992,-0.999997437060709));
#8084=DIRECTION('',(0.361056716822168,-0.932540702806278,-0.00242587039417452));
#8085=DIRECTION('',(-1.38632397890541E-19,-0.00226403887205992,-0.999997437060709));
#8086=DIRECTION('center_axis',(-0.932542419174412,0.361059507848629,-0.000817454855983287));
#8087=DIRECTION('ref_axis',(-0.000876586978894577,0.,0.99999961579756));
#8088=DIRECTION('',(-0.361056716822168,-0.932540702806278,-0.00242587039417439));
#8089=DIRECTION('',(1.38632397890541E-19,0.00226403887205992,0.999997437060709));
#8090=DIRECTION('',(-0.361056716822168,-0.932540702806278,-0.00242587039417452));
#8091=DIRECTION('center_axis',(6.12321830225977E-17,0.999997437060709,-0.00226403887205992));
#8092=DIRECTION('ref_axis',(0.,0.00226403887205992,0.999997437060709));
#8093=DIRECTION('',(-1.,6.11996790805398E-17,-1.44258976836099E-17));
#8094=DIRECTION('',(1.38632397890541E-19,0.00226403887205992,0.999997437060709));
#8095=DIRECTION('',(1.,-6.12323399573677E-17,1.41994962939782E-31));
#8096=DIRECTION('center_axis',(0.932542419174412,-0.361059507848629,0.000817454855983287));
#8097=DIRECTION('ref_axis',(0.000876586978894577,0.,-0.99999961579756));
#8098=DIRECTION('',(0.361056716822168,0.932540702806278,0.00242587039417439));
#8099=DIRECTION('',(-1.38632397890541E-19,-0.00226403887205992,-0.999997437060709));
#8100=DIRECTION('',(0.361056716822168,0.932540702806278,0.00242587039417452));
#8101=DIRECTION('',(-1.38632397890541E-19,-0.00226403887205992,-0.999997437060709));
#8102=DIRECTION('center_axis',(-6.12321830225977E-17,-0.999997437060709,
0.00226403887205992));
#8103=DIRECTION('ref_axis',(0.,-0.00226403887205992,-0.999997437060709));
#8104=DIRECTION('',(1.,-6.11996790805398E-17,1.44258976836099E-17));
#8105=DIRECTION('',(-1.,6.12323399573677E-17,-1.41994962939782E-31));
#8106=DIRECTION('center_axis',(0.932542419174412,0.361059507848629,-0.000817454855983287));
#8107=DIRECTION('ref_axis',(-0.000876586978894577,0.,-0.99999961579756));
#8108=DIRECTION('',(-0.361056716822168,0.932540702806278,0.00242587039417438));
#8109=DIRECTION('',(0.361056716822168,-0.932540702806278,-0.00242587039417452));
#8110=DIRECTION('center_axis',(1.59286578729936E-19,0.00260134724298787,
-0.999996616490537));
#8111=DIRECTION('ref_axis',(-1.,0.,-1.59287117679407E-19));
#8112=DIRECTION('center_axis',(-0.932542472725751,-0.361059369537216,0.00081745454284007));
#8113=DIRECTION('ref_axis',(0.000876586592761786,0.,0.999999615797899));
#8114=DIRECTION('',(0.361056578511398,-0.932540756356417,-0.00242587053347736));
#8115=DIRECTION('',(-1.38632397890541E-19,-0.00226403887205992,-0.999997437060709));
#8116=DIRECTION('',(-0.361056578511398,0.932540756356417,0.00242587053347749));
#8117=DIRECTION('',(-1.38632397890541E-19,-0.00226403887205992,-0.999997437060709));
#8118=DIRECTION('center_axis',(-0.932542419174412,0.361059507848629,-0.000817454855983287));
#8119=DIRECTION('ref_axis',(-0.000876586978894577,0.,0.99999961579756));
#8120=DIRECTION('',(-0.361056716822168,-0.932540702806278,-0.00242587039417439));
#8121=DIRECTION('',(-1.38632397890541E-19,-0.00226403887205992,-0.999997437060709));
#8122=DIRECTION('',(0.361056716822168,0.932540702806278,0.00242587039417452));
#8123=DIRECTION('center_axis',(6.12321830225977E-17,0.999997437060709,-0.00226403887205992));
#8124=DIRECTION('ref_axis',(0.,0.00226403887205992,0.999997437060709));
#8125=DIRECTION('',(-1.,6.11996790805398E-17,-1.44258976836099E-17));
#8126=DIRECTION('',(-1.38632397890541E-19,-0.00226403887205992,-0.999997437060709));
#8127=DIRECTION('',(1.,-6.12323399573677E-17,1.41994962939782E-31));
#8128=DIRECTION('center_axis',(0.932542472725751,-0.361059369537216,0.00081745454284007));
#8129=DIRECTION('ref_axis',(0.000876586592761786,0.,-0.999999615797899));
#8130=DIRECTION('',(0.361056578511398,0.932540756356417,0.00242587053347737));
#8131=DIRECTION('',(-1.38632397890541E-19,-0.00226403887205992,-0.999997437060709));
#8132=DIRECTION('',(0.361056578511398,0.932540756356417,0.00242587053347749));
#8133=DIRECTION('',(-1.38632397890541E-19,-0.00226403887205992,-0.999997437060709));
#8134=DIRECTION('center_axis',(1.59286578729936E-19,0.00260134724298787,
-0.999996616490537));
#8135=DIRECTION('ref_axis',(-1.,0.,-1.59287117679407E-19));
#8136=DIRECTION('',(-0.361056716822168,0.932540702806278,0.00242587039417452));
#8137=DIRECTION('',(1.,-6.12323399573677E-17,1.41994962939782E-31));
#8138=DIRECTION('center_axis',(-6.12321830225977E-17,-0.999997437060709,
0.00226403887205992));
#8139=DIRECTION('ref_axis',(0.,-0.00226403887205992,-0.999997437060709));
#8140=DIRECTION('',(1.,-6.11996790805398E-17,1.44258976836099E-17));
#8141=DIRECTION('center_axis',(0.932542419174412,0.361059507848629,-0.000817454855983287));
#8142=DIRECTION('ref_axis',(-0.000876586978894577,0.,-0.99999961579756));
#8143=DIRECTION('',(-0.361056716822168,0.932540702806278,0.00242587039417438));
#8144=DIRECTION('center_axis',(-0.932542419174412,-0.361059507848629,0.000817454855983287));
#8145=DIRECTION('ref_axis',(0.000876586978894577,0.,0.99999961579756));
#8146=DIRECTION('',(0.361056716822168,-0.932540702806278,-0.00242587039417438));
#8147=DIRECTION('',(-1.38632397890541E-19,-0.00226403887205992,-0.999997437060709));
#8148=DIRECTION('',(0.361056716822168,-0.932540702806278,-0.00242587039417452));
#8149=DIRECTION('',(-1.38632397890541E-19,-0.00226403887205992,-0.999997437060709));
#8150=DIRECTION('center_axis',(-0.932542419174412,0.361059507848629,-0.000817454855983287));
#8151=DIRECTION('ref_axis',(-0.000876586978894577,0.,0.99999961579756));
#8152=DIRECTION('',(-0.361056716822168,-0.932540702806278,-0.00242587039417439));
#8153=DIRECTION('',(-1.38632397890541E-19,-0.00226403887205992,-0.999997437060709));
#8154=DIRECTION('',(-0.361056716822168,-0.932540702806278,-0.00242587039417452));
#8155=DIRECTION('center_axis',(6.12321830225977E-17,0.999997437060709,-0.00226403887205992));
#8156=DIRECTION('ref_axis',(0.,0.00226403887205992,0.999997437060709));
#8157=DIRECTION('',(-1.,6.11996790805398E-17,-1.44258976836099E-17));
#8158=DIRECTION('',(-1.38632397890541E-19,-0.00226403887205992,-0.999997437060709));
#8159=DIRECTION('',(1.,-6.12323399573677E-17,1.41994962939782E-31));
#8160=DIRECTION('center_axis',(1.59286578729936E-19,0.00260134724298787,
-0.999996616490537));
#8161=DIRECTION('ref_axis',(-1.,0.,-1.59287117679407E-19));
#8162=DIRECTION('',(1.,-6.12323399573677E-17,1.41994962939782E-31));
#8163=DIRECTION('',(-0.361056716822168,0.932540702806278,0.00242587039417452));
#8164=DIRECTION('',(0.361056716822168,0.932540702806278,0.00242587039417452));
#8165=DIRECTION('center_axis',(0.932542419174412,0.361059507848629,-0.000817454855983287));
#8166=DIRECTION('ref_axis',(-0.000876586978894577,0.,-0.99999961579756));
#8167=DIRECTION('',(-0.361056716822168,0.932540702806278,0.00242587039417438));
#8168=DIRECTION('',(-1.38632397890541E-19,-0.00226403887205992,-0.999997437060709));
#8169=DIRECTION('center_axis',(0.932542419174412,-0.361059507848629,0.000817454855983287));
#8170=DIRECTION('ref_axis',(0.000876586978894577,0.,-0.99999961579756));
#8171=DIRECTION('',(0.361056716822168,0.932540702806278,0.00242587039417439));
#8172=DIRECTION('',(-1.38632397890541E-19,-0.00226403887205992,-0.999997437060709));
#8173=DIRECTION('center_axis',(-6.12321830225977E-17,-0.999997437060709,
0.00226403887205992));
#8174=DIRECTION('ref_axis',(0.,-0.00226403887205992,-0.999997437060709));
#8175=DIRECTION('',(1.,-6.11996790805398E-17,1.44258976836099E-17));
#8176=DIRECTION('center_axis',(-0.932542472725751,-0.361059369537216,0.00081745454284007));
#8177=DIRECTION('ref_axis',(0.000876586592761786,0.,0.999999615797899));
#8178=DIRECTION('',(0.361056578511398,-0.932540756356417,-0.00242587053347736));
#8179=DIRECTION('',(-1.38632397890541E-19,-0.00226403887205992,-0.999997437060709));
#8180=DIRECTION('',(0.361056578511398,-0.932540756356417,-0.00242587053347749));
#8181=DIRECTION('',(-1.38632397890541E-19,-0.00226403887205992,-0.999997437060709));
#8182=DIRECTION('center_axis',(-0.932542472725751,0.361059369537216,-0.00081745454284007));
#8183=DIRECTION('ref_axis',(-0.000876586592761786,0.,0.999999615797899));
#8184=DIRECTION('',(-0.361056578511398,-0.932540756356417,-0.00242587053347737));
#8185=DIRECTION('',(-1.38632397890541E-19,-0.00226403887205992,-0.999997437060709));
#8186=DIRECTION('',(0.361056578511398,0.932540756356417,0.00242587053347749));
#8187=DIRECTION('center_axis',(6.12321830225977E-17,0.999997437060709,-0.00226403887205992));
#8188=DIRECTION('ref_axis',(0.,0.00226403887205992,0.999997437060709));
#8189=DIRECTION('',(-1.,6.11996790805398E-17,-1.44258976836099E-17));
#8190=DIRECTION('',(-1.38632397890541E-19,-0.00226403887205992,-0.999997437060709));
#8191=DIRECTION('',(1.,-6.12323399573677E-17,1.41994962939782E-31));
#8192=DIRECTION('center_axis',(1.59286578729936E-19,0.00260134724298787,
-0.999996616490537));
#8193=DIRECTION('ref_axis',(-1.,0.,-1.59287117679407E-19));
#8194=DIRECTION('',(-0.361056578511398,0.932540756356417,0.00242587053347749));
#8195=DIRECTION('',(0.361056578511398,0.932540756356417,0.00242587053347749));
#8196=DIRECTION('',(1.,-6.12323399573677E-17,1.41994962939782E-31));
#8197=DIRECTION('center_axis',(-6.12321830225977E-17,-0.999997437060709,
0.00226403887205992));
#8198=DIRECTION('ref_axis',(0.,-0.00226403887205992,-0.999997437060709));
#8199=DIRECTION('',(1.,-6.11996790805398E-17,1.44258976836099E-17));
#8200=DIRECTION('',(-1.38632397890541E-19,-0.00226403887205992,-0.999997437060709));
#8201=DIRECTION('center_axis',(0.932542472725751,0.361059369537216,-0.00081745454284007));
#8202=DIRECTION('ref_axis',(-0.000876586592761786,0.,-0.999999615797899));
#8203=DIRECTION('',(-0.361056578511398,0.932540756356417,0.00242587053347736));
#8204=DIRECTION('',(-1.38632397890541E-19,-0.00226403887205992,-0.999997437060709));
#8205=DIRECTION('center_axis',(0.932542472725751,-0.361059369537216,0.00081745454284007));
#8206=DIRECTION('ref_axis',(0.000876586592761786,0.,-0.999999615797899));
#8207=DIRECTION('',(0.361056578511398,0.932540756356417,0.00242587053347737));
#8208=DIRECTION('center_axis',(0.932542419174412,0.361059507848629,-0.000817454855983287));
#8209=DIRECTION('ref_axis',(-0.000876586978894577,0.,-0.99999961579756));
#8210=DIRECTION('',(-0.361056716822168,0.932540702806278,0.00242587039417438));
#8211=DIRECTION('',(1.38632397890541E-19,0.00226403887205992,0.999997437060709));
#8212=DIRECTION('',(-0.361056716822168,0.932540702806278,0.00242587039417452));
#8213=DIRECTION('',(-1.38632397890541E-19,-0.00226403887205992,-0.999997437060709));
#8214=DIRECTION('center_axis',(0.932542419174412,-0.361059507848629,0.000817454855983287));
#8215=DIRECTION('ref_axis',(0.000876586978894577,0.,-0.99999961579756));
#8216=DIRECTION('',(0.361056716822168,0.932540702806278,0.00242587039417439));
#8217=DIRECTION('',(-1.38632397890541E-19,-0.00226403887205992,-0.999997437060709));
#8218=DIRECTION('',(-0.361056716822168,-0.932540702806278,-0.00242587039417452));
#8219=DIRECTION('center_axis',(-6.12321830225977E-17,-0.999997437060709,
0.00226403887205992));
#8220=DIRECTION('ref_axis',(0.,-0.00226403887205992,-0.999997437060709));
#8221=DIRECTION('',(1.,-6.11996790805398E-17,1.44258976836099E-17));
#8222=DIRECTION('',(-1.38632397890541E-19,-0.00226403887205992,-0.999997437060709));
#8223=DIRECTION('',(-1.,6.12323399573677E-17,-1.41994962939782E-31));
#8224=DIRECTION('center_axis',(6.12321830225977E-17,0.999997437060709,-0.00226403887205992));
#8225=DIRECTION('ref_axis',(0.,0.00226403887205992,0.999997437060709));
#8226=DIRECTION('',(-1.,6.11996790805398E-17,-1.44258976836099E-17));
#8227=DIRECTION('',(1.,-6.12323399573677E-17,1.41994962939782E-31));
#8228=DIRECTION('',(-1.38632397890541E-19,-0.00226403887205992,-0.999997437060709));
#8229=DIRECTION('center_axis',(-0.932542419174412,0.361059507848629,-0.000817454855983287));
#8230=DIRECTION('ref_axis',(-0.000876586978894577,0.,0.99999961579756));
#8231=DIRECTION('',(-0.361056716822168,-0.932540702806278,-0.00242587039417439));
#8232=DIRECTION('',(0.361056716822168,0.932540702806278,0.00242587039417452));
#8233=DIRECTION('',(-1.38632397890541E-19,-0.00226403887205992,-0.999997437060709));
#8234=DIRECTION('center_axis',(1.59286578729936E-19,0.00260134724298787,
-0.999996616490537));
#8235=DIRECTION('ref_axis',(-1.,0.,-1.59287117679407E-19));
#8236=DIRECTION('',(0.361056716822168,-0.932540702806278,-0.00242587039417452));
#8237=DIRECTION('center_axis',(-0.932542419174412,-0.361059507848629,0.000817454855983287));
#8238=DIRECTION('ref_axis',(0.000876586978894577,0.,0.99999961579756));
#8239=DIRECTION('',(0.361056716822168,-0.932540702806278,-0.00242587039417438));
#8240=DIRECTION('center_axis',(0.932542422521372,0.361059499204163,-0.00081745483641183));
#8241=DIRECTION('ref_axis',(-0.000876586954761267,0.,-0.999999615797582));
#8242=DIRECTION('',(-0.361056708177742,0.932540706153164,0.00242587040288083));
#8243=DIRECTION('',(-1.38632397890541E-19,-0.00226403887205992,-0.999997437060709));
#8244=DIRECTION('',(-0.361056708177742,0.932540706153164,0.00242587040288096));
#8245=DIRECTION('',(-1.38632397890541E-19,-0.00226403887205992,-0.999997437060709));
#8246=DIRECTION('center_axis',(0.932542419174412,-0.361059507848629,0.000817454855983287));
#8247=DIRECTION('ref_axis',(0.000876586978894577,0.,-0.99999961579756));
#8248=DIRECTION('',(0.361056716822168,0.932540702806278,0.00242587039417439));
#8249=DIRECTION('',(1.38632397890541E-19,0.00226403887205992,0.999997437060709));
#8250=DIRECTION('',(0.361056716822168,0.932540702806278,0.00242587039417452));
#8251=DIRECTION('center_axis',(-6.12321830225977E-17,-0.999997437060709,
0.00226403887205992));
#8252=DIRECTION('ref_axis',(0.,-0.00226403887205992,-0.999997437060709));
#8253=DIRECTION('',(1.,-6.11996790805398E-17,1.44258976836099E-17));
#8254=DIRECTION('',(1.38632397890541E-19,0.00226403887205992,0.999997437060709));
#8255=DIRECTION('',(1.,-6.12323399573677E-17,1.41994962939782E-31));
#8256=DIRECTION('center_axis',(1.59286578729936E-19,0.00260134724298787,
-0.999996616490537));
#8257=DIRECTION('ref_axis',(-1.,0.,-1.59287117679407E-19));
#8258=DIRECTION('',(1.,-6.12323399573677E-17,1.41994962939782E-31));
#8259=DIRECTION('',(0.361056716822168,-0.932540702806278,-0.00242587039417452));
#8260=DIRECTION('',(-0.361056708177743,-0.932540706153164,-0.00242587040288096));
#8261=DIRECTION('center_axis',(-0.932542422521372,0.361059499204163,-0.00081745483641183));
#8262=DIRECTION('ref_axis',(-0.000876586954761267,0.,0.999999615797582));
#8263=DIRECTION('',(-0.361056708177742,-0.932540706153164,-0.00242587040288084));
#8264=DIRECTION('',(1.38632397890541E-19,0.00226403887205992,0.999997437060709));
#8265=DIRECTION('',(-1.38632397890541E-19,-0.00226403887205992,-0.999997437060709));
#8266=DIRECTION('center_axis',(6.12321830225977E-17,0.999997437060709,-0.00226403887205992));
#8267=DIRECTION('ref_axis',(0.,0.00226403887205992,0.999997437060709));
#8268=DIRECTION('',(-1.,6.11996790805398E-17,-1.44258976836099E-17));
#8269=DIRECTION('center_axis',(-0.932542419174412,-0.361059507848629,0.000817454855983287));
#8270=DIRECTION('ref_axis',(0.000876586978894577,0.,0.99999961579756));
#8271=DIRECTION('',(0.361056716822168,-0.932540702806278,-0.00242587039417438));
#8272=DIRECTION('center_axis',(6.12321830225977E-17,0.999997437060709,-0.00226403887205992));
#8273=DIRECTION('ref_axis',(0.,0.00226403887205992,0.999997437060709));
#8274=DIRECTION('',(-1.,6.11996790805398E-17,-1.44258976836099E-17));
#8275=DIRECTION('',(-1.38632397890541E-19,-0.00226403887205992,-0.999997437060709));
#8276=DIRECTION('',(1.,-6.12323399573677E-17,1.41994962939782E-31));
#8277=DIRECTION('',(-1.38632397890541E-19,-0.00226403887205992,-0.999997437060709));
#8278=DIRECTION('center_axis',(0.932542472725751,0.361059369537216,-0.00081745454284007));
#8279=DIRECTION('ref_axis',(-0.000876586592761786,0.,-0.999999615797899));
#8280=DIRECTION('',(-0.361056578511398,0.932540756356417,0.00242587053347736));
#8281=DIRECTION('',(-1.38632397890541E-19,-0.00226403887205992,-0.999997437060709));
#8282=DIRECTION('',(0.361056578511398,-0.932540756356417,-0.00242587053347749));
#8283=DIRECTION('center_axis',(0.932542472725751,-0.361059369537216,0.00081745454284007));
#8284=DIRECTION('ref_axis',(0.000876586592761786,0.,-0.999999615797899));
#8285=DIRECTION('',(0.361056578511398,0.932540756356417,0.00242587053347737));
#8286=DIRECTION('',(-1.38632397890541E-19,-0.00226403887205992,-0.999997437060709));
#8287=DIRECTION('',(-0.361056578511398,-0.932540756356417,-0.00242587053347749));
#8288=DIRECTION('center_axis',(-6.12321830225977E-17,-0.999997437060709,
0.00226403887205992));
#8289=DIRECTION('ref_axis',(0.,-0.00226403887205992,-0.999997437060709));
#8290=DIRECTION('',(1.,-6.11996790805398E-17,1.44258976836099E-17));
#8291=DIRECTION('',(-1.38632397890541E-19,-0.00226403887205992,-0.999997437060709));
#8292=DIRECTION('',(-1.,6.12323399573677E-17,-1.41994962939782E-31));
#8293=DIRECTION('center_axis',(-0.932542472725751,-0.361059369537216,0.00081745454284007));
#8294=DIRECTION('ref_axis',(0.000876586592761786,0.,0.999999615797899));
#8295=DIRECTION('',(0.361056578511398,-0.932540756356417,-0.00242587053347736));
#8296=DIRECTION('',(-1.38632397890541E-19,-0.00226403887205992,-0.999997437060709));
#8297=DIRECTION('',(0.361056578511398,-0.932540756356417,-0.00242587053347749));
#8298=DIRECTION('center_axis',(1.59286578729936E-19,0.00260134724298787,
-0.999996616490537));
#8299=DIRECTION('ref_axis',(-1.,0.,-1.59287117679407E-19));
#8300=DIRECTION('',(0.361056578511398,0.932540756356417,0.00242587053347749));
#8301=DIRECTION('center_axis',(-0.932542472725751,0.361059369537216,-0.00081745454284007));
#8302=DIRECTION('ref_axis',(-0.000876586592761786,0.,0.999999615797899));
#8303=DIRECTION('',(-0.361056578511398,-0.932540756356417,-0.00242587053347737));
#8304=DIRECTION('center_axis',(0.932542472725751,0.361059369537216,-0.00081745454284007));
#8305=DIRECTION('ref_axis',(-0.000876586592761786,0.,-0.999999615797899));
#8306=DIRECTION('',(-0.361056578511398,0.932540756356417,0.00242587053347736));
#8307=DIRECTION('',(-1.38632397890541E-19,-0.00226403887205992,-0.999997437060709));
#8308=DIRECTION('',(0.361056578511398,-0.932540756356417,-0.00242587053347749));
#8309=DIRECTION('',(-1.38632397890541E-19,-0.00226403887205992,-0.999997437060709));
#8310=DIRECTION('center_axis',(-6.12321830225977E-17,-0.999997437060709,
0.00226403887205992));
#8311=DIRECTION('ref_axis',(0.,-0.00226403887205992,-0.999997437060709));
#8312=DIRECTION('',(1.,-6.11996790805398E-17,1.44258976836099E-17));
#8313=DIRECTION('',(-1.38632397890541E-19,-0.00226403887205992,-0.999997437060709));
#8314=DIRECTION('',(-1.,6.12323399573677E-17,-1.41994962939782E-31));
#8315=DIRECTION('center_axis',(1.59286578729936E-19,0.00260134724298787,
-0.999996616490537));
#8316=DIRECTION('ref_axis',(-1.,0.,-1.59287117679407E-19));
#8317=DIRECTION('',(-0.361056578511398,-0.932540756356417,-0.00242587053347749));
#8318=DIRECTION('',(-1.,6.12323399573677E-17,-1.41994962939782E-31));
#8319=DIRECTION('center_axis',(-0.932542472725751,0.361059369537216,-0.00081745454284007));
#8320=DIRECTION('ref_axis',(-0.000876586592761786,0.,0.999999615797899));
#8321=DIRECTION('',(-0.361056578511398,-0.932540756356417,-0.00242587053347737));
#8322=DIRECTION('',(-1.38632397890541E-19,-0.00226403887205992,-0.999997437060709));
#8323=DIRECTION('center_axis',(6.12321830225977E-17,0.999997437060709,-0.00226403887205992));
#8324=DIRECTION('ref_axis',(0.,0.00226403887205992,0.999997437060709));
#8325=DIRECTION('',(-1.,6.11996790805398E-17,-1.44258976836099E-17));
#8326=DIRECTION('center_axis',(6.12321830225977E-17,0.999997437060709,-0.00226403887205992));
#8327=DIRECTION('ref_axis',(0.,0.00226403887205992,0.999997437060709));
#8328=DIRECTION('',(-1.,6.11996790805398E-17,-1.44258976836099E-17));
#8329=DIRECTION('',(-1.38632397890541E-19,-0.00226403887205992,-0.999997437060709));
#8330=DIRECTION('',(1.,-6.12323399573677E-17,1.41994962939782E-31));
#8331=DIRECTION('',(1.38632397890541E-19,0.00226403887205992,0.999997437060709));
#8332=DIRECTION('center_axis',(0.932542419174412,-0.361059507848629,0.000817454855983287));
#8333=DIRECTION('ref_axis',(0.000876586978894577,0.,-0.99999961579756));
#8334=DIRECTION('',(0.361056716822168,0.932540702806278,0.00242587039417439));
#8335=DIRECTION('',(-1.38632397890541E-19,-0.00226403887205992,-0.999997437060709));
#8336=DIRECTION('',(-0.361056716822168,-0.932540702806278,-0.00242587039417452));
#8337=DIRECTION('center_axis',(1.59286578729936E-19,0.00260134724298787,
-0.999996616490537));
#8338=DIRECTION('ref_axis',(-1.,0.,-1.59287117679407E-19));
#8339=DIRECTION('',(-1.,6.12323399573677E-17,-1.41994962939782E-31));
#8340=DIRECTION('',(0.361056716822168,-0.932540702806278,-0.00242587039417452));
#8341=DIRECTION('center_axis',(-6.12321830225977E-17,-0.999997437060709,
0.00226403887205992));
#8342=DIRECTION('ref_axis',(0.,-0.00226403887205992,-0.999997437060709));
#8343=DIRECTION('',(1.,-6.11996790805398E-17,1.44258976836099E-17));
#8344=DIRECTION('',(-1.38632397890541E-19,-0.00226403887205992,-0.999997437060709));
#8345=DIRECTION('center_axis',(-0.932542419174412,-0.361059507848629,0.000817454855983287));
#8346=DIRECTION('ref_axis',(0.000876586978894577,0.,0.99999961579756));
#8347=DIRECTION('',(0.361056716822168,-0.932540702806278,-0.00242587039417438));
#8348=DIRECTION('center_axis',(6.12321830225977E-17,0.999997437060709,-0.00226403887205992));
#8349=DIRECTION('ref_axis',(0.,0.00226403887205992,0.999997437060709));
#8350=DIRECTION('',(-1.,6.11996790805398E-17,-1.44258976836099E-17));
#8351=DIRECTION('',(-1.38632397890541E-19,-0.00226403887205992,-0.999997437060709));
#8352=DIRECTION('',(-1.,6.12323399573677E-17,-1.41994962939782E-31));
#8353=DIRECTION('',(-1.38632397890541E-19,-0.00226403887205992,-0.999997437060709));
#8354=DIRECTION('center_axis',(0.932542419174412,0.361059507848629,-0.000817454855983287));
#8355=DIRECTION('ref_axis',(-0.000876586978894577,0.,-0.99999961579756));
#8356=DIRECTION('',(-0.361056716822168,0.932540702806278,0.00242587039417438));
#8357=DIRECTION('',(-1.38632397890541E-19,-0.00226403887205992,-0.999997437060709));
#8358=DIRECTION('',(0.361056716822168,-0.932540702806278,-0.00242587039417452));
#8359=DIRECTION('center_axis',(0.932542419174412,-0.361059507848629,0.000817454855983287));
#8360=DIRECTION('ref_axis',(0.000876586978894577,0.,-0.99999961579756));
#8361=DIRECTION('',(0.361056716822168,0.932540702806278,0.00242587039417439));
#8362=DIRECTION('',(-1.38632397890541E-19,-0.00226403887205992,-0.999997437060709));
#8363=DIRECTION('',(0.361056716822168,0.932540702806278,0.00242587039417452));
#8364=DIRECTION('center_axis',(-6.12321830225977E-17,-0.999997437060709,
0.00226403887205992));
#8365=DIRECTION('ref_axis',(0.,-0.00226403887205992,-0.999997437060709));
#8366=DIRECTION('',(1.,-6.11996790805398E-17,1.44258976836099E-17));
#8367=DIRECTION('',(-1.38632397890541E-19,-0.00226403887205992,-0.999997437060709));
#8368=DIRECTION('',(1.,-6.12323399573677E-17,1.41994962939782E-31));
#8369=DIRECTION('center_axis',(1.59286578729936E-19,0.00260134724298787,
-0.999996616490537));
#8370=DIRECTION('ref_axis',(-1.,0.,-1.59287117679407E-19));
#8371=DIRECTION('',(0.361056716822168,-0.932540702806278,-0.00242587039417452));
#8372=DIRECTION('',(-0.361056716822168,-0.932540702806278,-0.00242587039417452));
#8373=DIRECTION('center_axis',(-0.932542419174412,-0.361059507848629,0.000817454855983287));
#8374=DIRECTION('ref_axis',(0.000876586978894577,0.,0.99999961579756));
#8375=DIRECTION('',(0.361056716822168,-0.932540702806278,-0.00242587039417438));
#8376=DIRECTION('',(-1.38632397890541E-19,-0.00226403887205992,-0.999997437060709));
#8377=DIRECTION('center_axis',(-0.932542419174412,0.361059507848629,-0.000817454855983287));
#8378=DIRECTION('ref_axis',(-0.000876586978894577,0.,0.99999961579756));
#8379=DIRECTION('',(-0.361056716822168,-0.932540702806278,-0.00242587039417439));
#8380=DIRECTION('center_axis',(0.932542419174412,-0.361059507848629,0.000817454855983287));
#8381=DIRECTION('ref_axis',(0.000876586978894577,0.,-0.99999961579756));
#8382=DIRECTION('',(0.361056716822168,0.932540702806278,0.00242587039417439));
#8383=DIRECTION('',(-1.38632397890541E-19,-0.00226403887205992,-0.999997437060709));
#8384=DIRECTION('',(0.361056716822168,0.932540702806278,0.00242587039417452));
#8385=DIRECTION('',(-1.38632397890541E-19,-0.00226403887205992,-0.999997437060709));
#8386=DIRECTION('center_axis',(-6.12321830225977E-17,-0.999997437060709,
0.00226403887205992));
#8387=DIRECTION('ref_axis',(0.,-0.00226403887205992,-0.999997437060709));
#8388=DIRECTION('',(1.,-6.11996790805398E-17,1.44258976836099E-17));
#8389=DIRECTION('',(-1.38632397890541E-19,-0.00226403887205992,-0.999997437060709));
#8390=DIRECTION('',(1.,-6.12323399573677E-17,1.41994962939782E-31));
#8391=DIRECTION('center_axis',(-0.932542419174412,-0.361059507848629,0.000817454855983287));
#8392=DIRECTION('ref_axis',(0.000876586978894577,0.,0.99999961579756));
#8393=DIRECTION('',(0.361056716822168,-0.932540702806278,-0.00242587039417438));
#8394=DIRECTION('',(-1.38632397890541E-19,-0.00226403887205992,-0.999997437060709));
#8395=DIRECTION('',(0.361056716822168,-0.932540702806278,-0.00242587039417452));
#8396=DIRECTION('center_axis',(1.59286578729936E-19,0.00260134724298787,
-0.999996616490537));
#8397=DIRECTION('ref_axis',(-1.,0.,-1.59287117679407E-19));
#8398=DIRECTION('',(-0.361056716822168,-0.932540702806278,-0.00242587039417452));
#8399=DIRECTION('',(-1.,6.12323399573677E-17,-1.41994962939782E-31));
#8400=DIRECTION('',(0.361056716822168,-0.932540702806278,-0.00242587039417452));
#8401=DIRECTION('center_axis',(-0.932542419174412,0.361059507848629,-0.000817454855983287));
#8402=DIRECTION('ref_axis',(-0.000876586978894577,0.,0.99999961579756));
#8403=DIRECTION('',(-0.361056716822168,-0.932540702806278,-0.00242587039417439));
#8404=DIRECTION('',(-1.38632397890541E-19,-0.00226403887205992,-0.999997437060709));
#8405=DIRECTION('center_axis',(0.932542419174412,0.361059507848629,-0.000817454855983287));
#8406=DIRECTION('ref_axis',(-0.000876586978894577,0.,-0.99999961579756));
#8407=DIRECTION('',(-0.361056716822168,0.932540702806278,0.00242587039417438));
#8408=DIRECTION('',(-1.38632397890541E-19,-0.00226403887205992,-0.999997437060709));
#8409=DIRECTION('center_axis',(6.12321830225977E-17,0.999997437060709,-0.00226403887205992));
#8410=DIRECTION('ref_axis',(0.,0.00226403887205992,0.999997437060709));
#8411=DIRECTION('',(-1.,6.11996790805398E-17,-1.44258976836099E-17));
#8412=DIRECTION('center_axis',(-6.12321830225977E-17,-0.999997437060709,
0.00226403887205992));
#8413=DIRECTION('ref_axis',(0.,-0.00226403887205992,-0.999997437060709));
#8414=DIRECTION('',(1.,-6.11996790805398E-17,1.44258976836099E-17));
#8415=DIRECTION('',(-1.38632397890541E-19,-0.00226403887205992,-0.999997437060709));
#8416=DIRECTION('',(-1.,6.12323399573677E-17,-1.41994962939782E-31));
#8417=DIRECTION('',(-1.38632397890541E-19,-0.00226403887205992,-0.999997437060709));
#8418=DIRECTION('center_axis',(-0.932542419174412,-0.361059507848629,0.000817454855983287));
#8419=DIRECTION('ref_axis',(0.000876586978894577,0.,0.99999961579756));
#8420=DIRECTION('',(0.361056716822168,-0.932540702806278,-0.00242587039417438));
#8421=DIRECTION('',(-1.38632397890541E-19,-0.00226403887205992,-0.999997437060709));
#8422=DIRECTION('',(-0.361056716822168,0.932540702806278,0.00242587039417452));
#8423=DIRECTION('center_axis',(-0.932542422521372,0.361059499204163,-0.00081745483641183));
#8424=DIRECTION('ref_axis',(-0.000876586954761267,0.,0.999999615797582));
#8425=DIRECTION('',(-0.361056708177742,-0.932540706153164,-0.00242587040288084));
#8426=DIRECTION('',(-1.38632397890541E-19,-0.00226403887205992,-0.999997437060709));
#8427=DIRECTION('',(0.361056708177743,0.932540706153164,0.00242587040288096));
#8428=DIRECTION('center_axis',(1.59286578729936E-19,0.00260134724298787,
-0.999996616490537));
#8429=DIRECTION('ref_axis',(-1.,0.,-1.59287117679407E-19));
#8430=DIRECTION('',(-1.,6.12323399573677E-17,-1.41994962939782E-31));
#8431=DIRECTION('',(-0.361056708177742,0.932540706153164,0.00242587040288096));
#8432=DIRECTION('',(-0.361056716822168,-0.932540702806278,-0.00242587039417452));
#8433=DIRECTION('center_axis',(0.932542422521372,0.361059499204163,-0.00081745483641183));
#8434=DIRECTION('ref_axis',(-0.000876586954761267,0.,-0.999999615797582));
#8435=DIRECTION('',(-0.361056708177742,0.932540706153164,0.00242587040288083));
#8436=DIRECTION('',(-1.38632397890541E-19,-0.00226403887205992,-0.999997437060709));
#8437=DIRECTION('',(-1.38632397890541E-19,-0.00226403887205992,-0.999997437060709));
#8438=DIRECTION('center_axis',(0.932542419174412,-0.361059507848629,0.000817454855983287));
#8439=DIRECTION('ref_axis',(0.000876586978894577,0.,-0.99999961579756));
#8440=DIRECTION('',(0.361056716822168,0.932540702806278,0.00242587039417439));
#8441=DIRECTION('center_axis',(6.12321830225977E-17,0.999997437060709,-0.00226403887205992));
#8442=DIRECTION('ref_axis',(0.,0.00226403887205992,0.999997437060709));
#8443=DIRECTION('',(-1.,6.11996790805398E-17,-1.44258976836099E-17));
#8444=DIRECTION('center_axis',(6.12321830225977E-17,0.999997437060709,-0.00226403887205992));
#8445=DIRECTION('ref_axis',(0.,0.00226403887205992,0.999997437060709));
#8446=DIRECTION('',(-1.,6.11996790805398E-17,-1.44258976836099E-17));
#8447=DIRECTION('',(-1.38632397890541E-19,-0.00226403887205992,-0.999997437060709));
#8448=DIRECTION('',(1.,-6.12323399573677E-17,1.41994962939782E-31));
#8449=DIRECTION('',(-1.38632397890541E-19,-0.00226403887205992,-0.999997437060709));
#8450=DIRECTION('center_axis',(0.932542419174412,0.361059507848629,-0.000817454855983287));
#8451=DIRECTION('ref_axis',(-0.000876586978894577,0.,-0.99999961579756));
#8452=DIRECTION('',(-0.361056716822168,0.932540702806278,0.00242587039417438));
#8453=DIRECTION('',(-1.38632397890541E-19,-0.00226403887205992,-0.999997437060709));
#8454=DIRECTION('',(-0.361056716822168,0.932540702806278,0.00242587039417452));
#8455=DIRECTION('center_axis',(0.932542419174412,-0.361059507848629,0.000817454855983287));
#8456=DIRECTION('ref_axis',(0.000876586978894577,0.,-0.99999961579756));
#8457=DIRECTION('',(0.361056716822168,0.932540702806278,0.00242587039417439));
#8458=DIRECTION('',(-1.38632397890541E-19,-0.00226403887205992,-0.999997437060709));
#8459=DIRECTION('',(-0.361056716822168,-0.932540702806278,-0.00242587039417452));
#8460=DIRECTION('center_axis',(1.59286578729936E-19,0.00260134724298787,
-0.999996616490537));
#8461=DIRECTION('ref_axis',(-1.,0.,-1.59287117679407E-19));
#8462=DIRECTION('',(1.,-6.12323399573677E-17,1.41994962939782E-31));
#8463=DIRECTION('',(0.361056716822168,-0.932540702806278,-0.00242587039417452));
#8464=DIRECTION('',(0.361056716822168,0.932540702806278,0.00242587039417452));
#8465=DIRECTION('center_axis',(-0.932542419174412,0.361059507848629,-0.000817454855983287));
#8466=DIRECTION('ref_axis',(-0.000876586978894577,0.,0.99999961579756));
#8467=DIRECTION('',(-0.361056716822168,-0.932540702806278,-0.00242587039417439));
#8468=DIRECTION('',(-1.38632397890541E-19,-0.00226403887205992,-0.999997437060709));
#8469=DIRECTION('center_axis',(-6.12321830225977E-17,-0.999997437060709,
0.00226403887205992));
#8470=DIRECTION('ref_axis',(0.,-0.00226403887205992,-0.999997437060709));
#8471=DIRECTION('',(1.,-6.11996790805398E-17,1.44258976836099E-17));
#8472=DIRECTION('',(-1.38632397890541E-19,-0.00226403887205992,-0.999997437060709));
#8473=DIRECTION('center_axis',(-0.932542419174412,-0.361059507848629,0.000817454855983287));
#8474=DIRECTION('ref_axis',(0.000876586978894577,0.,0.99999961579756));
#8475=DIRECTION('',(0.361056716822168,-0.932540702806278,-0.00242587039417438));
#8476=DIRECTION('center_axis',(-0.932542419174412,-0.361059507848629,0.000817454855983287));
#8477=DIRECTION('ref_axis',(0.000876586978894577,0.,0.99999961579756));
#8478=DIRECTION('',(0.361056716822168,-0.932540702806278,-0.00242587039417438));
#8479=DIRECTION('',(-1.38632397890541E-19,-0.00226403887205992,-0.999997437060709));
#8480=DIRECTION('',(0.361056716822168,-0.932540702806278,-0.00242587039417452));
#8481=DIRECTION('',(-1.38632397890541E-19,-0.00226403887205992,-0.999997437060709));
#8482=DIRECTION('center_axis',(-0.932542419174412,0.361059507848629,-0.000817454855983287));
#8483=DIRECTION('ref_axis',(-0.000876586978894577,0.,0.99999961579756));
#8484=DIRECTION('',(-0.361056716822168,-0.932540702806278,-0.00242587039417439));
#8485=DIRECTION('',(1.38632397890541E-19,0.00226403887205992,0.999997437060709));
#8486=DIRECTION('',(-0.361056716822168,-0.932540702806278,-0.00242587039417452));
#8487=DIRECTION('center_axis',(6.12321830225977E-17,0.999997437060709,-0.00226403887205992));
#8488=DIRECTION('ref_axis',(0.,0.00226403887205992,0.999997437060709));
#8489=DIRECTION('',(-1.,6.11996790805398E-17,-1.44258976836099E-17));
#8490=DIRECTION('',(1.38632397890541E-19,0.00226403887205992,0.999997437060709));
#8491=DIRECTION('',(1.,-6.12323399573677E-17,1.41994962939782E-31));
#8492=DIRECTION('center_axis',(0.932542419174412,-0.361059507848629,0.000817454855983287));
#8493=DIRECTION('ref_axis',(0.000876586978894577,0.,-0.99999961579756));
#8494=DIRECTION('',(0.361056716822168,0.932540702806278,0.00242587039417439));
#8495=DIRECTION('',(-1.38632397890541E-19,-0.00226403887205992,-0.999997437060709));
#8496=DIRECTION('',(0.361056716822168,0.932540702806278,0.00242587039417452));
#8497=DIRECTION('',(-1.38632397890541E-19,-0.00226403887205992,-0.999997437060709));
#8498=DIRECTION('center_axis',(-6.12321830225977E-17,-0.999997437060709,
0.00226403887205992));
#8499=DIRECTION('ref_axis',(0.,-0.00226403887205992,-0.999997437060709));
#8500=DIRECTION('',(1.,-6.11996790805398E-17,1.44258976836099E-17));
#8501=DIRECTION('',(-1.,6.12323399573677E-17,-1.41994962939782E-31));
#8502=DIRECTION('center_axis',(0.932542419174412,0.361059507848629,-0.000817454855983287));
#8503=DIRECTION('ref_axis',(-0.000876586978894577,0.,-0.99999961579756));
#8504=DIRECTION('',(-0.361056716822168,0.932540702806278,0.00242587039417438));
#8505=DIRECTION('',(0.361056716822168,-0.932540702806278,-0.00242587039417452));
#8506=DIRECTION('center_axis',(1.59286578729936E-19,0.00260134724298787,
-0.999996616490537));
#8507=DIRECTION('ref_axis',(-1.,0.,-1.59287117679407E-19));
#8508=DIRECTION('center_axis',(-0.932542472725751,-0.361059369537216,0.00081745454284007));
#8509=DIRECTION('ref_axis',(0.000876586592761786,0.,0.999999615797899));
#8510=DIRECTION('',(0.361056578511398,-0.932540756356417,-0.00242587053347736));
#8511=DIRECTION('',(-1.38632397890541E-19,-0.00226403887205992,-0.999997437060709));
#8512=DIRECTION('',(-0.361056578511398,0.932540756356417,0.00242587053347749));
#8513=DIRECTION('',(-1.38632397890541E-19,-0.00226403887205992,-0.999997437060709));
#8514=DIRECTION('center_axis',(-0.932542419174412,0.361059507848629,-0.000817454855983287));
#8515=DIRECTION('ref_axis',(-0.000876586978894577,0.,0.99999961579756));
#8516=DIRECTION('',(-0.361056716822168,-0.932540702806278,-0.00242587039417439));
#8517=DIRECTION('',(-1.38632397890541E-19,-0.00226403887205992,-0.999997437060709));
#8518=DIRECTION('',(0.361056716822168,0.932540702806278,0.00242587039417452));
#8519=DIRECTION('center_axis',(6.12321830225977E-17,0.999997437060709,-0.00226403887205992));
#8520=DIRECTION('ref_axis',(0.,0.00226403887205992,0.999997437060709));
#8521=DIRECTION('',(-1.,6.11996790805398E-17,-1.44258976836099E-17));
#8522=DIRECTION('',(-1.38632397890541E-19,-0.00226403887205992,-0.999997437060709));
#8523=DIRECTION('',(1.,-6.12323399573677E-17,1.41994962939782E-31));
#8524=DIRECTION('center_axis',(0.932542472725751,-0.361059369537216,0.00081745454284007));
#8525=DIRECTION('ref_axis',(0.000876586592761786,0.,-0.999999615797899));
#8526=DIRECTION('',(0.361056578511398,0.932540756356417,0.00242587053347737));
#8527=DIRECTION('',(-1.38632397890541E-19,-0.00226403887205992,-0.999997437060709));
#8528=DIRECTION('',(0.361056578511398,0.932540756356417,0.00242587053347749));
#8529=DIRECTION('',(-1.38632397890541E-19,-0.00226403887205992,-0.999997437060709));
#8530=DIRECTION('center_axis',(1.59286578729936E-19,0.00260134724298787,
-0.999996616490537));
#8531=DIRECTION('ref_axis',(-1.,0.,-1.59287117679407E-19));
#8532=DIRECTION('',(-0.361056716822168,0.932540702806278,0.00242587039417452));
#8533=DIRECTION('',(1.,-6.12323399573677E-17,1.41994962939782E-31));
#8534=DIRECTION('center_axis',(-6.12321830225977E-17,-0.999997437060709,
0.00226403887205992));
#8535=DIRECTION('ref_axis',(0.,-0.00226403887205992,-0.999997437060709));
#8536=DIRECTION('',(1.,-6.11996790805398E-17,1.44258976836099E-17));
#8537=DIRECTION('center_axis',(0.932542419174412,0.361059507848629,-0.000817454855983287));
#8538=DIRECTION('ref_axis',(-0.000876586978894577,0.,-0.99999961579756));
#8539=DIRECTION('',(-0.361056716822168,0.932540702806278,0.00242587039417438));
#8540=DIRECTION('center_axis',(-0.932542419174412,-0.361059507848629,0.000817454855983287));
#8541=DIRECTION('ref_axis',(0.000876586978894577,0.,0.99999961579756));
#8542=DIRECTION('',(0.361056716822168,-0.932540702806278,-0.00242587039417438));
#8543=DIRECTION('',(-1.38632397890541E-19,-0.00226403887205992,-0.999997437060709));
#8544=DIRECTION('',(0.361056716822168,-0.932540702806278,-0.00242587039417452));
#8545=DIRECTION('',(-1.38632397890541E-19,-0.00226403887205992,-0.999997437060709));
#8546=DIRECTION('center_axis',(-0.932542419174412,0.361059507848629,-0.000817454855983287));
#8547=DIRECTION('ref_axis',(-0.000876586978894577,0.,0.99999961579756));
#8548=DIRECTION('',(-0.361056716822168,-0.932540702806278,-0.00242587039417439));
#8549=DIRECTION('',(-1.38632397890541E-19,-0.00226403887205992,-0.999997437060709));
#8550=DIRECTION('',(-0.361056716822168,-0.932540702806278,-0.00242587039417452));
#8551=DIRECTION('center_axis',(6.12321830225977E-17,0.999997437060709,-0.00226403887205992));
#8552=DIRECTION('ref_axis',(0.,0.00226403887205992,0.999997437060709));
#8553=DIRECTION('',(-1.,6.11996790805398E-17,-1.44258976836099E-17));
#8554=DIRECTION('',(-1.38632397890541E-19,-0.00226403887205992,-0.999997437060709));
#8555=DIRECTION('',(1.,-6.12323399573677E-17,1.41994962939782E-31));
#8556=DIRECTION('center_axis',(1.59286578729936E-19,0.00260134724298787,
-0.999996616490537));
#8557=DIRECTION('ref_axis',(-1.,0.,-1.59287117679407E-19));
#8558=DIRECTION('',(1.,-6.12323399573677E-17,1.41994962939782E-31));
#8559=DIRECTION('',(-0.361056716822168,0.932540702806278,0.00242587039417452));
#8560=DIRECTION('',(0.361056716822168,0.932540702806278,0.00242587039417452));
#8561=DIRECTION('center_axis',(0.932542419174412,0.361059507848629,-0.000817454855983287));
#8562=DIRECTION('ref_axis',(-0.000876586978894577,0.,-0.99999961579756));
#8563=DIRECTION('',(-0.361056716822168,0.932540702806278,0.00242587039417438));
#8564=DIRECTION('',(-1.38632397890541E-19,-0.00226403887205992,-0.999997437060709));
#8565=DIRECTION('center_axis',(0.932542419174412,-0.361059507848629,0.000817454855983287));
#8566=DIRECTION('ref_axis',(0.000876586978894577,0.,-0.99999961579756));
#8567=DIRECTION('',(0.361056716822168,0.932540702806278,0.00242587039417439));
#8568=DIRECTION('',(-1.38632397890541E-19,-0.00226403887205992,-0.999997437060709));
#8569=DIRECTION('center_axis',(-6.12321830225977E-17,-0.999997437060709,
0.00226403887205992));
#8570=DIRECTION('ref_axis',(0.,-0.00226403887205992,-0.999997437060709));
#8571=DIRECTION('',(1.,-6.11996790805398E-17,1.44258976836099E-17));
#8572=DIRECTION('center_axis',(-0.932542472725751,-0.361059369537216,0.00081745454284007));
#8573=DIRECTION('ref_axis',(0.000876586592761786,0.,0.999999615797899));
#8574=DIRECTION('',(0.361056578511398,-0.932540756356417,-0.00242587053347736));
#8575=DIRECTION('',(-1.38632397890541E-19,-0.00226403887205992,-0.999997437060709));
#8576=DIRECTION('',(0.361056578511398,-0.932540756356417,-0.00242587053347749));
#8577=DIRECTION('',(-1.38632397890541E-19,-0.00226403887205992,-0.999997437060709));
#8578=DIRECTION('center_axis',(-0.932542472725751,0.361059369537216,-0.00081745454284007));
#8579=DIRECTION('ref_axis',(-0.000876586592761786,0.,0.999999615797899));
#8580=DIRECTION('',(-0.361056578511398,-0.932540756356417,-0.00242587053347737));
#8581=DIRECTION('',(-1.38632397890541E-19,-0.00226403887205992,-0.999997437060709));
#8582=DIRECTION('',(0.361056578511398,0.932540756356417,0.00242587053347749));
#8583=DIRECTION('center_axis',(6.12321830225977E-17,0.999997437060709,-0.00226403887205992));
#8584=DIRECTION('ref_axis',(0.,0.00226403887205992,0.999997437060709));
#8585=DIRECTION('',(-1.,6.11996790805398E-17,-1.44258976836099E-17));
#8586=DIRECTION('',(-1.38632397890541E-19,-0.00226403887205992,-0.999997437060709));
#8587=DIRECTION('',(1.,-6.12323399573677E-17,1.41994962939782E-31));
#8588=DIRECTION('center_axis',(1.59286578729936E-19,0.00260134724298787,
-0.999996616490537));
#8589=DIRECTION('ref_axis',(-1.,0.,-1.59287117679407E-19));
#8590=DIRECTION('',(-0.361056578511398,0.932540756356417,0.00242587053347749));
#8591=DIRECTION('',(0.361056578511398,0.932540756356417,0.00242587053347749));
#8592=DIRECTION('',(1.,-6.12323399573677E-17,1.41994962939782E-31));
#8593=DIRECTION('center_axis',(-6.12321830225977E-17,-0.999997437060709,
0.00226403887205992));
#8594=DIRECTION('ref_axis',(0.,-0.00226403887205992,-0.999997437060709));
#8595=DIRECTION('',(1.,-6.11996790805398E-17,1.44258976836099E-17));
#8596=DIRECTION('',(-1.38632397890541E-19,-0.00226403887205992,-0.999997437060709));
#8597=DIRECTION('center_axis',(0.932542472725751,0.361059369537216,-0.00081745454284007));
#8598=DIRECTION('ref_axis',(-0.000876586592761786,0.,-0.999999615797899));
#8599=DIRECTION('',(-0.361056578511398,0.932540756356417,0.00242587053347736));
#8600=DIRECTION('',(-1.38632397890541E-19,-0.00226403887205992,-0.999997437060709));
#8601=DIRECTION('center_axis',(0.932542472725751,-0.361059369537216,0.00081745454284007));
#8602=DIRECTION('ref_axis',(0.000876586592761786,0.,-0.999999615797899));
#8603=DIRECTION('',(0.361056578511398,0.932540756356417,0.00242587053347737));
#8604=DIRECTION('center_axis',(0.932542419174412,0.361059507848629,-0.000817454855983287));
#8605=DIRECTION('ref_axis',(-0.000876586978894577,0.,-0.99999961579756));
#8606=DIRECTION('',(-0.361056716822168,0.932540702806278,0.00242587039417438));
#8607=DIRECTION('',(1.38632397890541E-19,0.00226403887205992,0.999997437060709));
#8608=DIRECTION('',(-0.361056716822168,0.932540702806278,0.00242587039417452));
#8609=DIRECTION('',(-1.38632397890541E-19,-0.00226403887205992,-0.999997437060709));
#8610=DIRECTION('center_axis',(0.932542419174412,-0.361059507848629,0.000817454855983287));
#8611=DIRECTION('ref_axis',(0.000876586978894577,0.,-0.99999961579756));
#8612=DIRECTION('',(0.361056716822168,0.932540702806278,0.00242587039417439));
#8613=DIRECTION('',(-1.38632397890541E-19,-0.00226403887205992,-0.999997437060709));
#8614=DIRECTION('',(-0.361056716822168,-0.932540702806278,-0.00242587039417452));
#8615=DIRECTION('center_axis',(-6.12321830225977E-17,-0.999997437060709,
0.00226403887205992));
#8616=DIRECTION('ref_axis',(0.,-0.00226403887205992,-0.999997437060709));
#8617=DIRECTION('',(1.,-6.11996790805398E-17,1.44258976836099E-17));
#8618=DIRECTION('',(-1.38632397890541E-19,-0.00226403887205992,-0.999997437060709));
#8619=DIRECTION('',(-1.,6.12323399573677E-17,-1.41994962939782E-31));
#8620=DIRECTION('center_axis',(6.12321830225977E-17,0.999997437060709,-0.00226403887205992));
#8621=DIRECTION('ref_axis',(0.,0.00226403887205992,0.999997437060709));
#8622=DIRECTION('',(-1.,6.11996790805398E-17,-1.44258976836099E-17));
#8623=DIRECTION('',(1.,-6.12323399573677E-17,1.41994962939782E-31));
#8624=DIRECTION('',(-1.38632397890541E-19,-0.00226403887205992,-0.999997437060709));
#8625=DIRECTION('center_axis',(-0.932542419174412,0.361059507848629,-0.000817454855983287));
#8626=DIRECTION('ref_axis',(-0.000876586978894577,0.,0.99999961579756));
#8627=DIRECTION('',(-0.361056716822168,-0.932540702806278,-0.00242587039417439));
#8628=DIRECTION('',(0.361056716822168,0.932540702806278,0.00242587039417452));
#8629=DIRECTION('',(-1.38632397890541E-19,-0.00226403887205992,-0.999997437060709));
#8630=DIRECTION('center_axis',(1.59286578729936E-19,0.00260134724298787,
-0.999996616490537));
#8631=DIRECTION('ref_axis',(-1.,0.,-1.59287117679407E-19));
#8632=DIRECTION('',(0.361056716822168,-0.932540702806278,-0.00242587039417452));
#8633=DIRECTION('center_axis',(-0.932542419174412,-0.361059507848629,0.000817454855983287));
#8634=DIRECTION('ref_axis',(0.000876586978894577,0.,0.99999961579756));
#8635=DIRECTION('',(0.361056716822168,-0.932540702806278,-0.00242587039417438));
#8636=DIRECTION('center_axis',(0.932542422521372,0.361059499204163,-0.00081745483641183));
#8637=DIRECTION('ref_axis',(-0.000876586954761267,0.,-0.999999615797582));
#8638=DIRECTION('',(-0.361056708177742,0.932540706153164,0.00242587040288083));
#8639=DIRECTION('',(-1.38632397890541E-19,-0.00226403887205992,-0.999997437060709));
#8640=DIRECTION('',(-0.361056708177742,0.932540706153164,0.00242587040288096));
#8641=DIRECTION('',(-1.38632397890541E-19,-0.00226403887205992,-0.999997437060709));
#8642=DIRECTION('center_axis',(0.932542419174412,-0.361059507848629,0.000817454855983287));
#8643=DIRECTION('ref_axis',(0.000876586978894577,0.,-0.99999961579756));
#8644=DIRECTION('',(0.361056716822168,0.932540702806278,0.00242587039417439));
#8645=DIRECTION('',(1.38632397890541E-19,0.00226403887205992,0.999997437060709));
#8646=DIRECTION('',(0.361056716822168,0.932540702806278,0.00242587039417452));
#8647=DIRECTION('center_axis',(-6.12321830225977E-17,-0.999997437060709,
0.00226403887205992));
#8648=DIRECTION('ref_axis',(0.,-0.00226403887205992,-0.999997437060709));
#8649=DIRECTION('',(1.,-6.11996790805398E-17,1.44258976836099E-17));
#8650=DIRECTION('',(1.38632397890541E-19,0.00226403887205992,0.999997437060709));
#8651=DIRECTION('',(1.,-6.12323399573677E-17,1.41994962939782E-31));
#8652=DIRECTION('center_axis',(1.59286578729936E-19,0.00260134724298787,
-0.999996616490537));
#8653=DIRECTION('ref_axis',(-1.,0.,-1.59287117679407E-19));
#8654=DIRECTION('',(1.,-6.12323399573677E-17,1.41994962939782E-31));
#8655=DIRECTION('',(0.361056716822168,-0.932540702806278,-0.00242587039417452));
#8656=DIRECTION('',(-0.361056708177743,-0.932540706153164,-0.00242587040288096));
#8657=DIRECTION('center_axis',(-0.932542422521372,0.361059499204163,-0.00081745483641183));
#8658=DIRECTION('ref_axis',(-0.000876586954761267,0.,0.999999615797582));
#8659=DIRECTION('',(-0.361056708177742,-0.932540706153164,-0.00242587040288084));
#8660=DIRECTION('',(1.38632397890541E-19,0.00226403887205992,0.999997437060709));
#8661=DIRECTION('',(-1.38632397890541E-19,-0.00226403887205992,-0.999997437060709));
#8662=DIRECTION('center_axis',(6.12321830225977E-17,0.999997437060709,-0.00226403887205992));
#8663=DIRECTION('ref_axis',(0.,0.00226403887205992,0.999997437060709));
#8664=DIRECTION('',(-1.,6.11996790805398E-17,-1.44258976836099E-17));
#8665=DIRECTION('center_axis',(-0.932542419174412,-0.361059507848629,0.000817454855983287));
#8666=DIRECTION('ref_axis',(0.000876586978894577,0.,0.99999961579756));
#8667=DIRECTION('',(0.361056716822168,-0.932540702806278,-0.00242587039417438));
#8668=DIRECTION('center_axis',(6.12321830225977E-17,0.999997437060709,-0.00226403887205992));
#8669=DIRECTION('ref_axis',(0.,0.00226403887205992,0.999997437060709));
#8670=DIRECTION('',(-1.,6.11996790805398E-17,-1.44258976836099E-17));
#8671=DIRECTION('',(-1.38632397890541E-19,-0.00226403887205992,-0.999997437060709));
#8672=DIRECTION('',(1.,-6.12323399573677E-17,1.41994962939782E-31));
#8673=DIRECTION('',(-1.38632397890541E-19,-0.00226403887205992,-0.999997437060709));
#8674=DIRECTION('center_axis',(0.932542472725751,0.361059369537216,-0.00081745454284007));
#8675=DIRECTION('ref_axis',(-0.000876586592761786,0.,-0.999999615797899));
#8676=DIRECTION('',(-0.361056578511398,0.932540756356417,0.00242587053347736));
#8677=DIRECTION('',(-1.38632397890541E-19,-0.00226403887205992,-0.999997437060709));
#8678=DIRECTION('',(0.361056578511398,-0.932540756356417,-0.00242587053347749));
#8679=DIRECTION('center_axis',(0.932542472725751,-0.361059369537216,0.00081745454284007));
#8680=DIRECTION('ref_axis',(0.000876586592761786,0.,-0.999999615797899));
#8681=DIRECTION('',(0.361056578511398,0.932540756356417,0.00242587053347737));
#8682=DIRECTION('',(-1.38632397890541E-19,-0.00226403887205992,-0.999997437060709));
#8683=DIRECTION('',(-0.361056578511398,-0.932540756356417,-0.00242587053347749));
#8684=DIRECTION('center_axis',(-6.12321830225977E-17,-0.999997437060709,
0.00226403887205992));
#8685=DIRECTION('ref_axis',(0.,-0.00226403887205992,-0.999997437060709));
#8686=DIRECTION('',(1.,-6.11996790805398E-17,1.44258976836099E-17));
#8687=DIRECTION('',(-1.38632397890541E-19,-0.00226403887205992,-0.999997437060709));
#8688=DIRECTION('',(-1.,6.12323399573677E-17,-1.41994962939782E-31));
#8689=DIRECTION('center_axis',(-0.932542472725751,-0.361059369537216,0.00081745454284007));
#8690=DIRECTION('ref_axis',(0.000876586592761786,0.,0.999999615797899));
#8691=DIRECTION('',(0.361056578511398,-0.932540756356417,-0.00242587053347736));
#8692=DIRECTION('',(-1.38632397890541E-19,-0.00226403887205992,-0.999997437060709));
#8693=DIRECTION('',(0.361056578511398,-0.932540756356417,-0.00242587053347749));
#8694=DIRECTION('center_axis',(1.59286578729936E-19,0.00260134724298787,
-0.999996616490537));
#8695=DIRECTION('ref_axis',(-1.,0.,-1.59287117679407E-19));
#8696=DIRECTION('',(0.361056578511398,0.932540756356417,0.00242587053347749));
#8697=DIRECTION('center_axis',(-0.932542472725751,0.361059369537216,-0.00081745454284007));
#8698=DIRECTION('ref_axis',(-0.000876586592761786,0.,0.999999615797899));
#8699=DIRECTION('',(-0.361056578511398,-0.932540756356417,-0.00242587053347737));
#8700=DIRECTION('center_axis',(0.932542472725751,0.361059369537216,-0.00081745454284007));
#8701=DIRECTION('ref_axis',(-0.000876586592761786,0.,-0.999999615797899));
#8702=DIRECTION('',(-0.361056578511398,0.932540756356417,0.00242587053347736));
#8703=DIRECTION('',(-1.38632397890541E-19,-0.00226403887205992,-0.999997437060709));
#8704=DIRECTION('',(0.361056578511398,-0.932540756356417,-0.00242587053347749));
#8705=DIRECTION('',(-1.38632397890541E-19,-0.00226403887205992,-0.999997437060709));
#8706=DIRECTION('center_axis',(-6.12321830225977E-17,-0.999997437060709,
0.00226403887205992));
#8707=DIRECTION('ref_axis',(0.,-0.00226403887205992,-0.999997437060709));
#8708=DIRECTION('',(1.,-6.11996790805398E-17,1.44258976836099E-17));
#8709=DIRECTION('',(-1.38632397890541E-19,-0.00226403887205992,-0.999997437060709));
#8710=DIRECTION('',(-1.,6.12323399573677E-17,-1.41994962939782E-31));
#8711=DIRECTION('center_axis',(1.59286578729936E-19,0.00260134724298787,
-0.999996616490537));
#8712=DIRECTION('ref_axis',(-1.,0.,-1.59287117679407E-19));
#8713=DIRECTION('',(-0.361056578511398,-0.932540756356417,-0.00242587053347749));
#8714=DIRECTION('',(-1.,6.12323399573677E-17,-1.41994962939782E-31));
#8715=DIRECTION('center_axis',(-0.932542472725751,0.361059369537216,-0.00081745454284007));
#8716=DIRECTION('ref_axis',(-0.000876586592761786,0.,0.999999615797899));
#8717=DIRECTION('',(-0.361056578511398,-0.932540756356417,-0.00242587053347737));
#8718=DIRECTION('',(-1.38632397890541E-19,-0.00226403887205992,-0.999997437060709));
#8719=DIRECTION('center_axis',(6.12321830225977E-17,0.999997437060709,-0.00226403887205992));
#8720=DIRECTION('ref_axis',(0.,0.00226403887205992,0.999997437060709));
#8721=DIRECTION('',(-1.,6.11996790805398E-17,-1.44258976836099E-17));
#8722=DIRECTION('center_axis',(6.12321830225977E-17,0.999997437060709,-0.00226403887205992));
#8723=DIRECTION('ref_axis',(0.,0.00226403887205992,0.999997437060709));
#8724=DIRECTION('',(-1.,6.11996790805398E-17,-1.44258976836099E-17));
#8725=DIRECTION('',(-1.38632397890541E-19,-0.00226403887205992,-0.999997437060709));
#8726=DIRECTION('',(1.,-6.12323399573677E-17,1.41994962939782E-31));
#8727=DIRECTION('',(1.38632397890541E-19,0.00226403887205992,0.999997437060709));
#8728=DIRECTION('center_axis',(0.932542419174412,-0.361059507848629,0.000817454855983287));
#8729=DIRECTION('ref_axis',(0.000876586978894577,0.,-0.99999961579756));
#8730=DIRECTION('',(0.361056716822168,0.932540702806278,0.00242587039417439));
#8731=DIRECTION('',(-1.38632397890541E-19,-0.00226403887205992,-0.999997437060709));
#8732=DIRECTION('',(-0.361056716822168,-0.932540702806278,-0.00242587039417452));
#8733=DIRECTION('center_axis',(1.59286578729936E-19,0.00260134724298787,
-0.999996616490537));
#8734=DIRECTION('ref_axis',(-1.,0.,-1.59287117679407E-19));
#8735=DIRECTION('',(-1.,6.12323399573677E-17,-1.41994962939782E-31));
#8736=DIRECTION('',(0.361056716822168,-0.932540702806278,-0.00242587039417452));
#8737=DIRECTION('center_axis',(-6.12321830225977E-17,-0.999997437060709,
0.00226403887205992));
#8738=DIRECTION('ref_axis',(0.,-0.00226403887205992,-0.999997437060709));
#8739=DIRECTION('',(1.,-6.11996790805398E-17,1.44258976836099E-17));
#8740=DIRECTION('',(-1.38632397890541E-19,-0.00226403887205992,-0.999997437060709));
#8741=DIRECTION('center_axis',(-0.932542419174412,-0.361059507848629,0.000817454855983287));
#8742=DIRECTION('ref_axis',(0.000876586978894577,0.,0.99999961579756));
#8743=DIRECTION('',(0.361056716822168,-0.932540702806278,-0.00242587039417438));
#8744=DIRECTION('center_axis',(6.12321830225977E-17,0.999997437060709,-0.00226403887205992));
#8745=DIRECTION('ref_axis',(0.,0.00226403887205992,0.999997437060709));
#8746=DIRECTION('',(-1.,6.11996790805398E-17,-1.44258976836099E-17));
#8747=DIRECTION('',(-1.38632397890541E-19,-0.00226403887205992,-0.999997437060709));
#8748=DIRECTION('',(-1.,6.12323399573677E-17,-1.41994962939782E-31));
#8749=DIRECTION('',(-1.38632397890541E-19,-0.00226403887205992,-0.999997437060709));
#8750=DIRECTION('center_axis',(0.932542419174412,0.361059507848629,-0.000817454855983287));
#8751=DIRECTION('ref_axis',(-0.000876586978894577,0.,-0.99999961579756));
#8752=DIRECTION('',(-0.361056716822168,0.932540702806278,0.00242587039417438));
#8753=DIRECTION('',(-1.38632397890541E-19,-0.00226403887205992,-0.999997437060709));
#8754=DIRECTION('',(0.361056716822168,-0.932540702806278,-0.00242587039417452));
#8755=DIRECTION('center_axis',(0.932542419174412,-0.361059507848629,0.000817454855983287));
#8756=DIRECTION('ref_axis',(0.000876586978894577,0.,-0.99999961579756));
#8757=DIRECTION('',(0.361056716822168,0.932540702806278,0.00242587039417439));
#8758=DIRECTION('',(-1.38632397890541E-19,-0.00226403887205992,-0.999997437060709));
#8759=DIRECTION('',(0.361056716822168,0.932540702806278,0.00242587039417452));
#8760=DIRECTION('center_axis',(-6.12321830225977E-17,-0.999997437060709,
0.00226403887205992));
#8761=DIRECTION('ref_axis',(0.,-0.00226403887205992,-0.999997437060709));
#8762=DIRECTION('',(1.,-6.11996790805398E-17,1.44258976836099E-17));
#8763=DIRECTION('',(-1.38632397890541E-19,-0.00226403887205992,-0.999997437060709));
#8764=DIRECTION('',(1.,-6.12323399573677E-17,1.41994962939782E-31));
#8765=DIRECTION('center_axis',(1.59286578729936E-19,0.00260134724298787,
-0.999996616490537));
#8766=DIRECTION('ref_axis',(-1.,0.,-1.59287117679407E-19));
#8767=DIRECTION('',(0.361056716822168,-0.932540702806278,-0.00242587039417452));
#8768=DIRECTION('',(-0.361056716822168,-0.932540702806278,-0.00242587039417452));
#8769=DIRECTION('center_axis',(-0.932542419174412,-0.361059507848629,0.000817454855983287));
#8770=DIRECTION('ref_axis',(0.000876586978894577,0.,0.99999961579756));
#8771=DIRECTION('',(0.361056716822168,-0.932540702806278,-0.00242587039417438));
#8772=DIRECTION('',(-1.38632397890541E-19,-0.00226403887205992,-0.999997437060709));
#8773=DIRECTION('center_axis',(-0.932542419174412,0.361059507848629,-0.000817454855983287));
#8774=DIRECTION('ref_axis',(-0.000876586978894577,0.,0.99999961579756));
#8775=DIRECTION('',(-0.361056716822168,-0.932540702806278,-0.00242587039417439));
#8776=DIRECTION('center_axis',(0.932542419174412,-0.361059507848629,0.000817454855983287));
#8777=DIRECTION('ref_axis',(0.000876586978894577,0.,-0.99999961579756));
#8778=DIRECTION('',(0.361056716822168,0.932540702806278,0.00242587039417439));
#8779=DIRECTION('',(-1.38632397890541E-19,-0.00226403887205992,-0.999997437060709));
#8780=DIRECTION('',(0.361056716822168,0.932540702806278,0.00242587039417452));
#8781=DIRECTION('',(-1.38632397890541E-19,-0.00226403887205992,-0.999997437060709));
#8782=DIRECTION('center_axis',(-6.12321830225977E-17,-0.999997437060709,
0.00226403887205992));
#8783=DIRECTION('ref_axis',(0.,-0.00226403887205992,-0.999997437060709));
#8784=DIRECTION('',(1.,-6.11996790805398E-17,1.44258976836099E-17));
#8785=DIRECTION('',(-1.38632397890541E-19,-0.00226403887205992,-0.999997437060709));
#8786=DIRECTION('',(1.,-6.12323399573677E-17,1.41994962939782E-31));
#8787=DIRECTION('center_axis',(-0.932542419174412,-0.361059507848629,0.000817454855983287));
#8788=DIRECTION('ref_axis',(0.000876586978894577,0.,0.99999961579756));
#8789=DIRECTION('',(0.361056716822168,-0.932540702806278,-0.00242587039417438));
#8790=DIRECTION('',(-1.38632397890541E-19,-0.00226403887205992,-0.999997437060709));
#8791=DIRECTION('',(0.361056716822168,-0.932540702806278,-0.00242587039417452));
#8792=DIRECTION('center_axis',(1.59286578729936E-19,0.00260134724298787,
-0.999996616490537));
#8793=DIRECTION('ref_axis',(-1.,0.,-1.59287117679407E-19));
#8794=DIRECTION('',(-0.361056716822168,-0.932540702806278,-0.00242587039417452));
#8795=DIRECTION('',(-1.,6.12323399573677E-17,-1.41994962939782E-31));
#8796=DIRECTION('',(0.361056716822168,-0.932540702806278,-0.00242587039417452));
#8797=DIRECTION('center_axis',(-0.932542419174412,0.361059507848629,-0.000817454855983287));
#8798=DIRECTION('ref_axis',(-0.000876586978894577,0.,0.99999961579756));
#8799=DIRECTION('',(-0.361056716822168,-0.932540702806278,-0.00242587039417439));
#8800=DIRECTION('',(-1.38632397890541E-19,-0.00226403887205992,-0.999997437060709));
#8801=DIRECTION('center_axis',(0.932542419174412,0.361059507848629,-0.000817454855983287));
#8802=DIRECTION('ref_axis',(-0.000876586978894577,0.,-0.99999961579756));
#8803=DIRECTION('',(-0.361056716822168,0.932540702806278,0.00242587039417438));
#8804=DIRECTION('',(-1.38632397890541E-19,-0.00226403887205992,-0.999997437060709));
#8805=DIRECTION('center_axis',(6.12321830225977E-17,0.999997437060709,-0.00226403887205992));
#8806=DIRECTION('ref_axis',(0.,0.00226403887205992,0.999997437060709));
#8807=DIRECTION('',(-1.,6.11996790805398E-17,-1.44258976836099E-17));
#8808=DIRECTION('center_axis',(-6.12321830225977E-17,-0.999997437060709,
0.00226403887205992));
#8809=DIRECTION('ref_axis',(0.,-0.00226403887205992,-0.999997437060709));
#8810=DIRECTION('',(1.,-6.11996790805398E-17,1.44258976836099E-17));
#8811=DIRECTION('',(-1.38632397890541E-19,-0.00226403887205992,-0.999997437060709));
#8812=DIRECTION('',(-1.,6.12323399573677E-17,-1.41994962939782E-31));
#8813=DIRECTION('',(-1.38632397890541E-19,-0.00226403887205992,-0.999997437060709));
#8814=DIRECTION('center_axis',(-0.932542419174412,-0.361059507848629,0.000817454855983287));
#8815=DIRECTION('ref_axis',(0.000876586978894577,0.,0.99999961579756));
#8816=DIRECTION('',(0.361056716822168,-0.932540702806278,-0.00242587039417438));
#8817=DIRECTION('',(-1.38632397890541E-19,-0.00226403887205992,-0.999997437060709));
#8818=DIRECTION('',(-0.361056716822168,0.932540702806278,0.00242587039417452));
#8819=DIRECTION('center_axis',(-0.932542422521372,0.361059499204163,-0.00081745483641183));
#8820=DIRECTION('ref_axis',(-0.000876586954761267,0.,0.999999615797582));
#8821=DIRECTION('',(-0.361056708177742,-0.932540706153164,-0.00242587040288084));
#8822=DIRECTION('',(-1.38632397890541E-19,-0.00226403887205992,-0.999997437060709));
#8823=DIRECTION('',(0.361056708177743,0.932540706153164,0.00242587040288096));
#8824=DIRECTION('center_axis',(1.59286578729936E-19,0.00260134724298787,
-0.999996616490537));
#8825=DIRECTION('ref_axis',(-1.,0.,-1.59287117679407E-19));
#8826=DIRECTION('',(-1.,6.12323399573677E-17,-1.41994962939782E-31));
#8827=DIRECTION('',(-0.361056708177742,0.932540706153164,0.00242587040288096));
#8828=DIRECTION('',(-0.361056716822168,-0.932540702806278,-0.00242587039417452));
#8829=DIRECTION('center_axis',(0.932542422521372,0.361059499204163,-0.00081745483641183));
#8830=DIRECTION('ref_axis',(-0.000876586954761267,0.,-0.999999615797582));
#8831=DIRECTION('',(-0.361056708177742,0.932540706153164,0.00242587040288083));
#8832=DIRECTION('',(-1.38632397890541E-19,-0.00226403887205992,-0.999997437060709));
#8833=DIRECTION('',(-1.38632397890541E-19,-0.00226403887205992,-0.999997437060709));
#8834=DIRECTION('center_axis',(0.932542419174412,-0.361059507848629,0.000817454855983287));
#8835=DIRECTION('ref_axis',(0.000876586978894577,0.,-0.99999961579756));
#8836=DIRECTION('',(0.361056716822168,0.932540702806278,0.00242587039417439));
#8837=DIRECTION('center_axis',(6.12321830225977E-17,0.999997437060709,-0.00226403887205992));
#8838=DIRECTION('ref_axis',(0.,0.00226403887205992,0.999997437060709));
#8839=DIRECTION('',(-1.,6.11996790805398E-17,-1.44258976836099E-17));
#8840=DIRECTION('center_axis',(1.,-6.19084559675485E-17,2.59909062259351E-16));
#8841=DIRECTION('ref_axis',(2.59909062259351E-16,0.,-1.));
#8842=DIRECTION('',(2.59768232977384E-16,-0.00226403887206002,-0.999997437060709));
#8843=DIRECTION('',(-6.1232132777166E-17,-0.999996616490537,-0.00260134724298773));
#8844=DIRECTION('center_axis',(-1.45850504898965E-17,-0.00260134724298773,
0.999996616490537));
#8845=DIRECTION('ref_axis',(1.,0.,1.45850998387198E-17));
#8846=DIRECTION('',(-1.,6.11996790805398E-17,-1.44258976836099E-17));
#8847=DIRECTION('center_axis',(-6.12321830225977E-17,-0.999997437060709,
0.00226403887206002));
#8848=DIRECTION('ref_axis',(0.,-0.00226403887206002,-0.999997437060709));
#8849=CARTESIAN_POINT('',(0.,0.,0.));
#8850=CARTESIAN_POINT('Origin',(79.7777777777778,58.5232511573678,0.918781602073013));
#8851=CARTESIAN_POINT('',(78.0416666666667,54.1986589088402,0.405117951123559));
#8852=CARTESIAN_POINT('',(79.7777777777778,58.571730064138,0.418857754494817));
#8853=CARTESIAN_POINT('',(78.0416666666667,54.1986589088402,0.405117951123559));
#8854=CARTESIAN_POINT('',(79.7777777777778,58.5232511573678,0.918781602073013));
#8855=CARTESIAN_POINT('',(79.7777777777778,58.5232511573678,0.918781602073013));
#8856=CARTESIAN_POINT('',(78.0416666666667,54.15018000207,0.905041798701755));
#8857=CARTESIAN_POINT('',(79.7777777777778,58.5232511573678,0.918781602073013));
#8858=CARTESIAN_POINT('',(78.0416666666667,54.15018000207,0.905041798701755));
#8859=CARTESIAN_POINT('Origin',(78.0416666666667,54.15018000207,0.905041798701755));
#8860=CARTESIAN_POINT('',(74.5694444444445,54.15018000207,0.905041798701755));
#8861=CARTESIAN_POINT('',(74.5694444444445,54.15018000207,0.905041798701755));
#8862=CARTESIAN_POINT('',(74.5694444444445,54.1986589088402,0.405117951123559));
#8863=CARTESIAN_POINT('',(74.5694444444445,54.15018000207,0.905041798701755));
#8864=CARTESIAN_POINT('',(78.0416666666667,54.1986589088402,0.405117951123559));
#8865=CARTESIAN_POINT('Origin',(74.5694444444445,62.9448012194358,0.432597557866075));
#8866=CARTESIAN_POINT('',(74.5694444444445,62.9448012194358,0.432597557866075));
#8867=CARTESIAN_POINT('',(78.0416666666667,62.9448012194358,0.432597557866075));
#8868=CARTESIAN_POINT('',(74.5694444444445,62.9448012194358,0.432597557866075));
#8869=CARTESIAN_POINT('',(74.5694444444445,62.8963223126656,0.932521405444271));
#8870=CARTESIAN_POINT('',(74.5694444444445,62.9448012194358,0.432597557866075));
#8871=CARTESIAN_POINT('',(78.0416666666667,62.8963223126656,0.932521405444271));
#8872=CARTESIAN_POINT('',(74.5694444444445,62.8963223126656,0.932521405444271));
#8873=CARTESIAN_POINT('',(78.0416666666667,62.9448012194358,0.432597557866075));
#8874=CARTESIAN_POINT('Origin',(79.7777777777778,58.5232511573678,0.918781602073013));
#8875=CARTESIAN_POINT('',(79.7777777777778,58.5232511573678,0.918781602073013));
#8876=CARTESIAN_POINT('',(78.0416666666667,62.9448012194358,0.432597557866075));
#8877=CARTESIAN_POINT('Origin',(74.5694444444445,54.1986589088402,0.405117951123559));
#8878=CARTESIAN_POINT('',(72.8333333333333,58.571730064138,0.418857754494817));
#8879=CARTESIAN_POINT('',(74.5694444444445,62.9448012194358,0.432597557866075));
#8880=CARTESIAN_POINT('',(72.8333333333333,58.571730064138,0.418857754494817));
#8881=CARTESIAN_POINT('Origin',(72.8333333333333,58.571730064138,0.418857754494817));
#8882=CARTESIAN_POINT('',(72.8333333333333,58.5232511573678,0.918781602073013));
#8883=CARTESIAN_POINT('',(72.8333333333333,58.5232511573678,0.918781602073013));
#8884=CARTESIAN_POINT('',(72.8333333333333,58.5232511573678,0.918781602073013));
#8885=CARTESIAN_POINT('Origin',(74.5694444444445,54.15018000207,0.905041798701755));
#8886=CARTESIAN_POINT('',(72.8333333333333,58.5232511573678,0.918781602073013));
#8887=CARTESIAN_POINT('Origin',(74.5694444444445,62.9448012194358,0.432597557866075));
#8888=CARTESIAN_POINT('Origin',(62.7638888888889,51.7869034775946,0.897616592569707));
#8889=CARTESIAN_POINT('',(59.2916666666667,51.8353823843648,0.397692744991511));
#8890=CARTESIAN_POINT('',(62.7638888888889,51.8353823843648,0.397692744991511));
#8891=CARTESIAN_POINT('',(59.2916666666667,51.8353823843648,0.397692744991511));
#8892=CARTESIAN_POINT('',(59.2916666666667,51.7869034775946,0.897616592569707));
#8893=CARTESIAN_POINT('',(59.2916666666667,51.7869034775946,0.897616592569707));
#8894=CARTESIAN_POINT('',(62.7638888888889,51.7869034775946,0.897616592569707));
#8895=CARTESIAN_POINT('',(59.2916666666667,51.7869034775946,0.897616592569707));
#8896=CARTESIAN_POINT('',(62.7638888888889,51.7869034775946,0.897616592569707));
#8897=CARTESIAN_POINT('Origin',(59.2916666666667,51.8353823843648,0.397692744991511));
#8898=CARTESIAN_POINT('',(59.2916666666667,43.0892400737692,0.370213138248995));
#8899=CARTESIAN_POINT('',(62.7638888888889,43.0892400737692,0.370213138248995));
#8900=CARTESIAN_POINT('',(59.2916666666667,43.0892400737692,0.370213138248995));
#8901=CARTESIAN_POINT('',(57.5555555555556,47.462311229067,0.383952941620253));
#8902=CARTESIAN_POINT('',(57.5555555555556,47.462311229067,0.383952941620253));
#8903=CARTESIAN_POINT('',(59.2916666666667,51.8353823843648,0.397692744991511));
#8904=CARTESIAN_POINT('',(64.5,47.462311229067,0.383952941620253));
#8905=CARTESIAN_POINT('',(64.5,47.462311229067,0.383952941620253));
#8906=CARTESIAN_POINT('',(62.7638888888889,43.0892400737692,0.370213138248995));
#8907=CARTESIAN_POINT('Origin',(59.2916666666667,51.8353823843648,0.397692744991511));
#8908=CARTESIAN_POINT('',(57.5555555555556,47.4138323222968,0.883876789198448));
#8909=CARTESIAN_POINT('',(59.2916666666667,51.7869034775946,0.897616592569707));
#8910=CARTESIAN_POINT('',(57.5555555555556,47.4138323222968,0.883876789198448));
#8911=CARTESIAN_POINT('Origin',(62.7638888888889,51.7869034775946,0.897616592569707));
#8912=CARTESIAN_POINT('',(64.5,47.4138323222968,0.883876789198448));
#8913=CARTESIAN_POINT('',(64.5,47.4138323222968,0.883876789198448));
#8914=CARTESIAN_POINT('',(64.5,47.4138323222968,0.883876789198448));
#8915=CARTESIAN_POINT('Origin',(62.7638888888889,43.0892400737692,0.370213138248995));
#8916=CARTESIAN_POINT('',(62.7638888888889,43.0407611669989,0.870136985827191));
#8917=CARTESIAN_POINT('',(62.7638888888889,43.0407611669989,0.870136985827191));
#8918=CARTESIAN_POINT('',(62.7638888888889,43.0407611669989,0.870136985827191));
#8919=CARTESIAN_POINT('Origin',(62.7638888888889,43.0407611669989,0.870136985827191));
#8920=CARTESIAN_POINT('',(59.2916666666667,43.0407611669989,0.870136985827191));
#8921=CARTESIAN_POINT('',(59.2916666666667,43.0407611669989,0.870136985827191));
#8922=CARTESIAN_POINT('',(59.2916666666667,43.0407611669989,0.870136985827191));
#8923=CARTESIAN_POINT('Origin',(62.7638888888889,43.0407611669989,0.870136985827191));
#8924=CARTESIAN_POINT('',(57.5555555555556,47.4138323222968,0.883876789198448));
#8925=CARTESIAN_POINT('Origin',(57.5555555555556,47.4138323222968,0.883876789198448));
#8926=CARTESIAN_POINT('Origin',(70.4027777777778,68.4995106369713,0.450049964303357));
#8927=CARTESIAN_POINT('',(72.1388888888889,64.0779605749033,0.936234008510295));
#8928=CARTESIAN_POINT('',(70.4027777777778,68.4510317302011,0.949973811881553));
#8929=CARTESIAN_POINT('',(72.1388888888889,64.0779605749033,0.936234008510295));
#8930=CARTESIAN_POINT('',(72.1388888888889,64.1264394816735,0.436310160932099));
#8931=CARTESIAN_POINT('',(72.1388888888889,64.1264394816735,0.436310160932099));
#8932=CARTESIAN_POINT('',(70.4027777777778,68.4995106369713,0.450049964303357));
#8933=CARTESIAN_POINT('',(72.1388888888889,64.1264394816735,0.436310160932099));
#8934=CARTESIAN_POINT('',(70.4027777777778,68.4510317302011,0.949973811881553));
#8935=CARTESIAN_POINT('Origin',(70.4027777777778,68.4995106369713,0.450049964303357));
#8936=CARTESIAN_POINT('',(66.9305555555556,68.4510317302011,0.949973811881553));
#8937=CARTESIAN_POINT('',(66.9305555555556,68.4995106369713,0.450049964303357));
#8938=CARTESIAN_POINT('',(66.9305555555556,68.4510317302011,0.949973811881553));
#8939=CARTESIAN_POINT('',(66.9305555555556,68.4510317302011,0.949973811881553));
#8940=CARTESIAN_POINT('',(66.9305555555556,68.4995106369713,0.450049964303357));
#8941=CARTESIAN_POINT('Origin',(66.9305555555556,59.7048894196055,0.922494205139037));
#8942=CARTESIAN_POINT('',(66.9305555555556,59.7048894196055,0.922494205139037));
#8943=CARTESIAN_POINT('',(70.4027777777778,59.7048894196055,0.922494205139037));
#8944=CARTESIAN_POINT('',(66.9305555555556,59.7048894196055,0.922494205139037));
#8945=CARTESIAN_POINT('',(72.1388888888889,64.0779605749033,0.936234008510295));
#8946=CARTESIAN_POINT('',(65.1944444444445,64.0779605749033,0.936234008510295));
#8947=CARTESIAN_POINT('',(66.9305555555556,68.4510317302011,0.949973811881553));
#8948=CARTESIAN_POINT('',(65.1944444444445,64.0779605749033,0.936234008510295));
#8949=CARTESIAN_POINT('Origin',(66.9305555555556,68.4995106369713,0.450049964303357));
#8950=CARTESIAN_POINT('',(65.1944444444445,64.1264394816735,0.436310160932099));
#8951=CARTESIAN_POINT('',(65.1944444444445,64.1264394816735,0.436310160932099));
#8952=CARTESIAN_POINT('',(65.1944444444445,64.0779605749033,0.936234008510295));
#8953=CARTESIAN_POINT('Origin',(70.4027777777778,59.7048894196055,0.922494205139037));
#8954=CARTESIAN_POINT('',(70.4027777777778,59.7533683263757,0.422570357560841));
#8955=CARTESIAN_POINT('',(66.9305555555556,59.7533683263757,0.422570357560841));
#8956=CARTESIAN_POINT('',(70.4027777777778,59.7533683263757,0.422570357560841));
#8957=CARTESIAN_POINT('',(70.4027777777778,59.7048894196055,0.922494205139037));
#8958=CARTESIAN_POINT('',(66.9305555555556,59.7048894196055,0.922494205139037));
#8959=CARTESIAN_POINT('Origin',(72.1388888888889,64.0779605749033,0.936234008510295));
#8960=CARTESIAN_POINT('',(72.1388888888889,64.1264394816735,0.436310160932099));
#8961=CARTESIAN_POINT('Origin',(66.9305555555556,68.4995106369713,0.450049964303357));
#8962=CARTESIAN_POINT('',(65.1944444444445,64.1264394816735,0.436310160932099));
#8963=CARTESIAN_POINT('Origin',(65.1944444444445,64.0779605749033,0.936234008510295));
#8964=CARTESIAN_POINT('Origin',(64.5,36.3044134872258,0.848971976323884));
#8965=CARTESIAN_POINT('',(64.5,36.352892393996,0.349048128745688));
#8966=CARTESIAN_POINT('',(62.7638888888889,31.9798193123768,0.335308319322099));
#8967=CARTESIAN_POINT('',(64.5,36.352892393996,0.349048128745688));
#8968=CARTESIAN_POINT('',(64.5,36.3044134872258,0.848971976323884));
#8969=CARTESIAN_POINT('',(64.5,36.3044134872258,0.848971976323884));
#8970=CARTESIAN_POINT('',(62.7638888888889,31.9313404056066,0.835232166900295));
#8971=CARTESIAN_POINT('',(64.5,36.3044134872258,0.848971976323884));
#8972=CARTESIAN_POINT('',(62.7638888888889,31.9313404056066,0.835232166900295));
#8973=CARTESIAN_POINT('Origin',(62.7638888888889,31.9313404056066,0.835232166900295));
#8974=CARTESIAN_POINT('',(59.2916666666667,31.9798193123768,0.335308319322099));
#8975=CARTESIAN_POINT('',(62.7638888888889,31.9798193123768,0.335308319322099));
#8976=CARTESIAN_POINT('',(59.2916666666667,31.9313404056066,0.835232166900295));
#8977=CARTESIAN_POINT('',(59.2916666666667,31.9313404056066,0.835232166900295));
#8978=CARTESIAN_POINT('',(59.2916666666667,31.9313404056066,0.835232166900295));
#8979=CARTESIAN_POINT('Origin',(64.5,36.3044134872258,0.848971976323884));
#8980=CARTESIAN_POINT('',(59.2916666666667,40.6774865688449,0.862711785747474));
#8981=CARTESIAN_POINT('',(57.5555555555556,36.3044134872258,0.848971976323884));
#8982=CARTESIAN_POINT('',(59.2916666666667,40.6774865688449,0.862711785747474));
#8983=CARTESIAN_POINT('',(57.5555555555556,36.3044134872258,0.848971976323884));
#8984=CARTESIAN_POINT('',(62.7638888888889,40.6774865688449,0.862711785747474));
#8985=CARTESIAN_POINT('',(64.5,36.3044134872258,0.848971976323884));
#8986=CARTESIAN_POINT('',(59.2916666666667,40.6774865688449,0.862711785747474));
#8987=CARTESIAN_POINT('Origin',(62.7638888888889,40.6774865688449,0.862711785747474));
#8988=CARTESIAN_POINT('',(62.7638888888889,40.7259654756152,0.362787938169278));
#8989=CARTESIAN_POINT('',(62.7638888888889,40.7259654756152,0.362787938169278));
#8990=CARTESIAN_POINT('',(62.7638888888889,40.6774865688449,0.862711785747474));
#8991=CARTESIAN_POINT('Origin',(57.5555555555556,36.3044134872258,0.848971976323884));
#8992=CARTESIAN_POINT('',(57.5555555555556,36.352892393996,0.349048128745688));
#8993=CARTESIAN_POINT('',(57.5555555555556,36.3044134872258,0.848971976323884));
#8994=CARTESIAN_POINT('',(57.5555555555556,36.352892393996,0.349048128745688));
#8995=CARTESIAN_POINT('Origin',(59.2916666666667,40.7259654756152,0.362787938169278));
#8996=CARTESIAN_POINT('',(59.2916666666667,40.7259654756152,0.362787938169278));
#8997=CARTESIAN_POINT('',(59.2916666666667,40.7259654756152,0.362787938169278));
#8998=CARTESIAN_POINT('',(57.5555555555556,36.352892393996,0.349048128745688));
#8999=CARTESIAN_POINT('Origin',(62.7638888888889,40.6774865688449,0.862711785747474));
#9000=CARTESIAN_POINT('',(59.2916666666667,40.6774865688449,0.862711785747474));
#9001=CARTESIAN_POINT('Origin',(59.2916666666667,40.7259654756152,0.362787938169278));
#9002=CARTESIAN_POINT('Origin',(66.9305555555556,70.8627871614467,0.457475170435406));
#9003=CARTESIAN_POINT('',(72.1388888888889,75.2358583167445,0.471214973806664));
#9004=CARTESIAN_POINT('',(70.4027777777778,70.8627871614467,0.457475170435406));
#9005=CARTESIAN_POINT('',(72.1388888888889,75.2358583167445,0.471214973806664));
#9006=CARTESIAN_POINT('',(66.9305555555556,70.8627871614467,0.457475170435406));
#9007=CARTESIAN_POINT('',(70.4027777777778,70.8627871614467,0.457475170435406));
#9008=CARTESIAN_POINT('',(65.1944444444445,75.2358583167445,0.471214973806664));
#9009=CARTESIAN_POINT('',(65.1944444444445,75.2358583167445,0.471214973806664));
#9010=CARTESIAN_POINT('',(65.1944444444445,75.2358583167445,0.471214973806664));
#9011=CARTESIAN_POINT('Origin',(72.1388888888889,75.1873794099743,0.97113882138486));
#9012=CARTESIAN_POINT('',(72.1388888888889,75.1873794099743,0.97113882138486));
#9013=CARTESIAN_POINT('',(72.1388888888889,75.1873794099743,0.97113882138486));
#9014=CARTESIAN_POINT('',(70.4027777777778,70.8143082546765,0.957399018013602));
#9015=CARTESIAN_POINT('',(72.1388888888889,75.1873794099743,0.97113882138486));
#9016=CARTESIAN_POINT('',(70.4027777777778,70.8143082546765,0.957399018013602));
#9017=CARTESIAN_POINT('Origin',(66.9305555555556,70.8627871614467,0.457475170435406));
#9018=CARTESIAN_POINT('',(66.9305555555556,70.8143082546765,0.957399018013602));
#9019=CARTESIAN_POINT('',(66.9305555555556,70.8143082546765,0.957399018013602));
#9020=CARTESIAN_POINT('',(66.9305555555556,70.8143082546765,0.957399018013602));
#9021=CARTESIAN_POINT('Origin',(72.1388888888889,75.2358583167445,0.471214973806664));
#9022=CARTESIAN_POINT('',(65.1944444444445,75.1873794099743,0.97113882138486));
#9023=CARTESIAN_POINT('',(65.1944444444445,75.2358583167445,0.471214973806664));
#9024=CARTESIAN_POINT('',(65.1944444444445,75.1873794099743,0.97113882138486));
#9025=CARTESIAN_POINT('Origin',(66.9305555555556,70.8143082546765,0.957399018013602));
#9026=CARTESIAN_POINT('',(65.1944444444445,75.1873794099743,0.97113882138486));
#9027=CARTESIAN_POINT('Origin',(65.1944444444445,75.1873794099743,0.97113882138486));
#9028=CARTESIAN_POINT('Origin',(72.8333333333333,47.4138323222968,0.883876789198448));
#9029=CARTESIAN_POINT('',(74.5694444444445,43.0407611669989,0.870136985827191));
#9030=CARTESIAN_POINT('',(74.5694444444445,43.0892400737692,0.370213138248995));
#9031=CARTESIAN_POINT('',(74.5694444444445,43.0407611669989,0.870136985827191));
#9032=CARTESIAN_POINT('',(72.8333333333333,47.4138323222968,0.883876789198448));
#9033=CARTESIAN_POINT('',(72.8333333333333,47.4138323222968,0.883876789198448));
#9034=CARTESIAN_POINT('',(72.8333333333333,47.462311229067,0.383952941620253));
#9035=CARTESIAN_POINT('',(72.8333333333333,47.4138323222968,0.883876789198448));
#9036=CARTESIAN_POINT('',(72.8333333333333,47.462311229067,0.383952941620253));
#9037=CARTESIAN_POINT('Origin',(74.5694444444445,43.0892400737692,0.370213138248995));
#9038=CARTESIAN_POINT('',(78.0416666666667,43.0407611669989,0.870136985827191));
#9039=CARTESIAN_POINT('',(78.0416666666667,43.0407611669989,0.870136985827191));
#9040=CARTESIAN_POINT('',(78.0416666666667,43.0892400737692,0.370213138248995));
#9041=CARTESIAN_POINT('',(74.5694444444445,43.0892400737692,0.370213138248995));
#9042=CARTESIAN_POINT('',(78.0416666666667,43.0407611669989,0.870136985827191));
#9043=CARTESIAN_POINT('Origin',(74.5694444444445,51.8353823843648,0.397692744991511));
#9044=CARTESIAN_POINT('',(74.5694444444445,51.8353823843648,0.397692744991511));
#9045=CARTESIAN_POINT('',(74.5694444444445,51.8353823843648,0.397692744991511));
#9046=CARTESIAN_POINT('',(78.0416666666667,51.8353823843648,0.397692744991511));
#9047=CARTESIAN_POINT('',(78.0416666666667,51.8353823843648,0.397692744991511));
#9048=CARTESIAN_POINT('',(79.7777777777778,47.462311229067,0.383952941620253));
#9049=CARTESIAN_POINT('',(78.0416666666667,51.8353823843648,0.397692744991511));
#9050=CARTESIAN_POINT('',(78.0416666666667,43.0892400737692,0.370213138248995));
#9051=CARTESIAN_POINT('Origin',(79.7777777777778,47.4138323222968,0.883876789198448));
#9052=CARTESIAN_POINT('',(79.7777777777778,47.4138323222968,0.883876789198448));
#9053=CARTESIAN_POINT('',(79.7777777777778,47.4138323222968,0.883876789198448));
#9054=CARTESIAN_POINT('',(79.7777777777778,47.4138323222968,0.883876789198448));
#9055=CARTESIAN_POINT('Origin',(74.5694444444445,51.8353823843648,0.397692744991511));
#9056=CARTESIAN_POINT('',(74.5694444444445,51.7869034775946,0.897616592569707));
#9057=CARTESIAN_POINT('',(74.5694444444445,51.7869034775946,0.897616592569707));
#9058=CARTESIAN_POINT('',(74.5694444444445,51.7869034775946,0.897616592569707));
#9059=CARTESIAN_POINT('Origin',(78.0416666666667,51.8353823843648,0.397692744991511));
#9060=CARTESIAN_POINT('',(78.0416666666667,51.7869034775946,0.897616592569707));
#9061=CARTESIAN_POINT('',(78.0416666666667,51.7869034775946,0.897616592569707));
#9062=CARTESIAN_POINT('',(79.7777777777778,47.4138323222968,0.883876789198448));
#9063=CARTESIAN_POINT('Origin',(78.0416666666667,43.0407611669989,0.870136985827191));
#9064=CARTESIAN_POINT('',(78.0416666666667,51.7869034775946,0.897616592569707));
#9065=CARTESIAN_POINT('Origin',(74.5694444444445,51.7869034775946,0.897616592569707));
#9066=CARTESIAN_POINT('Origin',(62.7638888888889,65.3080777439112,0.440022763998124));
#9067=CARTESIAN_POINT('',(59.2916666666667,65.3080777439112,0.440022763998124));
#9068=CARTESIAN_POINT('',(57.5555555555556,69.681148899209,0.453762567369382));
#9069=CARTESIAN_POINT('',(59.2916666666667,65.3080777439112,0.440022763998124));
#9070=CARTESIAN_POINT('',(59.2916666666667,74.0542201749019,0.46750237111891));
#9071=CARTESIAN_POINT('',(57.5555555555556,69.681148899209,0.453762567369382));
#9072=CARTESIAN_POINT('',(62.7638888888889,74.0542201749019,0.46750237111891));
#9073=CARTESIAN_POINT('',(62.7638888888889,74.0542201749019,0.46750237111891));
#9074=CARTESIAN_POINT('',(64.5,69.681148899209,0.453762567369382));
#9075=CARTESIAN_POINT('',(64.5,69.681148899209,0.453762567369382));
#9076=CARTESIAN_POINT('',(62.7638888888889,65.3080777439112,0.440022763998124));
#9077=CARTESIAN_POINT('',(64.5,69.681148899209,0.453762567369382));
#9078=CARTESIAN_POINT('',(62.7638888888889,65.3080777439112,0.440022763998124));
#9079=CARTESIAN_POINT('Origin',(64.5,69.6326699924388,0.953686414947577));
#9080=CARTESIAN_POINT('',(62.7638888888889,74.0057412681317,0.967426218697106));
#9081=CARTESIAN_POINT('',(62.7638888888889,74.0057412681317,0.967426218697106));
#9082=CARTESIAN_POINT('',(64.5,69.6326699924388,0.953686414947577));
#9083=CARTESIAN_POINT('',(62.7638888888889,74.0057412681317,0.967426218697106));
#9084=CARTESIAN_POINT('',(64.5,69.6326699924388,0.953686414947577));
#9085=CARTESIAN_POINT('Origin',(64.5,69.6326699924388,0.953686414947577));
#9086=CARTESIAN_POINT('',(62.7638888888889,65.259598837141,0.939946611576319));
#9087=CARTESIAN_POINT('',(64.5,69.6326699924388,0.953686414947577));
#9088=CARTESIAN_POINT('',(62.7638888888889,65.259598837141,0.939946611576319));
#9089=CARTESIAN_POINT('Origin',(59.2916666666667,74.0542201749019,0.46750237111891));
#9090=CARTESIAN_POINT('',(59.2916666666667,74.0057412681317,0.967426218697106));
#9091=CARTESIAN_POINT('',(57.5555555555556,69.6326699924388,0.953686414947577));
#9092=CARTESIAN_POINT('',(59.2916666666667,74.0057412681317,0.967426218697106));
#9093=CARTESIAN_POINT('',(59.2916666666667,74.0057412681317,0.967426218697106));
#9094=CARTESIAN_POINT('',(57.5555555555556,69.6326699924388,0.953686414947577));
#9095=CARTESIAN_POINT('Origin',(62.7638888888889,74.0057412681317,0.967426218697106));
#9096=CARTESIAN_POINT('',(62.7638888888889,74.0057412681317,0.967426218697106));
#9097=CARTESIAN_POINT('Origin',(62.7638888888889,65.259598837141,0.939946611576319));
#9098=CARTESIAN_POINT('',(59.2916666666667,65.259598837141,0.939946611576319));
#9099=CARTESIAN_POINT('',(62.7638888888889,65.259598837141,0.939946611576319));
#9100=CARTESIAN_POINT('',(59.2916666666667,65.259598837141,0.939946611576319));
#9101=CARTESIAN_POINT('Origin',(57.5555555555556,69.6326699924388,0.953686414947577));
#9102=CARTESIAN_POINT('',(57.5555555555556,69.6326699924388,0.953686414947577));
#9103=CARTESIAN_POINT('Origin',(57.5555555555556,69.6326699924388,0.953686414947577));
#9104=CARTESIAN_POINT('Origin',(70.4027777777778,48.5954705845344,0.887589392264473));
#9105=CARTESIAN_POINT('',(70.4027777777778,48.6439494913047,0.387665544686277));
#9106=CARTESIAN_POINT('',(72.1388888888889,53.0170206466025,0.401405348057535));
#9107=CARTESIAN_POINT('',(70.4027777777778,48.6439494913047,0.387665544686277));
#9108=CARTESIAN_POINT('',(72.1388888888889,52.9685417398323,0.901329195635731));
#9109=CARTESIAN_POINT('',(72.1388888888889,52.9685417398323,0.901329195635731));
#9110=CARTESIAN_POINT('',(70.4027777777778,48.5954705845344,0.887589392264473));
#9111=CARTESIAN_POINT('',(70.4027777777778,48.5954705845344,0.887589392264473));
#9112=CARTESIAN_POINT('',(70.4027777777778,48.5954705845344,0.887589392264473));
#9113=CARTESIAN_POINT('Origin',(70.4027777777778,48.5954705845344,0.887589392264473));
#9114=CARTESIAN_POINT('',(66.9305555555556,48.5954705845344,0.887589392264473));
#9115=CARTESIAN_POINT('',(66.9305555555556,48.5954705845344,0.887589392264473));
#9116=CARTESIAN_POINT('',(66.9305555555556,48.6439494913047,0.387665544686277));
#9117=CARTESIAN_POINT('',(66.9305555555556,48.5954705845344,0.887589392264473));
#9118=CARTESIAN_POINT('',(66.9305555555556,48.6439494913047,0.387665544686277));
#9119=CARTESIAN_POINT('Origin',(66.9305555555556,57.3900918019003,0.415145151428793));
#9120=CARTESIAN_POINT('',(70.4027777777778,57.3900918019003,0.415145151428793));
#9121=CARTESIAN_POINT('',(66.9305555555556,57.3900918019003,0.415145151428793));
#9122=CARTESIAN_POINT('',(70.4027777777778,57.3900918019003,0.415145151428793));
#9123=CARTESIAN_POINT('',(70.4027777777778,57.3900918019003,0.415145151428793));
#9124=CARTESIAN_POINT('',(65.1944444444445,53.0170206466025,0.401405348057535));
#9125=CARTESIAN_POINT('',(65.1944444444445,53.0170206466025,0.401405348057535));
#9126=CARTESIAN_POINT('',(66.9305555555556,57.3900918019003,0.415145151428793));
#9127=CARTESIAN_POINT('Origin',(72.1388888888889,52.9685417398323,0.901329195635731));
#9128=CARTESIAN_POINT('',(70.4027777777778,57.3416128951301,0.915068999006989));
#9129=CARTESIAN_POINT('',(70.4027777777778,57.3416128951301,0.915068999006989));
#9130=CARTESIAN_POINT('',(70.4027777777778,57.3416128951301,0.915068999006989));
#9131=CARTESIAN_POINT('Origin',(65.1944444444445,52.9685417398323,0.901329195635731));
#9132=CARTESIAN_POINT('',(65.1944444444445,52.9685417398323,0.901329195635731));
#9133=CARTESIAN_POINT('',(65.1944444444445,52.9685417398323,0.901329195635731));
#9134=CARTESIAN_POINT('',(65.1944444444445,52.9685417398323,0.901329195635731));
#9135=CARTESIAN_POINT('Origin',(66.9305555555556,57.3416128951301,0.915068999006989));
#9136=CARTESIAN_POINT('',(66.9305555555556,57.3416128951301,0.915068999006989));
#9137=CARTESIAN_POINT('',(66.9305555555556,57.3416128951301,0.915068999006989));
#9138=CARTESIAN_POINT('',(66.9305555555556,57.3416128951301,0.915068999006989));
#9139=CARTESIAN_POINT('Origin',(66.9305555555556,57.3900918019003,0.415145151428793));
#9140=CARTESIAN_POINT('',(66.9305555555556,57.3416128951301,0.915068999006989));
#9141=CARTESIAN_POINT('Origin',(70.4027777777778,57.3416128951301,0.915068999006989));
#9142=CARTESIAN_POINT('Origin',(70.4027777777778,35.1712560580797,0.345335531731996));
#9143=CARTESIAN_POINT('',(66.9305555555556,35.1712560580797,0.345335531731996));
#9144=CARTESIAN_POINT('',(65.1944444444445,30.7981829764605,0.331595722308406));
#9145=CARTESIAN_POINT('',(66.9305555555556,35.1712560580797,0.345335531731996));
#9146=CARTESIAN_POINT('',(70.4027777777778,35.1712560580797,0.345335531731996));
#9147=CARTESIAN_POINT('',(70.4027777777778,35.1712560580797,0.345335531731996));
#9148=CARTESIAN_POINT('',(72.1388888888889,30.7981829764605,0.331595722308406));
#9149=CARTESIAN_POINT('',(70.4027777777778,35.1712560580797,0.345335531731996));
#9150=CARTESIAN_POINT('',(72.1388888888889,30.7981829764605,0.331595722308406));
#9151=CARTESIAN_POINT('Origin',(72.1388888888889,30.7981829764605,0.331595722308406));
#9152=CARTESIAN_POINT('',(65.1944444444445,30.7497040696902,0.831519569886602));
#9153=CARTESIAN_POINT('',(65.1944444444445,30.7497040696902,0.831519569886602));
#9154=CARTESIAN_POINT('',(72.1388888888889,30.7497040696902,0.831519569886602));
#9155=CARTESIAN_POINT('',(72.1388888888889,30.7497040696902,0.831519569886602));
#9156=CARTESIAN_POINT('',(72.1388888888889,30.7497040696902,0.831519569886602));
#9157=CARTESIAN_POINT('Origin',(72.1388888888889,30.7497040696902,0.831519569886602));
#9158=CARTESIAN_POINT('',(70.4027777777778,35.1227771513094,0.845259379310191));
#9159=CARTESIAN_POINT('',(70.4027777777778,35.1227771513094,0.845259379310191));
#9160=CARTESIAN_POINT('',(72.1388888888889,30.7497040696902,0.831519569886602));
#9161=CARTESIAN_POINT('Origin',(66.9305555555556,35.1712560580797,0.345335531731996));
#9162=CARTESIAN_POINT('',(66.9305555555556,35.1227771513094,0.845259379310191));
#9163=CARTESIAN_POINT('',(66.9305555555556,35.1227771513094,0.845259379310191));
#9164=CARTESIAN_POINT('',(66.9305555555556,35.1227771513094,0.845259379310191));
#9165=CARTESIAN_POINT('Origin',(70.4027777777778,35.1227771513094,0.845259379310191));
#9166=CARTESIAN_POINT('',(70.4027777777778,35.1227771513094,0.845259379310191));
#9167=CARTESIAN_POINT('Origin',(66.9305555555556,35.1227771513094,0.845259379310191));
#9168=CARTESIAN_POINT('Origin',(78.0416666666667,65.3080777439112,0.440022763998124));
#9169=CARTESIAN_POINT('',(74.5694444444445,74.0542201749019,0.46750237111891));
#9170=CARTESIAN_POINT('',(78.0416666666667,74.0542201749019,0.46750237111891));
#9171=CARTESIAN_POINT('',(74.5694444444445,74.0542201749019,0.46750237111891));
#9172=CARTESIAN_POINT('',(79.7777777777778,69.681148899209,0.453762567369382));
#9173=CARTESIAN_POINT('',(79.7777777777778,69.681148899209,0.453762567369382));
#9174=CARTESIAN_POINT('',(78.0416666666667,65.3080777439112,0.440022763998124));
#9175=CARTESIAN_POINT('',(78.0416666666667,65.3080777439112,0.440022763998124));
#9176=CARTESIAN_POINT('',(74.5694444444445,65.3080777439112,0.440022763998124));
#9177=CARTESIAN_POINT('',(74.5694444444445,65.3080777439112,0.440022763998124));
#9178=CARTESIAN_POINT('',(72.8333333333333,69.681148899209,0.453762567369382));
#9179=CARTESIAN_POINT('',(72.8333333333333,69.681148899209,0.453762567369382));
#9180=CARTESIAN_POINT('',(74.5694444444445,74.0542201749019,0.46750237111891));
#9181=CARTESIAN_POINT('Origin',(74.5694444444445,74.0542201749019,0.46750237111891));
#9182=CARTESIAN_POINT('',(74.5694444444445,74.0057412681317,0.967426218697106));
#9183=CARTESIAN_POINT('',(72.8333333333333,69.6326699924388,0.953686414947577));
#9184=CARTESIAN_POINT('',(74.5694444444445,74.0057412681317,0.967426218697106));
#9185=CARTESIAN_POINT('',(74.5694444444445,74.0542201749019,0.46750237111891));
#9186=CARTESIAN_POINT('',(72.8333333333333,69.6326699924388,0.953686414947577));
#9187=CARTESIAN_POINT('Origin',(78.0416666666667,74.0057412681317,0.967426218697106));
#9188=CARTESIAN_POINT('',(78.0416666666667,74.0057412681317,0.967426218697106));
#9189=CARTESIAN_POINT('',(74.5694444444445,74.0057412681317,0.967426218697106));
#9190=CARTESIAN_POINT('',(78.0416666666667,74.0057412681317,0.967426218697106));
#9191=CARTESIAN_POINT('Origin',(74.5694444444445,65.259598837141,0.939946611576319));
#9192=CARTESIAN_POINT('',(78.0416666666667,65.259598837141,0.939946611576319));
#9193=CARTESIAN_POINT('',(78.0416666666667,65.3080777439112,0.440022763998124));
#9194=CARTESIAN_POINT('',(74.5694444444445,65.259598837141,0.939946611576319));
#9195=CARTESIAN_POINT('',(74.5694444444445,65.259598837141,0.939946611576319));
#9196=CARTESIAN_POINT('',(74.5694444444445,65.3080777439112,0.440022763998124));
#9197=CARTESIAN_POINT('Origin',(74.5694444444445,65.259598837141,0.939946611576319));
#9198=CARTESIAN_POINT('',(72.8333333333333,69.6326699924388,0.953686414947577));
#9199=CARTESIAN_POINT('Origin',(78.0416666666667,74.0542201749019,0.46750237111891));
#9200=CARTESIAN_POINT('',(79.7777777777778,69.6326699924388,0.953686414947577));
#9201=CARTESIAN_POINT('',(79.7777777777778,69.6326699924388,0.953686414947577));
#9202=CARTESIAN_POINT('',(78.0416666666667,74.0057412681317,0.967426218697106));
#9203=CARTESIAN_POINT('Origin',(74.5694444444445,74.0057412681317,0.967426218697106));
#9204=CARTESIAN_POINT('',(78.0416666666667,65.259598837141,0.939946611576319));
#9205=CARTESIAN_POINT('Origin',(78.0416666666667,65.259598837141,0.939946611576319));
#9206=CARTESIAN_POINT('Origin',(74.5694444444445,31.9798193123768,0.335308319322099));
#9207=CARTESIAN_POINT('',(72.8333333333333,36.352892393996,0.349048128745688));
#9208=CARTESIAN_POINT('',(74.5694444444445,40.7259654756152,0.362787938169278));
#9209=CARTESIAN_POINT('',(72.8333333333333,36.352892393996,0.349048128745688));
#9210=CARTESIAN_POINT('',(78.0416666666667,40.7259654756152,0.362787938169278));
#9211=CARTESIAN_POINT('',(74.5694444444445,40.7259654756152,0.362787938169278));
#9212=CARTESIAN_POINT('',(79.7777777777778,36.352892393996,0.349048128745688));
#9213=CARTESIAN_POINT('',(79.7777777777778,36.352892393996,0.349048128745688));
#9214=CARTESIAN_POINT('',(78.0416666666667,31.9798193123768,0.335308319322099));
#9215=CARTESIAN_POINT('',(78.0416666666667,31.9798193123768,0.335308319322099));
#9216=CARTESIAN_POINT('',(74.5694444444445,31.9798193123768,0.335308319322099));
#9217=CARTESIAN_POINT('',(74.5694444444445,31.9798193123768,0.335308319322099));
#9218=CARTESIAN_POINT('',(72.8333333333333,36.352892393996,0.349048128745688));
#9219=CARTESIAN_POINT('Origin',(74.5694444444445,31.9313404056066,0.835232166900295));
#9220=CARTESIAN_POINT('',(74.5694444444445,31.9313404056066,0.835232166900295));
#9221=CARTESIAN_POINT('',(78.0416666666667,31.9313404056066,0.835232166900295));
#9222=CARTESIAN_POINT('',(74.5694444444445,31.9313404056066,0.835232166900295));
#9223=CARTESIAN_POINT('',(74.5694444444445,31.9313404056066,0.835232166900295));
#9224=CARTESIAN_POINT('',(78.0416666666667,31.9313404056066,0.835232166900295));
#9225=CARTESIAN_POINT('Origin',(72.8333333333333,36.3044134872258,0.848971976323884));
#9226=CARTESIAN_POINT('',(72.8333333333333,36.3044134872258,0.848971976323884));
#9227=CARTESIAN_POINT('',(72.8333333333333,36.3044134872258,0.848971976323884));
#9228=CARTESIAN_POINT('',(72.8333333333333,36.3044134872258,0.848971976323884));
#9229=CARTESIAN_POINT('Origin',(78.0416666666667,40.7259654756152,0.362787938169278));
#9230=CARTESIAN_POINT('',(74.5694444444445,40.6774865688449,0.862711785747474));
#9231=CARTESIAN_POINT('',(78.0416666666667,40.6774865688449,0.862711785747474));
#9232=CARTESIAN_POINT('',(74.5694444444445,40.6774865688449,0.862711785747474));
#9233=CARTESIAN_POINT('',(78.0416666666667,40.6774865688449,0.862711785747474));
#9234=CARTESIAN_POINT('',(74.5694444444445,40.6774865688449,0.862711785747474));
#9235=CARTESIAN_POINT('Origin',(78.0416666666667,40.7259654756152,0.362787938169278));
#9236=CARTESIAN_POINT('',(79.7777777777778,36.3044134872258,0.848971976323884));
#9237=CARTESIAN_POINT('',(79.7777777777778,36.3044134872258,0.848971976323884));
#9238=CARTESIAN_POINT('',(79.7777777777778,36.3044134872258,0.848971976323884));
#9239=CARTESIAN_POINT('Origin',(79.7777777777778,36.3044134872258,0.848971976323884));
#9240=CARTESIAN_POINT('',(79.7777777777778,36.3044134872258,0.848971976323884));
#9241=CARTESIAN_POINT('Origin',(74.5694444444445,40.6774865688449,0.862711785747474));
#9242=CARTESIAN_POINT('',(74.5694444444445,40.6774865688449,0.862711785747474));
#9243=CARTESIAN_POINT('Origin',(72.8333333333333,36.352892393996,0.349048128745688));
#9244=CARTESIAN_POINT('Origin',(72.1388888888889,41.8591229047613,0.866424382761166));
#9245=CARTESIAN_POINT('',(70.4027777777778,37.5345287299123,0.352760725759381));
#9246=CARTESIAN_POINT('',(72.1388888888889,41.9076018115315,0.366500535182971));
#9247=CARTESIAN_POINT('',(70.4027777777778,37.5345287299123,0.352760725759381));
#9248=CARTESIAN_POINT('',(72.1388888888889,41.8591229047613,0.866424382761166));
#9249=CARTESIAN_POINT('',(72.1388888888889,41.8591229047613,0.866424382761166));
#9250=CARTESIAN_POINT('',(70.4027777777778,37.4860498231421,0.852684573337577));
#9251=CARTESIAN_POINT('',(72.1388888888889,41.8591229047613,0.866424382761166));
#9252=CARTESIAN_POINT('',(70.4027777777778,37.4860498231421,0.852684573337577));
#9253=CARTESIAN_POINT('Origin',(70.4027777777778,37.5345287299123,0.352760725759381));
#9254=CARTESIAN_POINT('',(70.4027777777778,46.2806729668293,0.380240338554229));
#9255=CARTESIAN_POINT('',(72.1388888888889,41.9076018115315,0.366500535182971));
#9256=CARTESIAN_POINT('',(66.9305555555556,37.5345287299123,0.352760725759381));
#9257=CARTESIAN_POINT('',(66.9305555555556,37.5345287299123,0.352760725759381));
#9258=CARTESIAN_POINT('',(65.1944444444445,41.9076018115315,0.366500535182971));
#9259=CARTESIAN_POINT('',(66.9305555555556,37.5345287299123,0.352760725759381));
#9260=CARTESIAN_POINT('',(66.9305555555556,46.2806729668293,0.380240338554229));
#9261=CARTESIAN_POINT('',(65.1944444444445,41.9076018115315,0.366500535182971));
#9262=CARTESIAN_POINT('',(66.9305555555556,46.2806729668293,0.380240338554229));
#9263=CARTESIAN_POINT('Origin',(70.4027777777778,37.4860498231421,0.852684573337577));
#9264=CARTESIAN_POINT('',(66.9305555555556,37.4860498231421,0.852684573337577));
#9265=CARTESIAN_POINT('',(66.9305555555556,37.4860498231421,0.852684573337577));
#9266=CARTESIAN_POINT('',(66.9305555555556,37.4860498231421,0.852684573337577));
#9267=CARTESIAN_POINT('Origin',(70.4027777777778,46.2321940600591,0.880164186132424));
#9268=CARTESIAN_POINT('',(66.9305555555556,46.2321940600591,0.880164186132424));
#9269=CARTESIAN_POINT('',(66.9305555555556,46.2321940600591,0.880164186132424));
#9270=CARTESIAN_POINT('',(70.4027777777778,46.2321940600591,0.880164186132424));
#9271=CARTESIAN_POINT('',(66.9305555555556,46.2321940600591,0.880164186132424));
#9272=CARTESIAN_POINT('',(70.4027777777778,46.2321940600591,0.880164186132424));
#9273=CARTESIAN_POINT('Origin',(70.4027777777778,46.2806729668293,0.380240338554229));
#9274=CARTESIAN_POINT('',(72.1388888888889,41.8591229047613,0.866424382761166));
#9275=CARTESIAN_POINT('Origin',(65.1944444444445,41.8591229047613,0.866424382761166));
#9276=CARTESIAN_POINT('',(65.1944444444445,41.8591229047613,0.866424382761166));
#9277=CARTESIAN_POINT('',(65.1944444444445,41.8591229047613,0.866424382761166));
#9278=CARTESIAN_POINT('',(65.1944444444445,41.8591229047613,0.866424382761166));
#9279=CARTESIAN_POINT('Origin',(70.4027777777778,37.4860498231421,0.852684573337577));
#9280=CARTESIAN_POINT('',(65.1944444444445,41.8591229047613,0.866424382761166));
#9281=CARTESIAN_POINT('Origin',(66.9305555555556,46.2806729668293,0.380240338554229));
#9282=CARTESIAN_POINT('Origin',(62.7638888888889,62.8963223126656,0.932521405444271));
#9283=CARTESIAN_POINT('',(59.2916666666667,62.9448012194358,0.432597557866075));
#9284=CARTESIAN_POINT('',(62.7638888888889,62.9448012194358,0.432597557866075));
#9285=CARTESIAN_POINT('',(59.2916666666667,62.9448012194358,0.432597557866075));
#9286=CARTESIAN_POINT('',(59.2916666666667,62.8963223126656,0.932521405444271));
#9287=CARTESIAN_POINT('',(59.2916666666667,62.8963223126656,0.932521405444271));
#9288=CARTESIAN_POINT('',(62.7638888888889,62.8963223126656,0.932521405444271));
#9289=CARTESIAN_POINT('',(59.2916666666667,62.8963223126656,0.932521405444271));
#9290=CARTESIAN_POINT('',(62.7638888888889,62.8963223126656,0.932521405444271));
#9291=CARTESIAN_POINT('Origin',(59.2916666666667,62.9448012194358,0.432597557866075));
#9292=CARTESIAN_POINT('',(59.2916666666667,54.1986589088402,0.405117951123559));
#9293=CARTESIAN_POINT('',(62.7638888888889,54.1986589088402,0.405117951123559));
#9294=CARTESIAN_POINT('',(59.2916666666667,54.1986589088402,0.405117951123559));
#9295=CARTESIAN_POINT('',(57.5555555555556,58.571730064138,0.418857754494817));
#9296=CARTESIAN_POINT('',(57.5555555555556,58.571730064138,0.418857754494817));
#9297=CARTESIAN_POINT('',(57.5555555555556,58.571730064138,0.418857754494817));
#9298=CARTESIAN_POINT('',(64.5,58.571730064138,0.418857754494817));
#9299=CARTESIAN_POINT('',(64.5,58.571730064138,0.418857754494817));
#9300=CARTESIAN_POINT('',(64.5,58.571730064138,0.418857754494817));
#9301=CARTESIAN_POINT('Origin',(59.2916666666667,62.8963223126656,0.932521405444271));
#9302=CARTESIAN_POINT('',(57.5555555555556,58.5232511573678,0.918781602073013));
#9303=CARTESIAN_POINT('',(57.5555555555556,58.5232511573678,0.918781602073013));
#9304=CARTESIAN_POINT('',(59.2916666666667,62.8963223126656,0.932521405444271));
#9305=CARTESIAN_POINT('Origin',(64.5,58.5232511573678,0.918781602073013));
#9306=CARTESIAN_POINT('',(64.5,58.5232511573678,0.918781602073013));
#9307=CARTESIAN_POINT('',(64.5,58.5232511573678,0.918781602073013));
#9308=CARTESIAN_POINT('',(62.7638888888889,54.15018000207,0.905041798701755));
#9309=CARTESIAN_POINT('',(64.5,58.5232511573678,0.918781602073013));
#9310=CARTESIAN_POINT('',(62.7638888888889,54.15018000207,0.905041798701755));
#9311=CARTESIAN_POINT('Origin',(62.7638888888889,54.1986589088402,0.405117951123559));
#9312=CARTESIAN_POINT('',(59.2916666666667,54.15018000207,0.905041798701755));
#9313=CARTESIAN_POINT('',(59.2916666666667,54.15018000207,0.905041798701755));
#9314=CARTESIAN_POINT('',(59.2916666666667,54.15018000207,0.905041798701755));
#9315=CARTESIAN_POINT('Origin',(62.7638888888889,62.8963223126656,0.932521405444271));
#9316=CARTESIAN_POINT('',(57.5555555555556,58.5232511573678,0.918781602073013));
#9317=CARTESIAN_POINT('',(62.7638888888889,62.8963223126656,0.932521405444271));
#9318=CARTESIAN_POINT('Origin',(64.5,58.5232511573678,0.918781602073013));
#9319=CARTESIAN_POINT('Origin',(57.5555555555556,58.5232511573678,0.918781602073013));
#9320=CARTESIAN_POINT('Origin',(94.9999999999996,95.0815658569337,-0.00850000000001864));
#9321=CARTESIAN_POINT('',(89.9914999999996,95.0815658569337,1.09580420549071));
#9322=CARTESIAN_POINT('Origin',(94.9999999999996,95.0815658569337,1.09580420549071));
#9323=CARTESIAN_POINT('',(89.9914999999996,95.0815658569337,10.9915));
#9324=CARTESIAN_POINT('',(89.9914999999996,95.0815658569337,-0.00850000000001864));
#9325=CARTESIAN_POINT('Origin',(94.9999999999996,95.0815658569337,10.9915));
#9326=CARTESIAN_POINT('Origin',(94.9999999999998,-89.9184341430666,-1.00849999999998));
#9327=CARTESIAN_POINT('',(94.9999999999998,-94.9269341430666,0.601524445471228));
#9328=CARTESIAN_POINT('Origin',(94.9999999999998,-89.9184341430666,0.614553337221111));
#9329=CARTESIAN_POINT('',(94.9999999999998,-94.9269341430666,10.9915));
#9330=CARTESIAN_POINT('',(94.9999999999998,-94.9269341430666,-1.00849999999998));
#9331=CARTESIAN_POINT('Origin',(94.9999999999998,-89.9184341430666,10.9915));
#9332=CARTESIAN_POINT('Origin',(-85.,-89.9184341430664,-3.00849999999998));
#9333=CARTESIAN_POINT('',(-90.0085,-89.9184341430664,0.614553337221108));
#9334=CARTESIAN_POINT('Origin',(-85.,-89.9184341430664,0.614553337221108));
#9335=CARTESIAN_POINT('',(-90.0085,-89.9184341430664,10.9915));
#9336=CARTESIAN_POINT('',(-90.0085,-89.9184341430664,-3.00849999999998));
#9337=CARTESIAN_POINT('Origin',(-85.,-89.9184341430664,10.9915));
#9338=CARTESIAN_POINT('Origin',(-85.,95.0815658569336,-1.00850000000002));
#9339=CARTESIAN_POINT('',(-90.0085,95.0815658569336,1.09580420549071));
#9340=CARTESIAN_POINT('Origin',(-85.,95.0815658569336,1.09580420549071));
#9341=CARTESIAN_POINT('',(-90.0085,95.0815658569336,10.9915));
#9342=CARTESIAN_POINT('',(-90.0085,95.0815658569336,-1.00850000000002));
#9343=CARTESIAN_POINT('Origin',(-85.,95.0815658569336,10.9915));
#9344=CARTESIAN_POINT('Origin',(30.5,-1.9184341430664,10.9915));
#9345=CARTESIAN_POINT('',(-92.4444444444445,-97.3470003052594,10.9915));
#9346=CARTESIAN_POINT('',(-92.4444444444444,102.000214310848,10.9915));
#9347=CARTESIAN_POINT('',(-92.4444444444444,0.218539876225259,10.9915));
#9348=CARTESIAN_POINT('',(102.,-97.3470003052594,10.9915));
#9349=CARTESIAN_POINT('',(17.6388888888889,-97.3470003052595,10.9915));
#9350=CARTESIAN_POINT('',(102.,102.000214310848,10.9915));
#9351=CARTESIAN_POINT('',(102.,0.218539876225247,10.9915));
#9352=CARTESIAN_POINT('',(17.6388888888889,102.000214310848,10.9915));
#9353=CARTESIAN_POINT('Origin',(102.,2.3555138955169,23.7593102141888));
#9354=CARTESIAN_POINT('',(102.,-97.3705380658998,0.595167761635712));
#9355=CARTESIAN_POINT('',(102.,-97.3186804523063,23.5000221462214));
#9356=CARTESIAN_POINT('',(102.,101.977850629747,1.11374389757044));
#9357=CARTESIAN_POINT('',(102.,2.30365628192341,0.854455829603077));
#9358=CARTESIAN_POINT('',(102.,102.02970824334,24.0185982821561));
#9359=CARTESIAN_POINT('Origin',(4.77777777777777,-97.3186804523063,23.5000221462214));
#9360=CARTESIAN_POINT('',(-92.4444444444444,-97.3705380658998,0.595167761635709));
#9361=CARTESIAN_POINT('',(-92.4444444444445,-97.3186804523063,23.5000221462214));
#9362=CARTESIAN_POINT('',(4.77777777777777,-97.3705380658998,0.595167761635711));
#9363=CARTESIAN_POINT('Origin',(-65.0138888888889,72.2938119200624,3.65420737083838));
#9364=CARTESIAN_POINT('',(-65.0138888888889,72.2878853356517,1.0365097268857));
#9365=CARTESIAN_POINT('',(-68.4861111111111,72.2878853356517,1.0365097268857));
#9366=CARTESIAN_POINT('',(-30.1180555555556,72.2878853356518,1.0365097268857));
#9367=CARTESIAN_POINT('',(-65.0138888888889,72.2864036895491,0.382085315897565));
#9368=CARTESIAN_POINT('',(-65.0138888888889,72.2938119200624,3.65420737083838));
#9369=CARTESIAN_POINT('',(-68.4861111111111,72.2864036895491,0.382085315897565));
#9370=CARTESIAN_POINT('',(-68.4861111111111,72.2864036895491,0.382085315897565));
#9371=CARTESIAN_POINT('',(-68.4861111111111,72.2938119200624,3.65420737083838));
#9372=CARTESIAN_POINT('Origin',(-63.2777777777778,67.809767723475,3.64254277536288));
#9373=CARTESIAN_POINT('',(-63.2777777777778,67.8038411390643,1.0248451314102));
#9374=CARTESIAN_POINT('',(-47.8169608428211,27.8714969428893,0.920966886456419));
#9375=CARTESIAN_POINT('',(-63.2777777777778,67.8023594929617,0.370420720422068));
#9376=CARTESIAN_POINT('',(-63.2777777777778,67.809767723475,3.64254277536288));
#9377=CARTESIAN_POINT('',(-63.2777777777778,67.8023594929617,0.370420720422068));
#9378=CARTESIAN_POINT('Origin',(-63.2777777777778,67.809767723475,3.64254277536288));
#9379=CARTESIAN_POINT('',(-65.0138888888889,63.319796942477,1.0131805359347));
#9380=CARTESIAN_POINT('',(-69.866739594182,50.7858082462995,0.980575168675694));
#9381=CARTESIAN_POINT('',(-65.0138888888889,63.3183152963743,0.35875612494657));
#9382=CARTESIAN_POINT('',(-65.0138888888889,63.3257235268876,3.63087817988739));
#9383=CARTESIAN_POINT('',(-63.2777777777778,67.8023594929617,0.370420720422068));
#9384=CARTESIAN_POINT('Origin',(-68.4861111111111,72.2864036895491,0.382085315897565));
#9385=CARTESIAN_POINT('',(-68.4861111111111,63.3183152963743,0.35875612494657));
#9386=CARTESIAN_POINT('',(-68.4861111111111,63.3183152963743,0.35875612494657));
#9387=CARTESIAN_POINT('',(-70.2222222222222,67.8023594929617,0.370420720422068));
#9388=CARTESIAN_POINT('',(-70.2222222222222,67.8023594929617,0.370420720422068));
#9389=CARTESIAN_POINT('',(-70.2222222222222,67.8023594929617,0.370420720422068));
#9390=CARTESIAN_POINT('Origin',(-68.4861111111111,72.2938119200624,3.65420737083838));
#9391=CARTESIAN_POINT('',(-70.2222222222222,67.8038411390643,1.0248451314102));
#9392=CARTESIAN_POINT('',(-75.490482813757,54.1969278600733,0.989448705302181));
#9393=CARTESIAN_POINT('',(-70.2222222222222,67.809767723475,3.64254277536288));
#9394=CARTESIAN_POINT('Origin',(-65.0138888888889,63.3183152963743,0.35875612494657));
#9395=CARTESIAN_POINT('',(-68.4861111111111,63.319796942477,1.0131805359347));
#9396=CARTESIAN_POINT('',(-30.1180555555556,63.319796942477,1.0131805359347));
#9397=CARTESIAN_POINT('',(-68.4861111111111,63.3257235268876,3.63087817988739));
#9398=CARTESIAN_POINT('Origin',(-70.2222222222222,67.809767723475,3.64254277536288));
#9399=CARTESIAN_POINT('',(-54.3087596179516,26.7023994274092,0.91792564756768));
#9400=CARTESIAN_POINT('Origin',(-54.9444444444444,67.8023594929617,0.370420720422068));
#9401=CARTESIAN_POINT('',(-54.9444444444444,67.8038411390643,1.0248451314102));
#9402=CARTESIAN_POINT('',(-53.2083333333333,63.319796942477,1.0131805359347));
#9403=CARTESIAN_POINT('',(-40.0241221488474,29.2674916090118,0.924598365619506));
#9404=CARTESIAN_POINT('',(-54.9444444444444,67.8023594929617,0.370420720422068));
#9405=CARTESIAN_POINT('',(-54.9444444444444,67.809767723475,3.64254277536288));
#9406=CARTESIAN_POINT('',(-53.2083333333333,63.3183152963743,0.35875612494657));
#9407=CARTESIAN_POINT('',(-54.9444444444444,67.8023594929617,0.370420720422068));
#9408=CARTESIAN_POINT('',(-53.2083333333333,63.3257235268876,3.63087817988739));
#9409=CARTESIAN_POINT('Origin',(-53.2083333333333,72.2864036895491,0.382085315897565));
#9410=CARTESIAN_POINT('',(-53.2083333333333,72.2878853356518,1.0365097268857));
#9411=CARTESIAN_POINT('',(-61.2112056722869,51.6179909735635,0.982739972243558));
#9412=CARTESIAN_POINT('',(-53.2083333333333,72.2864036895491,0.382085315897565));
#9413=CARTESIAN_POINT('',(-53.2083333333333,72.2864036895491,0.382085315897565));
#9414=CARTESIAN_POINT('',(-53.2083333333333,72.2864036895491,0.382085315897565));
#9415=CARTESIAN_POINT('Origin',(-53.2083333333333,72.2864036895491,0.382085315897565));
#9416=CARTESIAN_POINT('',(-49.7361111111111,72.2878853356518,1.0365097268857));
#9417=CARTESIAN_POINT('',(-24.2152777777778,72.2878853356518,1.0365097268857));
#9418=CARTESIAN_POINT('',(-49.7361111111111,72.2864036895491,0.382085315897565));
#9419=CARTESIAN_POINT('',(-49.7361111111111,72.2864036895491,0.382085315897565));
#9420=CARTESIAN_POINT('',(-53.2083333333333,72.2864036895491,0.382085315897565));
#9421=CARTESIAN_POINT('Origin',(-48.,67.809767723475,3.64254277536288));
#9422=CARTESIAN_POINT('',(-49.7361111111111,63.319796942477,1.0131805359347));
#9423=CARTESIAN_POINT('',(-48.,67.8038411390643,1.0248451314102));
#9424=CARTESIAN_POINT('',(-55.5847822888948,48.2137937122433,0.973884443120469));
#9425=CARTESIAN_POINT('',(-49.7361111111111,63.3183152963743,0.35875612494657));
#9426=CARTESIAN_POINT('',(-49.7361111111111,63.3257235268876,3.63087817988739));
#9427=CARTESIAN_POINT('',(-48.,67.8023594929617,0.370420720422068));
#9428=CARTESIAN_POINT('',(-49.7361111111111,63.3183152963743,0.35875612494657));
#9429=CARTESIAN_POINT('',(-48.,67.809767723475,3.64254277536288));
#9430=CARTESIAN_POINT('Origin',(-49.7361111111111,63.3257235268876,3.63087817988739));
#9431=CARTESIAN_POINT('',(-22.4791666666667,63.319796942477,1.0131805359347));
#9432=CARTESIAN_POINT('',(-49.7361111111111,63.3183152963743,0.35875612494657));
#9433=CARTESIAN_POINT('Origin',(-48.,67.809767723475,3.64254277536288));
#9434=CARTESIAN_POINT('',(-33.5350035375339,30.4435114769456,0.927657612011644));
#9435=CARTESIAN_POINT('',(-49.7361111111111,72.2864036895491,0.382085315897565));
#9436=CARTESIAN_POINT('Origin',(-53.2083333333333,63.3183152963743,0.35875612494657));
#9437=CARTESIAN_POINT('Origin',(-62.5833333333333,50.7227629781339,3.59809339228276));
#9438=CARTESIAN_POINT('',(-62.5833333333333,50.7168363937232,0.980395748330081));
#9439=CARTESIAN_POINT('',(-60.8472222222222,46.2327902219313,0.968731147716374));
#9440=CARTESIAN_POINT('',(-50.0444044191986,18.3311579449439,0.896149067935622));
#9441=CARTESIAN_POINT('',(-62.5833333333333,50.7153547476206,0.325971337341945));
#9442=CARTESIAN_POINT('',(-62.5833333333333,50.7227629781339,3.59809339228276));
#9443=CARTESIAN_POINT('',(-60.8472222222222,46.2313085758286,0.314306736728238));
#9444=CARTESIAN_POINT('',(-60.8472222222222,46.2313085758286,0.314306736728238));
#9445=CARTESIAN_POINT('',(-60.8472222222222,46.238716806342,3.58642879166905));
#9446=CARTESIAN_POINT('Origin',(-60.8472222222222,55.199398944208,0.337635932817443));
#9447=CARTESIAN_POINT('',(-60.8472222222222,55.2008805903106,0.992060343805578));
#9448=CARTESIAN_POINT('',(-65.4755668883911,43.2467482151895,0.960963389292406));
#9449=CARTESIAN_POINT('',(-60.8472222222222,55.199398944208,0.337635932817443));
#9450=CARTESIAN_POINT('',(-60.8472222222222,55.2068071747213,3.60975798775826));
#9451=CARTESIAN_POINT('',(-62.5833333333333,50.7153547476206,0.325971337341945));
#9452=CARTESIAN_POINT('Origin',(-57.375,55.2068071747213,3.60975798775826));
#9453=CARTESIAN_POINT('',(-57.375,55.2008805903106,0.992060343805578));
#9454=CARTESIAN_POINT('',(-26.2986111111111,55.2008805903106,0.992060343805578));
#9455=CARTESIAN_POINT('',(-57.375,55.199398944208,0.337635932817443));
#9456=CARTESIAN_POINT('',(-57.375,55.2068071747213,3.60975798775826));
#9457=CARTESIAN_POINT('',(-60.8472222222222,55.199398944208,0.337635932817443));
#9458=CARTESIAN_POINT('Origin',(-55.6388888888889,50.7227629781339,3.59809339228276));
#9459=CARTESIAN_POINT('',(-57.375,46.2327902219313,0.968731147716374));
#9460=CARTESIAN_POINT('',(-55.6388888888889,50.7168363937232,0.980395748330081));
#9461=CARTESIAN_POINT('',(-59.8491438686175,39.8425452246301,0.952107845265527));
#9462=CARTESIAN_POINT('',(-57.375,46.2313085758286,0.314306736728238));
#9463=CARTESIAN_POINT('',(-57.375,46.238716806342,3.58642879166905));
#9464=CARTESIAN_POINT('',(-55.6388888888889,50.7153547476206,0.325971337341945));
#9465=CARTESIAN_POINT('',(-57.375,46.2313085758286,0.314306736728238));
#9466=CARTESIAN_POINT('',(-55.6388888888889,50.7227629781339,3.59809339228276));
#9467=CARTESIAN_POINT('Origin',(-57.375,46.2313085758286,0.314306736728238));
#9468=CARTESIAN_POINT('',(-55.6388888888889,50.7153547476206,0.325971337341945));
#9469=CARTESIAN_POINT('',(-60.8472222222222,46.2313085758286,0.314306736728238));
#9470=CARTESIAN_POINT('Origin',(-57.375,46.238716806342,3.58642879166905));
#9471=CARTESIAN_POINT('',(-26.2986111111111,46.2327902219313,0.968731147716374));
#9472=CARTESIAN_POINT('Origin',(-57.375,55.199398944208,0.337635932817443));
#9473=CARTESIAN_POINT('',(-44.4179750184553,21.7353539303554,0.905004593739617));
#9474=CARTESIAN_POINT('Origin',(-70.2222222222222,56.4184312265809,3.61290985330947));
#9475=CARTESIAN_POINT('',(-70.2222222222222,56.4125046421703,0.995212209356787));
#9476=CARTESIAN_POINT('',(-68.4861111111111,51.9284604455829,0.98354761388129));
#9477=CARTESIAN_POINT('',(-56.2265045756445,20.2642327438078,0.901177683748504));
#9478=CARTESIAN_POINT('',(-70.2222222222222,56.4110229960676,0.340787798368653));
#9479=CARTESIAN_POINT('',(-70.2222222222222,56.4184312265809,3.61290985330947));
#9480=CARTESIAN_POINT('',(-68.4861111111111,51.9269787994802,0.329123202893155));
#9481=CARTESIAN_POINT('',(-70.2222222222222,56.4110229960676,0.340787798368653));
#9482=CARTESIAN_POINT('',(-68.4861111111111,51.9343870299936,3.60124525783397));
#9483=CARTESIAN_POINT('Origin',(-68.4861111111111,60.895067192655,0.35245239384415));
#9484=CARTESIAN_POINT('',(-68.4861111111111,60.8965488387577,1.00687680483228));
#9485=CARTESIAN_POINT('',(-73.5754180198812,47.7518388240183,0.972682733979606));
#9486=CARTESIAN_POINT('',(-68.4861111111111,60.895067192655,0.35245239384415));
#9487=CARTESIAN_POINT('',(-68.4861111111111,60.9024754231683,3.62457444878497));
#9488=CARTESIAN_POINT('',(-68.4861111111111,60.895067192655,0.35245239384415));
#9489=CARTESIAN_POINT('Origin',(-65.0138888888889,60.9024754231683,3.62457444878497));
#9490=CARTESIAN_POINT('',(-65.0138888888889,60.8965488387577,1.00687680483228));
#9491=CARTESIAN_POINT('',(-30.1180555555556,60.8965488387577,1.00687680483228));
#9492=CARTESIAN_POINT('',(-65.0138888888889,60.895067192655,0.35245239384415));
#9493=CARTESIAN_POINT('',(-65.0138888888889,60.9024754231683,3.62457444878497));
#9494=CARTESIAN_POINT('',(-68.4861111111111,60.895067192655,0.35245239384415));
#9495=CARTESIAN_POINT('Origin',(-68.4861111111111,60.895067192655,0.35245239384415));
#9496=CARTESIAN_POINT('',(-65.0138888888889,51.9269787994802,0.329123202893155));
#9497=CARTESIAN_POINT('',(-68.4861111111111,51.9269787994802,0.329123202893155));
#9498=CARTESIAN_POINT('',(-63.2777777777778,56.4110229960676,0.340787798368653));
#9499=CARTESIAN_POINT('',(-63.2777777777778,56.4110229960676,0.340787798368653));
#9500=CARTESIAN_POINT('',(-65.0138888888889,51.9269787994802,0.329123202893155));
#9501=CARTESIAN_POINT('Origin',(-65.0138888888889,60.9024754231683,3.62457444878497));
#9502=CARTESIAN_POINT('',(-63.2777777777778,56.4125046421703,0.995212209356787));
#9503=CARTESIAN_POINT('',(-50.6027613560695,23.6753523575816,0.910051220374991));
#9504=CARTESIAN_POINT('',(-63.2777777777778,56.4184312265809,3.61290985330947));
#9505=CARTESIAN_POINT('Origin',(-65.0138888888889,51.9269787994802,0.329123202893155));
#9506=CARTESIAN_POINT('',(-65.0138888888889,51.9284604455829,0.98354761388129));
#9507=CARTESIAN_POINT('',(-68.8197303558617,42.0986971119508,0.957976899615371));
#9508=CARTESIAN_POINT('',(-65.0138888888889,51.9343870299936,3.60124525783397));
#9509=CARTESIAN_POINT('Origin',(-65.0138888888889,51.9343870299936,3.60124525783397));
#9510=CARTESIAN_POINT('',(-30.1180555555556,51.9284604455829,0.983547613881291));
#9511=CARTESIAN_POINT('Origin',(-54.9444444444444,45.0270947296869,3.58327693125605));
#9512=CARTESIAN_POINT('',(-54.9444444444444,45.0211681452762,0.965579287303374));
#9513=CARTESIAN_POINT('',(-53.2083333333333,40.5371219734842,0.953914686689667));
#9514=CARTESIAN_POINT('',(-43.8622975516753,16.3980817358157,0.891120448454139));
#9515=CARTESIAN_POINT('',(-54.9444444444444,45.0196864991735,0.311154876315238));
#9516=CARTESIAN_POINT('',(-54.9444444444444,45.0270947296869,3.58327693125605));
#9517=CARTESIAN_POINT('',(-53.2083333333333,40.5356403273816,0.29949027570153));
#9518=CARTESIAN_POINT('',(-54.9444444444444,45.0196864991735,0.311154876315238));
#9519=CARTESIAN_POINT('',(-53.2083333333333,40.5430485578949,3.57161233064235));
#9520=CARTESIAN_POINT('Origin',(-54.9444444444444,45.0196864991735,0.311154876315238));
#9521=CARTESIAN_POINT('',(-53.2083333333333,49.5052143170681,0.977243887917082));
#9522=CARTESIAN_POINT('',(-58.2437719527782,36.4996301005346,0.94341173280054));
#9523=CARTESIAN_POINT('',(-53.2083333333333,49.5037326709655,0.322819476928946));
#9524=CARTESIAN_POINT('',(-53.2083333333333,49.5111409014788,3.59494153186976));
#9525=CARTESIAN_POINT('',(-54.9444444444444,45.0196864991735,0.311154876315238));
#9526=CARTESIAN_POINT('Origin',(-49.7361111111111,49.5037326709655,0.322819476928946));
#9527=CARTESIAN_POINT('',(-49.7361111111111,49.5052143170681,0.977243887917082));
#9528=CARTESIAN_POINT('',(-22.4791666666667,49.5052143170681,0.977243887917082));
#9529=CARTESIAN_POINT('',(-49.7361111111111,49.5037326709655,0.322819476928946));
#9530=CARTESIAN_POINT('',(-49.7361111111111,49.5111409014788,3.59494153186976));
#9531=CARTESIAN_POINT('',(-53.2083333333333,49.5037326709655,0.322819476928946));
#9532=CARTESIAN_POINT('Origin',(-53.2083333333333,40.5356403273816,0.29949027570153));
#9533=CARTESIAN_POINT('',(-48.,45.0196864991735,0.311154876315238));
#9534=CARTESIAN_POINT('',(-48.,45.0196864991735,0.311154876315238));
#9535=CARTESIAN_POINT('',(-49.7361111111111,40.5356403273816,0.29949027570153));
#9536=CARTESIAN_POINT('',(-49.7361111111111,40.5356403273816,0.29949027570153));
#9537=CARTESIAN_POINT('',(-53.2083333333333,40.5356403273816,0.29949027570153));
#9538=CARTESIAN_POINT('Origin',(-53.2083333333333,40.5430485578949,3.57161233064235));
#9539=CARTESIAN_POINT('',(-49.7361111111111,40.5371219734842,0.953914686689667));
#9540=CARTESIAN_POINT('',(-24.2152777777778,40.5371219734842,0.953914686689668));
#9541=CARTESIAN_POINT('',(-49.7361111111111,40.5430485578949,3.57161233064235));
#9542=CARTESIAN_POINT('Origin',(-49.7361111111111,49.5037326709655,0.322819476928946));
#9543=CARTESIAN_POINT('',(-48.,45.0211681452762,0.965579287303374));
#9544=CARTESIAN_POINT('',(-38.2358738223642,19.8022796032287,0.89997597915389));
#9545=CARTESIAN_POINT('',(-48.,45.0270947296869,3.58327693125605));
#9546=CARTESIAN_POINT('Origin',(-48.,45.0270947296869,3.58327693125605));
#9547=CARTESIAN_POINT('',(-51.7492926679116,35.3374553190177,0.940388502407643));
#9548=CARTESIAN_POINT('Origin',(-57.375,77.9820719379961,0.396901776924272));
#9549=CARTESIAN_POINT('',(-55.6388888888889,73.4995093875114,1.03966159243691));
#9550=CARTESIAN_POINT('',(-57.375,77.9835535840988,1.0513261879124));
#9551=CARTESIAN_POINT('',(-40.5824851030695,34.6116872975582,0.938500521377969));
#9552=CARTESIAN_POINT('',(-55.6388888888889,73.4980277414087,0.385237181448775));
#9553=CARTESIAN_POINT('',(-55.6388888888889,73.4980277414087,0.385237181448775));
#9554=CARTESIAN_POINT('',(-57.375,77.9820719379961,0.396901776924272));
#9555=CARTESIAN_POINT('',(-55.6388888888889,73.4980277414087,0.385237181448775));
#9556=CARTESIAN_POINT('',(-57.375,77.9894801685095,3.66902383186509));
#9557=CARTESIAN_POINT('Origin',(-55.6388888888889,73.5054359719221,3.65735923638959));
#9558=CARTESIAN_POINT('',(-57.375,69.015465190924,1.02799699696141));
#9559=CARTESIAN_POINT('',(-63.6846334203849,52.7188843210721,0.98560378780767));
#9560=CARTESIAN_POINT('',(-57.375,69.0139835448213,0.373572585973277));
#9561=CARTESIAN_POINT('',(-57.375,69.0213917753347,3.64569464091409));
#9562=CARTESIAN_POINT('',(-55.6388888888889,73.4980277414087,0.385237181448775));
#9563=CARTESIAN_POINT('Origin',(-57.375,69.0213917753347,3.64569464091409));
#9564=CARTESIAN_POINT('',(-60.8472222222222,69.015465190924,1.02799699696141));
#9565=CARTESIAN_POINT('',(-26.2986111111111,69.015465190924,1.02799699696141));
#9566=CARTESIAN_POINT('',(-60.8472222222222,69.0139835448213,0.373572585973277));
#9567=CARTESIAN_POINT('',(-60.8472222222222,69.0213917753347,3.64569464091409));
#9568=CARTESIAN_POINT('',(-57.375,69.0139835448213,0.373572585973277));
#9569=CARTESIAN_POINT('Origin',(-57.375,77.9820719379961,0.396901776924272));
#9570=CARTESIAN_POINT('',(-60.8472222222222,77.9835535840988,1.0513261879124));
#9571=CARTESIAN_POINT('',(-26.2986111111111,77.9835535840988,1.0513261879124));
#9572=CARTESIAN_POINT('',(-60.8472222222222,77.9820719379961,0.396901776924272));
#9573=CARTESIAN_POINT('',(-60.8472222222222,77.9820719379961,0.396901776924272));
#9574=CARTESIAN_POINT('',(-60.8472222222222,77.9894801685095,3.66902383186509));
#9575=CARTESIAN_POINT('Origin',(-60.8472222222222,77.9820719379961,0.396901776924272));
#9576=CARTESIAN_POINT('',(-62.5833333333333,73.4995093875114,1.03966159243691));
#9577=CARTESIAN_POINT('',(-69.3110568037769,56.1230815823923,0.994459316930758));
#9578=CARTESIAN_POINT('',(-62.5833333333333,73.4980277414087,0.385237181448775));
#9579=CARTESIAN_POINT('',(-62.5833333333333,73.4980277414087,0.385237181448775));
#9580=CARTESIAN_POINT('',(-62.5833333333333,73.5054359719221,3.65735923638959));
#9581=CARTESIAN_POINT('Origin',(-60.8472222222222,77.9820719379961,0.396901776924272));
#9582=CARTESIAN_POINT('',(-62.5833333333333,73.4980277414087,0.385237181448775));
#9583=CARTESIAN_POINT('Origin',(-62.5833333333333,73.5054359719221,3.65735923638959));
#9584=CARTESIAN_POINT('',(-46.2089084864616,31.207490036238,0.929644992254881));
#9585=CARTESIAN_POINT('Origin',(-49.7361111111111,83.6777403098934,0.411718238272118));
#9586=CARTESIAN_POINT('',(-48.,79.1951776359584,1.05447805346361));
#9587=CARTESIAN_POINT('',(-49.7361111111111,83.6792219559961,1.06614264926025));
#9588=CARTESIAN_POINT('',(-32.4826343997819,39.1167779089535,0.950219866071845));
#9589=CARTESIAN_POINT('',(-48.,79.1936959898558,0.400053642475482));
#9590=CARTESIAN_POINT('',(-48.,79.2011042203691,3.6721756974163));
#9591=CARTESIAN_POINT('',(-49.7361111111111,83.6777403098934,0.411718238272118));
#9592=CARTESIAN_POINT('',(-48.,79.1936959898558,0.400053642475482));
#9593=CARTESIAN_POINT('',(-49.7361111111111,83.6851485404068,3.68384029321293));
#9594=CARTESIAN_POINT('Origin',(-49.7361111111111,74.7170600237817,3.6605111019408));
#9595=CARTESIAN_POINT('',(-49.7361111111111,74.711133439371,1.04281345798812));
#9596=CARTESIAN_POINT('',(-58.3705828021433,52.409938297551,0.984800109201897));
#9597=CARTESIAN_POINT('',(-49.7361111111111,74.7096517932684,0.388389046999984));
#9598=CARTESIAN_POINT('',(-49.7361111111111,74.7096517932684,0.388389046999984));
#9599=CARTESIAN_POINT('',(-49.7361111111111,74.7096517932684,0.388389046999984));
#9600=CARTESIAN_POINT('Origin',(-53.2083333333333,74.7170600237817,3.6605111019408));
#9601=CARTESIAN_POINT('',(-53.2083333333333,74.711133439371,1.04281345798812));
#9602=CARTESIAN_POINT('',(-24.2152777777778,74.711133439371,1.04281345798812));
#9603=CARTESIAN_POINT('',(-53.2083333333333,74.7096517932684,0.388389046999984));
#9604=CARTESIAN_POINT('',(-53.2083333333333,74.7096517932684,0.388389046999984));
#9605=CARTESIAN_POINT('',(-53.2083333333333,74.7096517932684,0.388389046999984));
#9606=CARTESIAN_POINT('Origin',(-49.7361111111111,74.7096517932684,0.388389046999984));
#9607=CARTESIAN_POINT('',(-53.2083333333333,83.6777403098934,0.411718238272118));
#9608=CARTESIAN_POINT('',(-53.2083333333333,83.6777403098934,0.411718238272118));
#9609=CARTESIAN_POINT('',(-54.9444444444444,79.1936959898558,0.400053642475482));
#9610=CARTESIAN_POINT('',(-54.9444444444444,79.1936959898558,0.400053642475482));
#9611=CARTESIAN_POINT('',(-53.2083333333333,83.6777403098934,0.411718238272118));
#9612=CARTESIAN_POINT('Origin',(-53.2083333333333,83.6777403098934,0.411718238272118));
#9613=CARTESIAN_POINT('',(-53.2083333333333,83.6792219559961,1.06614264926025));
#9614=CARTESIAN_POINT('',(-54.9444444444444,79.1951776359584,1.05447805346361));
#9615=CARTESIAN_POINT('',(-63.1289505529042,58.0561572742577,0.999487935066656));
#9616=CARTESIAN_POINT('',(-53.2083333333333,83.6777403098934,0.411718238272118));
#9617=CARTESIAN_POINT('',(-54.9444444444444,79.2011042203691,3.6721756974163));
#9618=CARTESIAN_POINT('Origin',(-49.7361111111111,83.6851485404068,3.68384029321293));
#9619=CARTESIAN_POINT('',(-22.4791666666667,83.6792219559961,1.06614264926025));
#9620=CARTESIAN_POINT('Origin',(-53.2083333333333,74.7170600237817,3.6605111019408));
#9621=CARTESIAN_POINT('',(-37.241001799416,33.4705585467732,0.935532039204333));
#9622=CARTESIAN_POINT('Origin',(-65.0138888888889,49.5111409014788,3.59494153186976));
#9623=CARTESIAN_POINT('',(-65.0138888888889,49.5052143170681,0.977243887917081));
#9624=CARTESIAN_POINT('',(-68.4861111111111,49.5052143170681,0.977243887917081));
#9625=CARTESIAN_POINT('',(-30.1180555555556,49.5052143170681,0.977243887917081));
#9626=CARTESIAN_POINT('',(-65.0138888888889,49.5037326709655,0.322819476928946));
#9627=CARTESIAN_POINT('',(-65.0138888888889,49.5111409014788,3.59494153186976));
#9628=CARTESIAN_POINT('',(-68.4861111111111,49.5037326709655,0.322819476928946));
#9629=CARTESIAN_POINT('',(-68.4861111111111,49.5037326709655,0.322819476928946));
#9630=CARTESIAN_POINT('',(-68.4861111111111,49.5111409014788,3.59494153186976));
#9631=CARTESIAN_POINT('Origin',(-65.0138888888889,49.5111409014788,3.59494153186976));
#9632=CARTESIAN_POINT('',(-63.2777777777778,45.0211681452762,0.965579287303374));
#9633=CARTESIAN_POINT('',(-52.5205120535377,17.2371882599931,0.893303263282955));
#9634=CARTESIAN_POINT('',(-63.2777777777778,45.0196864991735,0.311154876315238));
#9635=CARTESIAN_POINT('',(-63.2777777777778,45.0270947296869,3.58327693125605));
#9636=CARTESIAN_POINT('',(-65.0138888888889,49.5037326709655,0.322819476928946));
#9637=CARTESIAN_POINT('Origin',(-63.2777777777778,45.0270947296869,3.58327693125605));
#9638=CARTESIAN_POINT('',(-65.0138888888889,40.5371219734842,0.953914686689667));
#9639=CARTESIAN_POINT('',(-66.0312507361408,37.9094690155019,0.947079225784045));
#9640=CARTESIAN_POINT('',(-65.0138888888889,40.5356403273816,0.29949027570153));
#9641=CARTESIAN_POINT('',(-65.0138888888889,40.5430485578949,3.57161233064235));
#9642=CARTESIAN_POINT('',(-63.2777777777778,45.0196864991735,0.311154876315238));
#9643=CARTESIAN_POINT('Origin',(-65.0138888888889,40.5430485578949,3.57161233064235));
#9644=CARTESIAN_POINT('',(-68.4861111111111,40.5371219734842,0.953914686689667));
#9645=CARTESIAN_POINT('',(-30.1180555555556,40.5371219734842,0.953914686689667));
#9646=CARTESIAN_POINT('',(-68.4861111111111,40.5356403273816,0.29949027570153));
#9647=CARTESIAN_POINT('',(-68.4861111111111,40.5430485578949,3.57161233064235));
#9648=CARTESIAN_POINT('',(-65.0138888888889,40.5356403273816,0.29949027570153));
#9649=CARTESIAN_POINT('Origin',(-70.2222222222222,45.0270947296869,3.58327693125605));
#9650=CARTESIAN_POINT('',(-70.2222222222222,45.0211681452762,0.965579287303374));
#9651=CARTESIAN_POINT('',(-58.1442556199045,13.8260680393315,0.884429725077737));
#9652=CARTESIAN_POINT('',(-70.2222222222222,45.0196864991735,0.311154876315238));
#9653=CARTESIAN_POINT('',(-70.2222222222222,45.0270947296869,3.58327693125605));
#9654=CARTESIAN_POINT('',(-70.2222222222222,45.0196864991735,0.311154876315238));
#9655=CARTESIAN_POINT('Origin',(-68.4861111111111,49.5037326709655,0.322819476928946));
#9656=CARTESIAN_POINT('',(-70.2222222222222,45.0196864991735,0.311154876315238));
#9657=CARTESIAN_POINT('Origin',(-68.4861111111111,49.5037326709655,0.322819476928946));
#9658=CARTESIAN_POINT('',(-71.6576744654519,41.3136668829148,0.955934756483795));
#9659=CARTESIAN_POINT('Origin',(-55.6388888888889,39.3314264812398,3.56846047022935));
#9660=CARTESIAN_POINT('',(-55.6388888888889,39.3254998968291,0.950762826276668));
#9661=CARTESIAN_POINT('',(-57.375,43.8095460686211,0.962427426890375));
#9662=CARTESIAN_POINT('',(-45.4703496304588,13.0620889649689,0.882442343494619));
#9663=CARTESIAN_POINT('',(-55.6388888888889,39.3240182507265,0.296338415288531));
#9664=CARTESIAN_POINT('',(-55.6388888888889,39.3314264812398,3.56846047022935));
#9665=CARTESIAN_POINT('',(-57.375,43.8080644225184,0.308003015902238));
#9666=CARTESIAN_POINT('',(-57.375,43.8080644225184,0.308003015902238));
#9667=CARTESIAN_POINT('',(-57.375,43.8154726530318,3.58012507084305));
#9668=CARTESIAN_POINT('Origin',(-55.6388888888889,39.3240182507265,0.296338415288531));
#9669=CARTESIAN_POINT('',(-62.5833333333333,39.3254998968291,0.950762826276668));
#9670=CARTESIAN_POINT('',(-25.4305555555556,39.3254998968291,0.950762826276668));
#9671=CARTESIAN_POINT('',(-62.5833333333333,39.3240182507265,0.296338415288531));
#9672=CARTESIAN_POINT('',(-62.5833333333333,39.3314264812398,3.56846047022935));
#9673=CARTESIAN_POINT('',(-55.6388888888889,39.3240182507265,0.296338415288531));
#9674=CARTESIAN_POINT('Origin',(-57.375,43.8080644225184,0.308003015902238));
#9675=CARTESIAN_POINT('',(-60.8472222222222,43.8080644225184,0.308003015902238));
#9676=CARTESIAN_POINT('',(-60.8472222222222,43.8080644225184,0.308003015902238));
#9677=CARTESIAN_POINT('',(-57.375,43.8080644225184,0.308003015902238));
#9678=CARTESIAN_POINT('Origin',(-60.8472222222222,43.8080644225184,0.308003015902238));
#9679=CARTESIAN_POINT('',(-60.8472222222222,43.8095460686211,0.962427426890375));
#9680=CARTESIAN_POINT('',(-63.557823264746,36.8085769773024,0.944215413625911));
#9681=CARTESIAN_POINT('',(-60.8472222222222,43.8154726530318,3.58012507084305));
#9682=CARTESIAN_POINT('Origin',(-57.375,43.8154726530318,3.58012507084305));
#9683=CARTESIAN_POINT('',(-26.2986111111111,43.8095460686211,0.962427426890375));
#9684=CARTESIAN_POINT('Origin',(-55.6388888888889,84.8893642383028,0.41487010350219));
#9685=CARTESIAN_POINT('',(-55.6388888888889,84.8908458844055,1.06929451449032));
#9686=CARTESIAN_POINT('',(-62.5833333333333,84.8908458844055,1.06929451449032));
#9687=CARTESIAN_POINT('',(-25.4305555555555,84.8908458844055,1.06929451449032));
#9688=CARTESIAN_POINT('',(-55.6388888888889,84.8893642383028,0.41487010350219));
#9689=CARTESIAN_POINT('',(-55.6388888888889,84.8967724688162,3.686992158443));
#9690=CARTESIAN_POINT('',(-62.5833333333333,84.8893642383028,0.41487010350219));
#9691=CARTESIAN_POINT('',(-62.5833333333333,84.8893642383028,0.41487010350219));
#9692=CARTESIAN_POINT('',(-62.5833333333333,84.8893642383028,0.41487010350219));
#9693=CARTESIAN_POINT('Origin',(-55.6388888888889,84.8967724688162,3.686992158443));
#9694=CARTESIAN_POINT('',(-57.375,80.4068016878181,1.05762991901482));
#9695=CARTESIAN_POINT('',(-65.6023783780777,59.1570510046735,1.00235175162685));
#9696=CARTESIAN_POINT('',(-57.375,80.4053200417154,0.403205508026692));
#9697=CARTESIAN_POINT('',(-57.375,80.4127282722288,3.67532756296751));
#9698=CARTESIAN_POINT('',(-55.6388888888889,84.8893642383028,0.41487010350219));
#9699=CARTESIAN_POINT('Origin',(-60.8472222222222,80.4053200417154,0.403205508026692));
#9700=CARTESIAN_POINT('',(-60.8472222222222,80.4053200417154,0.403205508026692));
#9701=CARTESIAN_POINT('',(-57.375,80.4053200417154,0.403205508026692));
#9702=CARTESIAN_POINT('',(-62.5833333333333,84.8893642383028,0.41487010350219));
#9703=CARTESIAN_POINT('Origin',(-60.8472222222222,80.4053200417154,0.403205508026692));
#9704=CARTESIAN_POINT('',(-60.8472222222222,80.4068016878181,1.05762991901482));
#9705=CARTESIAN_POINT('',(-28.0347222222222,80.4068016878181,1.05762991901482));
#9706=CARTESIAN_POINT('',(-60.8472222222222,80.4127282722288,3.67532756296751));
#9707=CARTESIAN_POINT('Origin',(-62.5833333333333,84.8967724688162,3.686992158443));
#9708=CARTESIAN_POINT('',(-44.2911635287687,37.6456567198394,0.946392956074057));
#9709=CARTESIAN_POINT('Origin',(-57.375,66.5981436716154,3.63939090981167));
#9710=CARTESIAN_POINT('',(-57.375,66.5922170872047,1.02169326585899));
#9711=CARTESIAN_POINT('',(-60.8472222222222,66.5922170872047,1.02169326585899));
#9712=CARTESIAN_POINT('',(-26.2986111111111,66.5922170872047,1.02169326585899));
#9713=CARTESIAN_POINT('',(-57.375,66.590735441102,0.367268854870858));
#9714=CARTESIAN_POINT('',(-57.375,66.5981436716154,3.63939090981167));
#9715=CARTESIAN_POINT('',(-60.8472222222222,66.590735441102,0.367268854870858));
#9716=CARTESIAN_POINT('',(-57.375,66.590735441102,0.367268854870858));
#9717=CARTESIAN_POINT('',(-60.8472222222222,66.5981436716154,3.63939090981167));
#9718=CARTESIAN_POINT('Origin',(-55.6388888888889,62.114099475028,3.62772631433617));
#9719=CARTESIAN_POINT('',(-55.6388888888889,62.1081728906173,1.01002867038349));
#9720=CARTESIAN_POINT('',(-41.6348546690239,25.9384208681167,0.915938267324443));
#9721=CARTESIAN_POINT('',(-55.6388888888889,62.1066912445146,0.35560425939536));
#9722=CARTESIAN_POINT('',(-55.6388888888889,62.114099475028,3.62772631433617));
#9723=CARTESIAN_POINT('',(-57.375,66.590735441102,0.367268854870858));
#9724=CARTESIAN_POINT('Origin',(-57.375,57.6300552784406,3.61606171886068));
#9725=CARTESIAN_POINT('',(-57.375,57.6241286940299,0.998364074907997));
#9726=CARTESIAN_POINT('',(-62.6349440182475,44.038695539177,0.963023526250745));
#9727=CARTESIAN_POINT('',(-57.375,57.6226470479272,0.343939663919862));
#9728=CARTESIAN_POINT('',(-57.375,57.6300552784406,3.61606171886068));
#9729=CARTESIAN_POINT('',(-57.375,57.6226470479272,0.343939663919862));
#9730=CARTESIAN_POINT('Origin',(-57.375,57.6300552784406,3.61606171886068));
#9731=CARTESIAN_POINT('',(-60.8472222222222,57.6241286940299,0.998364074907997));
#9732=CARTESIAN_POINT('',(-26.2986111111111,57.6241286940299,0.998364074907997));
#9733=CARTESIAN_POINT('',(-60.8472222222222,57.6226470479272,0.343939663919862));
#9734=CARTESIAN_POINT('',(-60.8472222222222,57.6300552784406,3.61606171886068));
#9735=CARTESIAN_POINT('',(-60.8472222222222,57.6226470479272,0.343939663919862));
#9736=CARTESIAN_POINT('Origin',(-60.8472222222222,66.590735441102,0.367268854870858));
#9737=CARTESIAN_POINT('',(-62.5833333333333,62.1066912445146,0.35560425939536));
#9738=CARTESIAN_POINT('',(-62.5833333333333,62.1066912445146,0.35560425939536));
#9739=CARTESIAN_POINT('',(-60.8472222222222,66.590735441102,0.367268854870858));
#9740=CARTESIAN_POINT('Origin',(-62.5833333333333,62.114099475028,3.62772631433617));
#9741=CARTESIAN_POINT('',(-62.5833333333333,62.1081728906173,1.01002867038349));
#9742=CARTESIAN_POINT('',(-48.1266534441545,24.7693233526366,0.912897028435705));
#9743=CARTESIAN_POINT('',(-62.5833333333333,62.114099475028,3.62772631433617));
#9744=CARTESIAN_POINT('Origin',(-60.8472222222222,66.590735441102,0.367268854870858));
#9745=CARTESIAN_POINT('',(-67.393311846084,49.6849148987909,0.977711353111582));
#9746=CARTESIAN_POINT('Origin',(-48.,56.4184312265809,3.61290985330947));
#9747=CARTESIAN_POINT('',(-49.7361111111111,51.9284604455829,0.983547613881291));
#9748=CARTESIAN_POINT('',(-48.,56.4125046421703,0.995212209356787));
#9749=CARTESIAN_POINT('',(-53.6670373312019,41.7756270286419,0.957136479301293));
#9750=CARTESIAN_POINT('',(-49.7361111111111,51.9269787994802,0.329123202893155));
#9751=CARTESIAN_POINT('',(-49.7361111111111,51.9343870299936,3.60124525783397));
#9752=CARTESIAN_POINT('',(-48.,56.4110229960676,0.340787798368653));
#9753=CARTESIAN_POINT('',(-49.7361111111111,51.9269787994802,0.329123202893155));
#9754=CARTESIAN_POINT('',(-48.,56.4184312265809,3.61290985330947));
#9755=CARTESIAN_POINT('Origin',(-53.2083333333333,51.9269787994802,0.329123202893155));
#9756=CARTESIAN_POINT('',(-53.2083333333333,51.9284604455829,0.983547613881291));
#9757=CARTESIAN_POINT('',(-24.2152777777778,51.9284604455829,0.983547613881291));
#9758=CARTESIAN_POINT('',(-53.2083333333333,51.9269787994802,0.329123202893155));
#9759=CARTESIAN_POINT('',(-53.2083333333333,51.9343870299936,3.60124525783397));
#9760=CARTESIAN_POINT('',(-53.2083333333333,51.9269787994802,0.329123202893155));
#9761=CARTESIAN_POINT('Origin',(-54.9444444444444,56.4184312265809,3.61290985330947));
#9762=CARTESIAN_POINT('',(-54.9444444444444,56.4125046421703,0.995212209356787));
#9763=CARTESIAN_POINT('',(-41.9445472703573,22.836247277864,0.907868409303729));
#9764=CARTESIAN_POINT('',(-54.9444444444444,56.4110229960676,0.340787798368653));
#9765=CARTESIAN_POINT('',(-54.9444444444444,56.4184312265809,3.61290985330947));
#9766=CARTESIAN_POINT('',(-54.9444444444444,56.4110229960676,0.340787798368653));
#9767=CARTESIAN_POINT('Origin',(-53.2083333333333,60.895067192655,0.35245239384415));
#9768=CARTESIAN_POINT('',(-53.2083333333333,60.895067192655,0.35245239384415));
#9769=CARTESIAN_POINT('',(-53.2083333333333,60.895067192655,0.35245239384415));
#9770=CARTESIAN_POINT('',(-49.7361111111111,60.895067192655,0.35245239384415));
#9771=CARTESIAN_POINT('',(-49.7361111111111,60.895067192655,0.35245239384415));
#9772=CARTESIAN_POINT('',(-49.7361111111111,60.895067192655,0.35245239384415));
#9773=CARTESIAN_POINT('Origin',(-53.2083333333333,60.895067192655,0.35245239384415));
#9774=CARTESIAN_POINT('',(-53.2083333333333,60.8965488387577,1.00687680483228));
#9775=CARTESIAN_POINT('',(-59.293460714594,45.1798242899621,0.965992008424382));
#9776=CARTESIAN_POINT('',(-53.2083333333333,60.9024754231683,3.62457444878497));
#9777=CARTESIAN_POINT('Origin',(-49.7361111111111,60.895067192655,0.35245239384415));
#9778=CARTESIAN_POINT('',(-49.7361111111111,60.8965488387577,1.00687680483228));
#9779=CARTESIAN_POINT('',(-36.3181238869653,26.2404445391842,0.916723938426817));
#9780=CARTESIAN_POINT('',(-49.7361111111111,60.9024754231683,3.62457444878497));
#9781=CARTESIAN_POINT('Origin',(-53.2083333333333,60.9024754231683,3.62457444878497));
#9782=CARTESIAN_POINT('',(-24.2152777777778,60.8965488387577,1.00687680483228));
#9783=CARTESIAN_POINT('Origin',(-65.0138888888889,74.7170600237817,3.6605111019408));
#9784=CARTESIAN_POINT('',(-68.4861111111111,74.711133439371,1.04281345798812));
#9785=CARTESIAN_POINT('',(-65.0138888888889,74.711133439371,1.04281345798812));
#9786=CARTESIAN_POINT('',(-30.1180555555556,74.711133439371,1.04281345798812));
#9787=CARTESIAN_POINT('',(-68.4861111111111,74.7096517932684,0.388389046999984));
#9788=CARTESIAN_POINT('',(-68.4861111111111,74.7170600237817,3.6605111019408));
#9789=CARTESIAN_POINT('',(-65.0138888888889,74.7096517932684,0.388389046999984));
#9790=CARTESIAN_POINT('',(-65.0138888888889,74.7096517932684,0.388389046999984));
#9791=CARTESIAN_POINT('',(-65.0138888888889,74.7170600237817,3.6605111019408));
#9792=CARTESIAN_POINT('Origin',(-70.2222222222222,79.2011042203691,3.6721756974163));
#9793=CARTESIAN_POINT('',(-70.2222222222222,79.1951776359584,1.05447805346361));
#9794=CARTESIAN_POINT('',(-52.3910146602587,33.1405661110106,0.934673611386856));
#9795=CARTESIAN_POINT('',(-70.2222222222222,79.1936959898558,0.400053642475482));
#9796=CARTESIAN_POINT('',(-70.2222222222222,79.2011042203691,3.6721756974163));
#9797=CARTESIAN_POINT('',(-68.4861111111111,74.7096517932684,0.388389046999984));
#9798=CARTESIAN_POINT('Origin',(-68.4861111111111,83.6777403098934,0.411718238272118));
#9799=CARTESIAN_POINT('',(-68.4861111111111,83.6792219559961,1.06614264926025));
#9800=CARTESIAN_POINT('',(-77.4109079058753,60.6281717559657,1.0061786604857));
#9801=CARTESIAN_POINT('',(-68.4861111111111,83.6777403098934,0.411718238272118));
#9802=CARTESIAN_POINT('',(-68.4861111111111,83.6851485404068,3.68384029321293));
#9803=CARTESIAN_POINT('',(-70.2222222222222,79.1936959898558,0.400053642475482));
#9804=CARTESIAN_POINT('Origin',(-65.0138888888889,74.7096517932684,0.388389046999984));
#9805=CARTESIAN_POINT('',(-65.0138888888889,83.6777403098934,0.411718238272118));
#9806=CARTESIAN_POINT('',(-65.0138888888889,83.6777403098934,0.411718238272118));
#9807=CARTESIAN_POINT('',(-63.2777777777778,79.1936959898558,0.400053642475482));
#9808=CARTESIAN_POINT('',(-63.2777777777778,79.1936959898558,0.400053642475482));
#9809=CARTESIAN_POINT('',(-63.2777777777778,79.1936959898558,0.400053642475482));
#9810=CARTESIAN_POINT('Origin',(-63.2777777777778,79.2011042203691,3.6721756974163));
#9811=CARTESIAN_POINT('',(-63.2777777777778,79.1951776359584,1.05447805346361));
#9812=CARTESIAN_POINT('',(-65.0138888888889,83.6792219559961,1.06614264926025));
#9813=CARTESIAN_POINT('',(-45.89921636096,34.3096636197299,0.937714850258007));
#9814=CARTESIAN_POINT('',(-63.2777777777778,79.2011042203691,3.6721756974163));
#9815=CARTESIAN_POINT('',(-65.0138888888889,83.6851485404068,3.68384029321293));
#9816=CARTESIAN_POINT('Origin',(-63.2777777777778,79.2011042203691,3.6721756974163));
#9817=CARTESIAN_POINT('',(-71.7844845518749,57.2239749299009,0.99732313249487));
#9818=CARTESIAN_POINT('Origin',(-65.0138888888889,83.6851485404068,3.68384029321293));
#9819=CARTESIAN_POINT('',(-30.1180555555556,83.6792219559961,1.06614264926025));
#9820=CARTESIAN_POINT('Origin',(62.7638888888889,-41.6195530488784,3.35787815030427));
#9821=CARTESIAN_POINT('',(62.7638888888889,-41.6254796332891,0.740180506351568));
#9822=CARTESIAN_POINT('',(59.2916666666667,-41.6254796332891,0.740180506351568));
#9823=CARTESIAN_POINT('',(33.7708333333333,-41.625479633289,0.740180506351567));
#9824=CARTESIAN_POINT('',(62.7638888888889,-41.6269612793917,0.0857560953634566));
#9825=CARTESIAN_POINT('',(62.7638888888889,-41.6195530488784,3.35787815030427));
#9826=CARTESIAN_POINT('',(59.2916666666667,-41.6269612793917,0.0857560953634566));
#9827=CARTESIAN_POINT('',(59.2916666666667,-41.6269612793917,0.0857560953634566));
#9828=CARTESIAN_POINT('',(59.2916666666667,-41.6195530488784,3.35787815030427));
#9829=CARTESIAN_POINT('Origin',(64.5,-46.1035972454658,3.34621355482877));
#9830=CARTESIAN_POINT('',(64.5,-46.1095238298765,0.728515910876071));
#9831=CARTESIAN_POINT('',(52.454687042652,-14.9987756082908,0.809446043817448));
#9832=CARTESIAN_POINT('',(64.5,-46.1110054759791,0.0740914998879592));
#9833=CARTESIAN_POINT('',(64.5,-46.1035972454658,3.34621355482877));
#9834=CARTESIAN_POINT('',(64.5,-46.1110054759791,0.0740914998879592));
#9835=CARTESIAN_POINT('Origin',(64.5,-46.1035972454658,3.34621355482877));
#9836=CARTESIAN_POINT('',(62.7638888888889,-50.5935680264638,0.716851315400574));
#9837=CARTESIAN_POINT('',(68.7598074451489,-35.1072528745487,0.757136734931146));
#9838=CARTESIAN_POINT('',(62.7638888888889,-50.5950496725665,0.0624269044124617));
#9839=CARTESIAN_POINT('',(62.7638888888889,-50.5876414420532,3.33454895935328));
#9840=CARTESIAN_POINT('',(64.5,-46.1110054759791,0.0740914998879592));
#9841=CARTESIAN_POINT('Origin',(59.2916666666667,-41.6269612793917,0.0857560953634566));
#9842=CARTESIAN_POINT('',(59.2916666666667,-50.5950496725665,0.0624269044124617));
#9843=CARTESIAN_POINT('',(59.2916666666667,-50.5950496725665,0.0624269044124617));
#9844=CARTESIAN_POINT('',(57.5555555555556,-46.1110054759791,0.0740914998879592));
#9845=CARTESIAN_POINT('',(57.5555555555556,-46.1110054759791,0.0740914998879592));
#9846=CARTESIAN_POINT('',(57.5555555555556,-46.1110054759791,0.0740914998879592));
#9847=CARTESIAN_POINT('Origin',(59.2916666666667,-41.6195530488784,3.35787815030427));
#9848=CARTESIAN_POINT('',(57.5555555555556,-46.1095238298765,0.728515910876071));
#9849=CARTESIAN_POINT('',(63.1360642255739,-31.6961332607749,0.766010271557633));
#9850=CARTESIAN_POINT('',(57.5555555555556,-46.1035972454658,3.34621355482877));
#9851=CARTESIAN_POINT('Origin',(62.7638888888889,-50.5950496725665,0.0624269044124617));
#9852=CARTESIAN_POINT('',(59.2916666666667,-50.5935680264638,0.716851315400574));
#9853=CARTESIAN_POINT('',(33.7708333333333,-50.5935680264638,0.716851315400573));
#9854=CARTESIAN_POINT('',(59.2916666666667,-50.5876414420532,3.33454895935328));
#9855=CARTESIAN_POINT('Origin',(57.5555555555556,-46.1035972454658,3.34621355482877));
#9856=CARTESIAN_POINT('',(45.9628882675215,-16.1678731237709,0.80640480492871));
#9857=CARTESIAN_POINT('Origin',(72.8333333333333,-46.1110054759791,0.0740914998879592));
#9858=CARTESIAN_POINT('',(72.8333333333333,-46.1095238298765,0.728515910876071));
#9859=CARTESIAN_POINT('',(74.5694444444444,-50.5935680264638,0.716851315400574));
#9860=CARTESIAN_POINT('',(60.2475257366257,-13.6027809421682,0.813077522980536));
#9861=CARTESIAN_POINT('',(72.8333333333333,-46.1110054759791,0.0740914998879592));
#9862=CARTESIAN_POINT('',(72.8333333333333,-46.1035972454658,3.34621355482877));
#9863=CARTESIAN_POINT('',(74.5694444444444,-50.5950496725665,0.0624269044124617));
#9864=CARTESIAN_POINT('',(72.8333333333333,-46.1110054759791,0.0740914998879592));
#9865=CARTESIAN_POINT('',(74.5694444444444,-50.5876414420532,3.33454895935328));
#9866=CARTESIAN_POINT('Origin',(74.5694444444444,-41.6269612793917,0.0857560953634566));
#9867=CARTESIAN_POINT('',(74.5694444444444,-41.6254796332891,0.740180506351568));
#9868=CARTESIAN_POINT('',(77.415341367044,-34.2750701472847,0.759301538499009));
#9869=CARTESIAN_POINT('',(74.5694444444444,-41.6269612793917,0.0857560953634566));
#9870=CARTESIAN_POINT('',(74.5694444444444,-41.6269612793917,0.0857560953634566));
#9871=CARTESIAN_POINT('',(74.5694444444444,-41.6269612793917,0.0857560953634566));
#9872=CARTESIAN_POINT('Origin',(74.5694444444444,-41.6269612793917,0.0857560953634566));
#9873=CARTESIAN_POINT('',(78.0416666666667,-41.6254796332891,0.740180506351568));
#9874=CARTESIAN_POINT('',(39.6736111111111,-41.625479633289,0.740180506351567));
#9875=CARTESIAN_POINT('',(78.0416666666667,-41.6269612793917,0.0857560953634566));
#9876=CARTESIAN_POINT('',(78.0416666666667,-41.6269612793917,0.0857560953634566));
#9877=CARTESIAN_POINT('',(74.5694444444444,-41.6269612793917,0.0857560953634566));
#9878=CARTESIAN_POINT('Origin',(79.7777777777778,-46.1035972454658,3.34621355482877));
#9879=CARTESIAN_POINT('',(78.0416666666667,-50.5935680264638,0.716851315400574));
#9880=CARTESIAN_POINT('',(79.7777777777778,-46.1095238298765,0.728515910876071));
#9881=CARTESIAN_POINT('',(83.0417647504361,-37.679267408605,0.750446009375921));
#9882=CARTESIAN_POINT('',(78.0416666666667,-50.5950496725665,0.0624269044124617));
#9883=CARTESIAN_POINT('',(78.0416666666667,-50.5876414420532,3.33454895935328));
#9884=CARTESIAN_POINT('',(79.7777777777778,-46.1110054759791,0.0740914998879592));
#9885=CARTESIAN_POINT('',(78.0416666666667,-50.5950496725665,0.0624269044124617));
#9886=CARTESIAN_POINT('',(79.7777777777778,-46.1035972454658,3.34621355482877));
#9887=CARTESIAN_POINT('Origin',(78.0416666666667,-50.5876414420532,3.33454895935328));
#9888=CARTESIAN_POINT('',(41.4097222222222,-50.5935680264638,0.716851315400573));
#9889=CARTESIAN_POINT('',(78.0416666666667,-50.5950496725665,0.0624269044124617));
#9890=CARTESIAN_POINT('Origin',(79.7777777777778,-46.1035972454658,3.34621355482877));
#9891=CARTESIAN_POINT('',(66.7366443479392,-12.4267610742345,0.816136769372674));
#9892=CARTESIAN_POINT('',(78.0416666666667,-41.6269612793917,0.0857560953634566));
#9893=CARTESIAN_POINT('Origin',(74.5694444444444,-50.5950496725665,0.0624269044124617));
#9894=CARTESIAN_POINT('Origin',(65.1944444444444,-63.1906019908069,3.30176417174865));
#9895=CARTESIAN_POINT('',(65.1944444444444,-63.1965285752176,0.684066527795951));
#9896=CARTESIAN_POINT('',(66.9305555555556,-67.6805747470095,0.672401927182244));
#9897=CARTESIAN_POINT('',(50.227256092347,-24.5391159227758,0.784628221871863));
#9898=CARTESIAN_POINT('',(65.1944444444444,-63.1980102213203,0.0296421168078371));
#9899=CARTESIAN_POINT('',(65.1944444444444,-63.1906019908069,3.30176417174865));
#9900=CARTESIAN_POINT('',(66.9305555555556,-67.6820563931122,0.0179775161941294));
#9901=CARTESIAN_POINT('',(66.9305555555556,-67.6820563931122,0.0179775161941294));
#9902=CARTESIAN_POINT('',(66.9305555555556,-67.6746481625988,3.29009957113494));
#9903=CARTESIAN_POINT('Origin',(66.9305555555556,-58.7139660247328,0.0413067122833346));
#9904=CARTESIAN_POINT('',(66.9305555555556,-58.7124843786302,0.695731123271448));
#9905=CARTESIAN_POINT('',(73.1509801509398,-42.6463129056587,0.737524955547857));
#9906=CARTESIAN_POINT('',(66.9305555555556,-58.7139660247328,0.0413067122833346));
#9907=CARTESIAN_POINT('',(66.9305555555556,-58.7065577942195,3.31342876722415));
#9908=CARTESIAN_POINT('',(65.1944444444444,-63.1980102213203,0.0296421168078371));
#9909=CARTESIAN_POINT('Origin',(70.4027777777778,-58.7065577942195,3.31342876722415));
#9910=CARTESIAN_POINT('',(70.4027777777778,-58.7124843786302,0.695731123271448));
#9911=CARTESIAN_POINT('',(37.5902777777778,-58.7124843786302,0.695731123271448));
#9912=CARTESIAN_POINT('',(70.4027777777778,-58.7139660247328,0.0413067122833346));
#9913=CARTESIAN_POINT('',(70.4027777777778,-58.7065577942195,3.31342876722415));
#9914=CARTESIAN_POINT('',(66.9305555555556,-58.7139660247328,0.0413067122833346));
#9915=CARTESIAN_POINT('Origin',(72.1388888888889,-63.1906019908069,3.30176417174865));
#9916=CARTESIAN_POINT('',(70.4027777777778,-67.6805747470095,0.672401927182244));
#9917=CARTESIAN_POINT('',(72.1388888888889,-63.1965285752176,0.684066527795951));
#9918=CARTESIAN_POINT('',(78.7774033065801,-46.050503202462,0.728669444541958));
#9919=CARTESIAN_POINT('',(70.4027777777778,-67.6820563931122,0.0179775161941294));
#9920=CARTESIAN_POINT('',(70.4027777777778,-67.6746481625988,3.29009957113494));
#9921=CARTESIAN_POINT('',(72.1388888888889,-63.1980102213203,0.0296421168078371));
#9922=CARTESIAN_POINT('',(70.4027777777778,-67.6820563931122,0.0179775161941294));
#9923=CARTESIAN_POINT('',(72.1388888888889,-63.1906019908069,3.30176417174865));
#9924=CARTESIAN_POINT('Origin',(70.4027777777778,-67.6820563931122,0.0179775161941294));
#9925=CARTESIAN_POINT('',(72.1388888888889,-63.1980102213203,0.0296421168078371));
#9926=CARTESIAN_POINT('',(66.9305555555556,-67.6820563931122,0.0179775161941294));
#9927=CARTESIAN_POINT('Origin',(70.4027777777778,-67.6746481625988,3.29009957113494));
#9928=CARTESIAN_POINT('',(37.5902777777778,-67.6805747470095,0.672401927182243));
#9929=CARTESIAN_POINT('Origin',(70.4027777777778,-58.7139660247328,0.0413067122833346));
#9930=CARTESIAN_POINT('',(55.8536728670178,-21.1349186208247,0.793483751100647));
#9931=CARTESIAN_POINT('Origin',(57.5555555555556,-57.4949337423599,3.31658063277536));
#9932=CARTESIAN_POINT('',(57.5555555555556,-57.5008603267705,0.698882988822658));
#9933=CARTESIAN_POINT('',(59.2916666666667,-61.9849045233579,0.687218393347161));
#9934=CARTESIAN_POINT('',(44.0451433098286,-22.6060398073723,0.789656841109534));
#9935=CARTESIAN_POINT('',(57.5555555555556,-57.5023419728732,0.0444585778345443));
#9936=CARTESIAN_POINT('',(57.5555555555556,-57.4949337423599,3.31658063277536));
#9937=CARTESIAN_POINT('',(59.2916666666667,-61.9863861694606,0.0327939823590468));
#9938=CARTESIAN_POINT('',(57.5555555555556,-57.5023419728732,0.0444585778345443));
#9939=CARTESIAN_POINT('',(59.2916666666667,-61.9789779389472,3.30491603729986));
#9940=CARTESIAN_POINT('Origin',(59.2916666666667,-53.0182977762858,0.0561231733100418));
#9941=CARTESIAN_POINT('',(59.2916666666667,-53.0168161301831,0.710547584298155));
#9942=CARTESIAN_POINT('',(65.0511290194497,-38.1412222968299,0.749244300235058));
#9943=CARTESIAN_POINT('',(59.2916666666667,-53.0182977762858,0.0561231733100418));
#9944=CARTESIAN_POINT('',(59.2916666666667,-53.0108895457725,3.32824522825086));
#9945=CARTESIAN_POINT('',(59.2916666666667,-53.0182977762858,0.0561231733100418));
#9946=CARTESIAN_POINT('Origin',(62.7638888888889,-53.0108895457725,3.32824522825086));
#9947=CARTESIAN_POINT('',(62.7638888888889,-53.0168161301831,0.710547584298155));
#9948=CARTESIAN_POINT('',(33.7708333333333,-53.0168161301831,0.710547584298154));
#9949=CARTESIAN_POINT('',(62.7638888888889,-53.0182977762858,0.0561231733100418));
#9950=CARTESIAN_POINT('',(62.7638888888889,-53.0108895457725,3.32824522825086));
#9951=CARTESIAN_POINT('',(59.2916666666667,-53.0182977762858,0.0561231733100418));
#9952=CARTESIAN_POINT('Origin',(59.2916666666667,-53.0182977762858,0.0561231733100418));
#9953=CARTESIAN_POINT('',(62.7638888888889,-61.9863861694606,0.0327939823590468));
#9954=CARTESIAN_POINT('',(59.2916666666667,-61.9863861694606,0.0327939823590468));
#9955=CARTESIAN_POINT('',(64.5,-57.5023419728732,0.0444585778345443));
#9956=CARTESIAN_POINT('',(64.5,-57.5023419728732,0.0444585778345443));
#9957=CARTESIAN_POINT('',(62.7638888888889,-61.9863861694606,0.0327939823590468));
#9958=CARTESIAN_POINT('Origin',(62.7638888888889,-53.0108895457725,3.32824522825086));
#9959=CARTESIAN_POINT('',(64.5,-57.5008603267705,0.698882988822658));
#9960=CARTESIAN_POINT('',(49.6688865294036,-19.1949201935985,0.798530377736021));
#9961=CARTESIAN_POINT('',(64.5,-57.4949337423599,3.31658063277536));
#9962=CARTESIAN_POINT('Origin',(62.7638888888889,-61.9863861694606,0.0327939823590468));
#9963=CARTESIAN_POINT('',(62.7638888888889,-61.9849045233579,0.687218393347161));
#9964=CARTESIAN_POINT('',(69.8068166834692,-43.7943640088974,0.734538465870822));
#9965=CARTESIAN_POINT('',(62.7638888888889,-61.9789779389472,3.30491603729986));
#9966=CARTESIAN_POINT('Origin',(62.7638888888889,-61.9789779389472,3.30491603729986));
#9967=CARTESIAN_POINT('',(33.7708333333333,-61.9849045233579,0.68721839334716));
#9968=CARTESIAN_POINT('Origin',(72.8333333333333,-68.8862702392539,3.28694771072194));
#9969=CARTESIAN_POINT('',(72.8333333333333,-68.8921968236646,0.669250066769245));
#9970=CARTESIAN_POINT('',(74.5694444444444,-73.3762429954566,0.657585466155537));
#9971=CARTESIAN_POINT('',(56.4093629598704,-26.472192131904,0.779599602390381));
#9972=CARTESIAN_POINT('',(72.8333333333333,-68.8936784697673,0.0148256557811295));
#9973=CARTESIAN_POINT('',(72.8333333333333,-68.8862702392539,3.28694771072194));
#9974=CARTESIAN_POINT('',(74.5694444444444,-73.3777246415592,0.00316105516742171));
#9975=CARTESIAN_POINT('',(72.8333333333333,-68.8936784697673,0.0148256557811295));
#9976=CARTESIAN_POINT('',(74.5694444444444,-73.3703164110459,3.27528311010824));
#9977=CARTESIAN_POINT('Origin',(72.8333333333333,-68.8936784697673,0.0148256557811295));
#9978=CARTESIAN_POINT('',(74.5694444444444,-64.4081506518727,0.680914667382952));
#9979=CARTESIAN_POINT('',(80.3827752224194,-49.3934183265574,0.719973332076971));
#9980=CARTESIAN_POINT('',(74.5694444444444,-64.4096322979753,0.0264902563948377));
#9981=CARTESIAN_POINT('',(74.5694444444444,-64.402224067462,3.29861231133565));
#9982=CARTESIAN_POINT('',(72.8333333333333,-68.8936784697673,0.0148256557811295));
#9983=CARTESIAN_POINT('Origin',(78.0416666666667,-64.4096322979753,0.0264902563948377));
#9984=CARTESIAN_POINT('',(78.0416666666667,-64.4081506518727,0.680914667382952));
#9985=CARTESIAN_POINT('',(41.4097222222222,-64.4081506518727,0.680914667382951));
#9986=CARTESIAN_POINT('',(78.0416666666667,-64.4096322979753,0.0264902563948377));
#9987=CARTESIAN_POINT('',(78.0416666666667,-64.402224067462,3.29861231133565));
#9988=CARTESIAN_POINT('',(74.5694444444444,-64.4096322979753,0.0264902563948377));
#9989=CARTESIAN_POINT('Origin',(74.5694444444444,-73.3777246415592,0.00316105516742171));
#9990=CARTESIAN_POINT('',(79.7777777777778,-68.8936784697673,0.0148256557811295));
#9991=CARTESIAN_POINT('',(79.7777777777778,-68.8936784697673,0.0148256557811295));
#9992=CARTESIAN_POINT('',(78.0416666666667,-73.3777246415592,0.00316105516742171));
#9993=CARTESIAN_POINT('',(78.0416666666667,-73.3777246415592,0.00316105516742171));
#9994=CARTESIAN_POINT('',(74.5694444444444,-73.3777246415592,0.00316105516742171));
#9995=CARTESIAN_POINT('Origin',(74.5694444444444,-73.3703164110459,3.27528311010824));
#9996=CARTESIAN_POINT('',(78.0416666666667,-73.3762429954566,0.657585466155537));
#9997=CARTESIAN_POINT('',(39.6736111111111,-73.3762429954566,0.657585466155536));
#9998=CARTESIAN_POINT('',(78.0416666666667,-73.3703164110459,3.27528311010824));
#9999=CARTESIAN_POINT('Origin',(78.0416666666667,-64.4096322979753,0.0264902563948377));
#10000=CARTESIAN_POINT('',(79.7777777777778,-68.8921968236646,0.669250066769245));
#10001=CARTESIAN_POINT('',(62.0357866891814,-23.0679942644911,0.788455133090132));
#10002=CARTESIAN_POINT('',(79.7777777777778,-68.8862702392539,3.28694771072194));
#10003=CARTESIAN_POINT('Origin',(79.7777777777778,-68.8862702392539,3.28694771072194));
#10004=CARTESIAN_POINT('',(86.877254507286,-50.5555931080744,0.716950101684074));
#10005=CARTESIAN_POINT('Origin',(70.4027777777778,-35.9312930309447,0.100572556390164));
#10006=CARTESIAN_POINT('',(72.1388888888889,-40.4138555814294,0.743332371902777));
#10007=CARTESIAN_POINT('',(70.4027777777778,-35.929811384842,0.754996967378274));
#10008=CARTESIAN_POINT('',(59.6891627824036,-8.25858525362184,0.826979678738999));
#10009=CARTESIAN_POINT('',(72.1388888888889,-40.4153372275321,0.0889079609146664));
#10010=CARTESIAN_POINT('',(72.1388888888889,-40.4153372275321,0.0889079609146664));
#10011=CARTESIAN_POINT('',(70.4027777777778,-35.9312930309447,0.100572556390164));
#10012=CARTESIAN_POINT('',(72.1388888888889,-40.4153372275321,0.0889079609146664));
#10013=CARTESIAN_POINT('',(70.4027777777778,-35.9238848004313,3.37269461133098));
#10014=CARTESIAN_POINT('Origin',(72.1388888888889,-40.4079289970187,3.36103001585548));
#10015=CARTESIAN_POINT('',(70.4027777777778,-44.8978997780168,0.731667776427281));
#10016=CARTESIAN_POINT('',(74.941913618946,-33.1741767997761,0.762165354063121));
#10017=CARTESIAN_POINT('',(70.4027777777778,-44.8993814241195,0.0772433654391689));
#10018=CARTESIAN_POINT('',(70.4027777777778,-44.8919731936061,3.34936542037998));
#10019=CARTESIAN_POINT('',(72.1388888888889,-40.4153372275321,0.0889079609146664));
#10020=CARTESIAN_POINT('Origin',(70.4027777777778,-44.8919731936061,3.34936542037998));
#10021=CARTESIAN_POINT('',(66.9305555555556,-44.8978997780168,0.731667776427281));
#10022=CARTESIAN_POINT('',(37.5902777777778,-44.8978997780168,0.73166777642728));
#10023=CARTESIAN_POINT('',(66.9305555555556,-44.8993814241195,0.0772433654391689));
#10024=CARTESIAN_POINT('',(66.9305555555556,-44.8919731936061,3.34936542037998));
#10025=CARTESIAN_POINT('',(70.4027777777778,-44.8993814241195,0.0772433654391689));
#10026=CARTESIAN_POINT('Origin',(70.4027777777778,-35.9312930309447,0.100572556390164));
#10027=CARTESIAN_POINT('',(66.9305555555556,-35.929811384842,0.754996967378274));
#10028=CARTESIAN_POINT('',(37.5902777777778,-35.929811384842,0.754996967378274));
#10029=CARTESIAN_POINT('',(66.9305555555556,-35.9312930309447,0.100572556390164));
#10030=CARTESIAN_POINT('',(66.9305555555556,-35.9312930309447,0.100572556390164));
#10031=CARTESIAN_POINT('',(66.9305555555556,-35.9238848004313,3.37269461133098));
#10032=CARTESIAN_POINT('Origin',(66.9305555555556,-35.9312930309447,0.100572556390164));
#10033=CARTESIAN_POINT('',(65.1944444444444,-40.4138555814294,0.743332371902778));
#10034=CARTESIAN_POINT('',(69.315490235554,-29.7699795384559,0.77102088318621));
#10035=CARTESIAN_POINT('',(65.1944444444444,-40.4153372275321,0.0889079609146664));
#10036=CARTESIAN_POINT('',(65.1944444444444,-40.4153372275321,0.0889079609146664));
#10037=CARTESIAN_POINT('',(65.1944444444444,-40.4079289970187,3.36103001585548));
#10038=CARTESIAN_POINT('Origin',(66.9305555555556,-35.9312930309447,0.100572556390164));
#10039=CARTESIAN_POINT('',(65.1944444444444,-40.4153372275321,0.0889079609146664));
#10040=CARTESIAN_POINT('Origin',(65.1944444444444,-40.4079289970187,3.36103001585548));
#10041=CARTESIAN_POINT('',(54.0627393990115,-11.6627825149421,0.818124149615911));
#10042=CARTESIAN_POINT('Origin',(78.0416666666667,-30.2356246590474,0.11538901773801));
#10043=CARTESIAN_POINT('',(79.7777777777778,-34.7181873329824,0.758148832929484));
#10044=CARTESIAN_POINT('',(78.0416666666667,-30.2341430129447,0.76981342872612));
#10045=CARTESIAN_POINT('',(67.789014274821,-3.75349472451028,0.838699023218827));
#10046=CARTESIAN_POINT('',(79.7777777777778,-34.719668979085,0.103724421941374));
#10047=CARTESIAN_POINT('',(79.7777777777778,-34.7122607485717,3.37584647688219));
#10048=CARTESIAN_POINT('',(78.0416666666667,-30.2356246590474,0.11538901773801));
#10049=CARTESIAN_POINT('',(79.7777777777778,-34.719668979085,0.103724421941374));
#10050=CARTESIAN_POINT('',(78.0416666666667,-30.228216428534,3.38751107267882));
#10051=CARTESIAN_POINT('Origin',(78.0416666666667,-39.1963049451591,3.36418188140669));
#10052=CARTESIAN_POINT('',(78.0416666666667,-39.2022315295698,0.746484237453987));
#10053=CARTESIAN_POINT('',(80.2559642371876,-33.4831228232972,0.761361675457348));
#10054=CARTESIAN_POINT('',(78.0416666666667,-39.2037131756724,0.0920598264658761));
#10055=CARTESIAN_POINT('',(78.0416666666667,-39.2037131756724,0.0920598264658761));
#10056=CARTESIAN_POINT('',(78.0416666666667,-39.2037131756724,0.0920598264658761));
#10057=CARTESIAN_POINT('Origin',(74.5694444444444,-39.1963049451591,3.36418188140669));
#10058=CARTESIAN_POINT('',(74.5694444444444,-39.2022315295698,0.746484237453987));
#10059=CARTESIAN_POINT('',(39.6736111111111,-39.2022315295698,0.746484237453986));
#10060=CARTESIAN_POINT('',(74.5694444444444,-39.2037131756724,0.0920598264658761));
#10061=CARTESIAN_POINT('',(74.5694444444444,-39.2037131756724,0.0920598264658761));
#10062=CARTESIAN_POINT('',(74.5694444444444,-39.2037131756724,0.0920598264658761));
#10063=CARTESIAN_POINT('Origin',(78.0416666666667,-39.2037131756724,0.0920598264658761));
#10064=CARTESIAN_POINT('',(74.5694444444444,-30.2356246590474,0.11538901773801));
#10065=CARTESIAN_POINT('',(74.5694444444444,-30.2356246590474,0.11538901773801));
#10066=CARTESIAN_POINT('',(72.8333333333333,-34.719668979085,0.103724421941374));
#10067=CARTESIAN_POINT('',(72.8333333333333,-34.719668979085,0.103724421941374));
#10068=CARTESIAN_POINT('',(74.5694444444444,-30.2356246590474,0.11538901773801));
#10069=CARTESIAN_POINT('Origin',(74.5694444444444,-30.2356246590474,0.11538901773801));
#10070=CARTESIAN_POINT('',(74.5694444444444,-30.2341430129447,0.769813428726119));
#10071=CARTESIAN_POINT('',(72.8333333333333,-34.7181873329824,0.758148832929484));
#10072=CARTESIAN_POINT('',(75.4975964949185,-27.8369030532305,0.776049503385919));
#10073=CARTESIAN_POINT('',(74.5694444444444,-30.2356246590474,0.11538901773801));
#10074=CARTESIAN_POINT('',(72.8333333333333,-34.7122607485717,3.37584647688219));
#10075=CARTESIAN_POINT('Origin',(78.0416666666667,-30.228216428534,3.38751107267882));
#10076=CARTESIAN_POINT('',(41.4097222222222,-30.2341430129447,0.769813428726118));
#10077=CARTESIAN_POINT('Origin',(74.5694444444444,-39.1963049451591,3.36418188140669));
#10078=CARTESIAN_POINT('',(63.0306460860571,-9.39971400440692,0.824011196565363));
#10079=CARTESIAN_POINT('Origin',(62.7638888888889,-64.402224067462,3.29861231133565));
#10080=CARTESIAN_POINT('',(62.7638888888889,-64.4081506518727,0.680914667382952));
#10081=CARTESIAN_POINT('',(59.2916666666667,-64.4081506518727,0.680914667382952));
#10082=CARTESIAN_POINT('',(33.7708333333333,-64.4081506518727,0.680914667382951));
#10083=CARTESIAN_POINT('',(62.7638888888889,-64.4096322979753,0.0264902563948377));
#10084=CARTESIAN_POINT('',(62.7638888888889,-64.402224067462,3.29861231133565));
#10085=CARTESIAN_POINT('',(59.2916666666667,-64.4096322979753,0.0264902563948377));
#10086=CARTESIAN_POINT('',(59.2916666666667,-64.4096322979753,0.0264902563948377));
#10087=CARTESIAN_POINT('',(59.2916666666667,-64.402224067462,3.29861231133565));
#10088=CARTESIAN_POINT('Origin',(62.7638888888889,-64.402224067462,3.29861231133565));
#10089=CARTESIAN_POINT('',(64.5,-68.8921968236646,0.669250066769245));
#10090=CARTESIAN_POINT('',(47.751148458008,-25.6330856077267,0.781782417219197));
#10091=CARTESIAN_POINT('',(64.5,-68.8936784697673,0.0148256557811295));
#10092=CARTESIAN_POINT('',(64.5,-68.8862702392539,3.28694771072194));
#10093=CARTESIAN_POINT('',(62.7638888888889,-64.4096322979753,0.0264902563948377));
#10094=CARTESIAN_POINT('Origin',(64.5,-68.8862702392539,3.28694771072194));
#10095=CARTESIAN_POINT('',(62.7638888888889,-73.3762429954566,0.657585466155537));
#10096=CARTESIAN_POINT('',(72.5952964390568,-47.9835794115901,0.723640825060475));
#10097=CARTESIAN_POINT('',(62.7638888888889,-73.3777246415592,0.00316105516742171));
#10098=CARTESIAN_POINT('',(62.7638888888889,-73.3703164110459,3.27528311010824));
#10099=CARTESIAN_POINT('',(64.5,-68.8936784697673,0.0148256557811295));
#10100=CARTESIAN_POINT('Origin',(62.7638888888889,-73.3703164110459,3.27528311010824));
#10101=CARTESIAN_POINT('',(59.2916666666667,-73.3762429954566,0.657585466155537));
#10102=CARTESIAN_POINT('',(33.7708333333333,-73.3762429954566,0.657585466155536));
#10103=CARTESIAN_POINT('',(59.2916666666667,-73.3777246415592,0.00316105516742171));
#10104=CARTESIAN_POINT('',(59.2916666666667,-73.3703164110459,3.27528311010824));
#10105=CARTESIAN_POINT('',(62.7638888888889,-73.3777246415592,0.00316105516742171));
#10106=CARTESIAN_POINT('Origin',(57.5555555555556,-68.8862702392539,3.28694771072194));
#10107=CARTESIAN_POINT('',(57.5555555555556,-68.8921968236646,0.669250066769245));
#10108=CARTESIAN_POINT('',(42.1274048916411,-29.0442058283882,0.772908879013979));
#10109=CARTESIAN_POINT('',(57.5555555555556,-68.8936784697673,0.0148256557811295));
#10110=CARTESIAN_POINT('',(57.5555555555556,-68.8862702392539,3.28694771072194));
#10111=CARTESIAN_POINT('',(57.5555555555556,-68.8936784697673,0.0148256557811295));
#10112=CARTESIAN_POINT('Origin',(59.2916666666667,-64.4096322979753,0.0264902563948377));
#10113=CARTESIAN_POINT('',(57.5555555555556,-68.8936784697673,0.0148256557811295));
#10114=CARTESIAN_POINT('Origin',(59.2916666666667,-64.4096322979753,0.0264902563948377));
#10115=CARTESIAN_POINT('',(66.9688727097457,-44.5793815441772,0.732496355760226));
#10116=CARTESIAN_POINT('Origin',(72.1388888888889,-74.581938487701,3.27213124969524));
#10117=CARTESIAN_POINT('',(72.1388888888889,-74.5878650721117,0.654433605742538));
#10118=CARTESIAN_POINT('',(70.4027777777778,-70.1038189003197,0.666098206356246));
#10119=CARTESIAN_POINT('',(54.8013108810868,-29.8081849027508,0.770921497430861));
#10120=CARTESIAN_POINT('',(72.1388888888889,-74.5893467182143,9.19475442229256E-6));
#10121=CARTESIAN_POINT('',(72.1388888888889,-74.581938487701,3.27213124969524));
#10122=CARTESIAN_POINT('',(70.4027777777778,-70.1053005464224,0.0116737953681301));
#10123=CARTESIAN_POINT('',(70.4027777777778,-70.1053005464224,0.0116737953681301));
#10124=CARTESIAN_POINT('',(70.4027777777778,-70.097892315909,3.28379585030895));
#10125=CARTESIAN_POINT('Origin',(72.1388888888889,-74.5893467182143,9.19475442229256E-6));
#10126=CARTESIAN_POINT('',(65.1944444444444,-74.5878650721117,0.654433605742538));
#10127=CARTESIAN_POINT('',(38.4583333333333,-74.5878650721116,0.654433605742538));
#10128=CARTESIAN_POINT('',(65.1944444444444,-74.5893467182143,9.19475442229256E-6));
#10129=CARTESIAN_POINT('',(65.1944444444444,-74.581938487701,3.27213124969524));
#10130=CARTESIAN_POINT('',(72.1388888888889,-74.5893467182143,9.19475442229256E-6));
#10131=CARTESIAN_POINT('Origin',(70.4027777777778,-70.1053005464224,0.0116737953681301));
#10132=CARTESIAN_POINT('',(66.9305555555556,-70.1053005464224,0.0116737953681301));
#10133=CARTESIAN_POINT('',(66.9305555555556,-70.1053005464224,0.0116737953681301));
#10134=CARTESIAN_POINT('',(70.4027777777778,-70.1053005464224,0.0116737953681301));
#10135=CARTESIAN_POINT('Origin',(66.9305555555556,-70.1053005464224,0.0116737953681301));
#10136=CARTESIAN_POINT('',(66.9305555555556,-70.1038189003197,0.666098206356245));
#10137=CARTESIAN_POINT('',(75.0687239104517,-49.0844714497896,0.720777012902342));
#10138=CARTESIAN_POINT('',(66.9305555555556,-70.097892315909,3.28379585030895));
#10139=CARTESIAN_POINT('Origin',(70.4027777777778,-70.097892315909,3.28379585030895));
#10140=CARTESIAN_POINT('',(37.5902777777778,-70.1038189003197,0.666098206356245));
#10141=CARTESIAN_POINT('Origin',(72.1388888888889,-29.024000730638,0.118540882968081));
#10142=CARTESIAN_POINT('',(72.1388888888889,-29.0225190845353,0.772965293956191));
#10143=CARTESIAN_POINT('',(65.1944444444444,-29.0225190845353,0.77296529395619));
#10144=CARTESIAN_POINT('',(38.4583333333333,-29.0225190845353,0.77296529395619));
#10145=CARTESIAN_POINT('',(72.1388888888889,-29.024000730638,0.118540882968081));
#10146=CARTESIAN_POINT('',(72.1388888888889,-29.0165925001246,3.3906629379089));
#10147=CARTESIAN_POINT('',(65.1944444444444,-29.024000730638,0.118540882968081));
#10148=CARTESIAN_POINT('',(65.1944444444444,-29.024000730638,0.118540882968081));
#10149=CARTESIAN_POINT('',(65.1944444444444,-29.024000730638,0.118540882968081));
#10150=CARTESIAN_POINT('Origin',(72.1388888888889,-29.0165925001246,3.3906629379089));
#10151=CARTESIAN_POINT('',(70.4027777777778,-33.5065632811227,0.761300698480694));
#10152=CARTESIAN_POINT('',(73.0241686612531,-26.7360101161747,0.778913317882297));
#10153=CARTESIAN_POINT('',(70.4027777777778,-33.5080449272254,0.106876287492584));
#10154=CARTESIAN_POINT('',(70.4027777777778,-33.500636696712,3.3789983424334));
#10155=CARTESIAN_POINT('',(72.1388888888889,-29.024000730638,0.118540882968081));
#10156=CARTESIAN_POINT('Origin',(66.9305555555556,-33.5080449272254,0.106876287492584));
#10157=CARTESIAN_POINT('',(66.9305555555556,-33.5080449272254,0.106876287492584));
#10158=CARTESIAN_POINT('',(70.4027777777778,-33.5080449272254,0.106876287492584));
#10159=CARTESIAN_POINT('',(65.1944444444444,-29.024000730638,0.118540882968081));
#10160=CARTESIAN_POINT('Origin',(66.9305555555556,-33.5080449272254,0.106876287492584));
#10161=CARTESIAN_POINT('',(66.9305555555556,-33.5065632811227,0.761300698480694));
#10162=CARTESIAN_POINT('',(35.8541666666667,-33.5065632811227,0.761300698480693));
#10163=CARTESIAN_POINT('',(66.9305555555556,-33.500636696712,3.3789983424334));
#10164=CARTESIAN_POINT('Origin',(65.1944444444444,-29.0165925001246,3.3906629379089));
#10165=CARTESIAN_POINT('',(55.9804843567044,-5.22461583134064,0.834872113435087));
#10166=CARTESIAN_POINT('Origin',(70.4027777777778,-47.3152212973254,3.34306168927756));
#10167=CARTESIAN_POINT('',(70.4027777777778,-47.3211478817361,0.725364045324862));
#10168=CARTESIAN_POINT('',(66.9305555555556,-47.3211478817361,0.725364045324862));
#10169=CARTESIAN_POINT('',(37.5902777777778,-47.3211478817361,0.725364045324861));
#10170=CARTESIAN_POINT('',(70.4027777777778,-47.3226295278388,0.0709396343367494));
#10171=CARTESIAN_POINT('',(70.4027777777778,-47.3152212973254,3.34306168927756));
#10172=CARTESIAN_POINT('',(66.9305555555556,-47.3226295278388,0.0709396343367494));
#10173=CARTESIAN_POINT('',(70.4027777777778,-47.3226295278388,0.0709396343367494));
#10174=CARTESIAN_POINT('',(66.9305555555556,-47.3152212973254,3.34306168927756));
#10175=CARTESIAN_POINT('Origin',(72.1388888888889,-51.7992654939128,3.33139709380207));
#10176=CARTESIAN_POINT('',(72.1388888888889,-51.8051920783235,0.713699449849364));
#10177=CARTESIAN_POINT('',(58.6367932164492,-16.9318516830634,0.804417424685473));
#10178=CARTESIAN_POINT('',(72.1388888888889,-51.8066737244262,0.0592750388612515));
#10179=CARTESIAN_POINT('',(72.1388888888889,-51.7992654939128,3.33139709380207));
#10180=CARTESIAN_POINT('',(70.4027777777778,-47.3226295278388,0.0709396343367494));
#10181=CARTESIAN_POINT('Origin',(70.4027777777778,-56.2833096905002,3.31973249832657));
#10182=CARTESIAN_POINT('',(70.4027777777778,-56.2892362749109,0.702034854373867));
#10183=CARTESIAN_POINT('',(75.9916030210833,-41.8543655816712,0.739585092506197));
#10184=CARTESIAN_POINT('',(70.4027777777778,-56.2907179210136,0.047610443385754));
#10185=CARTESIAN_POINT('',(70.4027777777778,-56.2833096905002,3.31973249832657));
#10186=CARTESIAN_POINT('',(70.4027777777778,-56.2907179210136,0.047610443385754));
#10187=CARTESIAN_POINT('Origin',(70.4027777777778,-56.2833096905002,3.31973249832657));
#10188=CARTESIAN_POINT('',(66.9305555555556,-56.2892362749109,0.702034854373867));
#10189=CARTESIAN_POINT('',(37.5902777777778,-56.2892362749109,0.702034854373867));
#10190=CARTESIAN_POINT('',(66.9305555555556,-56.2907179210136,0.047610443385754));
#10191=CARTESIAN_POINT('',(66.9305555555556,-56.2833096905002,3.31973249832657));
#10192=CARTESIAN_POINT('',(66.9305555555556,-56.2907179210136,0.047610443385754));
#10193=CARTESIAN_POINT('Origin',(66.9305555555556,-47.3226295278388,0.0709396343367494));
#10194=CARTESIAN_POINT('',(65.1944444444444,-51.8066737244262,0.0592750388612515));
#10195=CARTESIAN_POINT('',(65.1944444444444,-51.8066737244262,0.0592750388612515));
#10196=CARTESIAN_POINT('',(66.9305555555556,-47.3226295278388,0.0709396343367494));
#10197=CARTESIAN_POINT('Origin',(65.1944444444444,-51.7992654939128,3.33139709380207));
#10198=CARTESIAN_POINT('',(65.1944444444444,-51.8051920783235,0.713699449849364));
#10199=CARTESIAN_POINT('',(52.1449944413186,-18.1009491985435,0.801376185796735));
#10200=CARTESIAN_POINT('',(65.1944444444444,-51.7992654939128,3.33139709380207));
#10201=CARTESIAN_POINT('Origin',(66.9305555555556,-47.3226295278388,0.0709396343367494));
#10202=CARTESIAN_POINT('',(71.2332351932469,-36.2081462220573,0.754272919367034));
#10203=CARTESIAN_POINT('Origin',(79.7777777777778,-57.4949337423599,3.31658063277536));
#10204=CARTESIAN_POINT('',(78.0416666666667,-61.9849045233579,0.687218393347161));
#10205=CARTESIAN_POINT('',(79.7777777777778,-57.5008603267705,0.698882988822658));
#10206=CARTESIAN_POINT('',(84.9595097081289,-44.1174340922064,0.733698045556745));
#10207=CARTESIAN_POINT('',(78.0416666666667,-61.9863861694606,0.0327939823590468));
#10208=CARTESIAN_POINT('',(78.0416666666667,-61.9789779389472,3.30491603729986));
#10209=CARTESIAN_POINT('',(79.7777777777778,-57.5023419728732,0.0444585778345443));
#10210=CARTESIAN_POINT('',(78.0416666666667,-61.9863861694606,0.0327939823590468));
#10211=CARTESIAN_POINT('',(79.7777777777778,-57.4949337423599,3.31658063277536));
#10212=CARTESIAN_POINT('Origin',(74.5694444444444,-61.9863861694606,0.0327939823590468));
#10213=CARTESIAN_POINT('',(74.5694444444444,-61.9849045233579,0.687218393347161));
#10214=CARTESIAN_POINT('',(39.6736111111111,-61.9849045233579,0.68721839334716));
#10215=CARTESIAN_POINT('',(74.5694444444444,-61.9863861694606,0.0327939823590468));
#10216=CARTESIAN_POINT('',(74.5694444444444,-61.9789779389472,3.30491603729986));
#10217=CARTESIAN_POINT('',(74.5694444444444,-61.9863861694606,0.0327939823590468));
#10218=CARTESIAN_POINT('Origin',(72.8333333333333,-57.4949337423599,3.31658063277536));
#10219=CARTESIAN_POINT('',(72.8333333333333,-57.5008603267705,0.698882988822658));
#10220=CARTESIAN_POINT('',(58.3271006151158,-20.0340252733161,0.796347566664759));
#10221=CARTESIAN_POINT('',(72.8333333333333,-57.5023419728732,0.0444585778345443));
#10222=CARTESIAN_POINT('',(72.8333333333333,-57.4949337423599,3.31658063277536));
#10223=CARTESIAN_POINT('',(72.8333333333333,-57.5023419728732,0.0444585778345443));
#10224=CARTESIAN_POINT('Origin',(74.5694444444444,-53.0182977762858,0.0561231733100418));
#10225=CARTESIAN_POINT('',(74.5694444444444,-53.0182977762858,0.0561231733100418));
#10226=CARTESIAN_POINT('',(74.5694444444444,-53.0182977762858,0.0561231733100418));
#10227=CARTESIAN_POINT('',(78.0416666666667,-53.0182977762858,0.0561231733100418));
#10228=CARTESIAN_POINT('',(78.0416666666667,-53.0182977762858,0.0561231733100418));
#10229=CARTESIAN_POINT('',(78.0416666666667,-53.0182977762858,0.0561231733100418));
#10230=CARTESIAN_POINT('Origin',(74.5694444444444,-53.0182977762858,0.0561231733100418));
#10231=CARTESIAN_POINT('',(74.5694444444444,-53.0168161301831,0.710547584298155));
#10232=CARTESIAN_POINT('',(79.3330863247369,-40.7132368308862,0.742553574679833));
#10233=CARTESIAN_POINT('',(74.5694444444444,-53.0108895457725,3.32824522825086));
#10234=CARTESIAN_POINT('Origin',(78.0416666666667,-53.0182977762858,0.0561231733100418));
#10235=CARTESIAN_POINT('',(78.0416666666667,-53.0168161301831,0.710547584298155));
#10236=CARTESIAN_POINT('',(63.9535239985078,-16.6298280119958,0.805203095787847));
#10237=CARTESIAN_POINT('',(78.0416666666667,-53.0108895457725,3.32824522825086));
#10238=CARTESIAN_POINT('Origin',(74.5694444444444,-53.0108895457725,3.32824522825086));
#10239=CARTESIAN_POINT('',(39.6736111111111,-53.0168161301831,0.710547584298154));
#10240=CARTESIAN_POINT('Origin',(62.7638888888889,-39.1963049451591,3.36418188140669));
#10241=CARTESIAN_POINT('',(59.2916666666667,-39.2022315295698,0.746484237453987));
#10242=CARTESIAN_POINT('',(62.7638888888889,-39.2022315295698,0.746484237453987));
#10243=CARTESIAN_POINT('',(33.7708333333333,-39.2022315295698,0.746484237453986));
#10244=CARTESIAN_POINT('',(59.2916666666667,-39.2037131756724,0.0920598264658761));
#10245=CARTESIAN_POINT('',(59.2916666666667,-39.1963049451591,3.36418188140669));
#10246=CARTESIAN_POINT('',(62.7638888888889,-39.2037131756724,0.0920598264658761));
#10247=CARTESIAN_POINT('',(62.7638888888889,-39.2037131756724,0.0920598264658761));
#10248=CARTESIAN_POINT('',(62.7638888888889,-39.1963049451591,3.36418188140669));
#10249=CARTESIAN_POINT('Origin',(57.5555555555556,-34.7122607485717,3.37584647688219));
#10250=CARTESIAN_POINT('',(57.5555555555556,-34.7181873329824,0.758148832929484));
#10251=CARTESIAN_POINT('',(47.8806332252144,-9.72970644016947,0.823152768747886));
#10252=CARTESIAN_POINT('',(57.5555555555556,-34.719668979085,0.103724421941374));
#10253=CARTESIAN_POINT('',(57.5555555555556,-34.7122607485717,3.37584647688219));
#10254=CARTESIAN_POINT('',(59.2916666666667,-39.2037131756724,0.0920598264658761));
#10255=CARTESIAN_POINT('Origin',(59.2916666666667,-30.2356246590474,0.11538901773801));
#10256=CARTESIAN_POINT('',(59.2916666666667,-30.2341430129447,0.769813428726119));
#10257=CARTESIAN_POINT('',(61.2156391419474,-25.2648885715225,0.782740228804967));
#10258=CARTESIAN_POINT('',(59.2916666666667,-30.2356246590474,0.11538901773801));
#10259=CARTESIAN_POINT('',(59.2916666666667,-30.228216428534,3.38751107267882));
#10260=CARTESIAN_POINT('',(57.5555555555556,-34.719668979085,0.103724421941374));
#10261=CARTESIAN_POINT('Origin',(62.7638888888889,-39.2037131756724,0.0920598264658761));
#10262=CARTESIAN_POINT('',(62.7638888888889,-30.2356246590474,0.11538901773801));
#10263=CARTESIAN_POINT('',(62.7638888888889,-30.2356246590474,0.11538901773801));
#10264=CARTESIAN_POINT('',(64.5,-34.719668979085,0.103724421941374));
#10265=CARTESIAN_POINT('',(64.5,-34.719668979085,0.103724421941374));
#10266=CARTESIAN_POINT('',(64.5,-34.719668979085,0.103724421941374));
#10267=CARTESIAN_POINT('Origin',(64.5,-34.7122607485717,3.37584647688219));
#10268=CARTESIAN_POINT('',(64.5,-34.7181873329824,0.758148832929484));
#10269=CARTESIAN_POINT('',(62.7638888888889,-30.2341430129447,0.769813428726119));
#10270=CARTESIAN_POINT('',(54.372432313643,-8.56060901373382,0.826194007404988));
#10271=CARTESIAN_POINT('',(64.5,-34.7122607485717,3.37584647688219));
#10272=CARTESIAN_POINT('',(62.7638888888889,-30.228216428534,3.38751107267882));
#10273=CARTESIAN_POINT('Origin',(64.5,-34.7122607485717,3.37584647688219));
#10274=CARTESIAN_POINT('',(66.842062487456,-28.6690861909473,0.773884698750322));
#10275=CARTESIAN_POINT('Origin',(62.7638888888889,-30.228216428534,3.38751107267882));
#10276=CARTESIAN_POINT('',(33.7708333333333,-30.2341430129447,0.769813428726118));
#10277=CARTESIAN_POINT('Origin',(-65.0138888888889,-41.6195530488784,3.35787815030421));
#10278=CARTESIAN_POINT('',(-65.0138888888889,-41.6254796332891,0.740180506351566));
#10279=CARTESIAN_POINT('',(-68.4861111111111,-41.6254796332891,0.740180506351566));
#10280=CARTESIAN_POINT('',(-30.1180555555556,-41.6254796332891,0.740180506351566));
#10281=CARTESIAN_POINT('',(-65.0138888888889,-41.6269612793917,0.0857560953633962));
#10282=CARTESIAN_POINT('',(-65.0138888888889,-41.6195530488784,3.35787815030421));
#10283=CARTESIAN_POINT('',(-68.4861111111111,-41.6269612793917,0.0857560953633962));
#10284=CARTESIAN_POINT('',(-68.4861111111111,-41.6269612793917,0.0857560953633962));
#10285=CARTESIAN_POINT('',(-68.4861111111111,-41.6195530488784,3.35787815030421));
#10286=CARTESIAN_POINT('Origin',(-63.2777777777778,-46.1035972454658,3.34621355482871));
#10287=CARTESIAN_POINT('',(-63.2777777777778,-46.1095238298765,0.728515910876069));
#10288=CARTESIAN_POINT('',(-66.99441041975,-36.5101698931248,0.753487248264658));
#10289=CARTESIAN_POINT('',(-63.2777777777778,-46.1110054759791,0.0740914998878988));
#10290=CARTESIAN_POINT('',(-63.2777777777778,-46.1035972454658,3.34621355482871));
#10291=CARTESIAN_POINT('',(-63.2777777777778,-46.1110054759791,0.0740914998878988));
#10292=CARTESIAN_POINT('Origin',(-63.2777777777778,-46.1035972454658,3.34621355482871));
#10293=CARTESIAN_POINT('',(-65.0138888888889,-50.5935680264638,0.716851315400572));
#10294=CARTESIAN_POINT('',(-50.6892900172531,-13.5958585897146,0.813095530483933));
#10295=CARTESIAN_POINT('',(-65.0138888888889,-50.5950496725665,0.0624269044124013));
#10296=CARTESIAN_POINT('',(-65.0138888888889,-50.5876414420532,3.33454895935322));
#10297=CARTESIAN_POINT('',(-63.2777777777778,-46.1110054759791,0.0740914998878988));
#10298=CARTESIAN_POINT('Origin',(-68.4861111111111,-41.6269612793917,0.0857560953633962));
#10299=CARTESIAN_POINT('',(-68.4861111111111,-50.5950496725665,0.0624269044124013));
#10300=CARTESIAN_POINT('',(-68.4861111111111,-50.5950496725665,0.0624269044124013));
#10301=CARTESIAN_POINT('',(-70.2222222222222,-46.1110054759791,0.0740914998878988));
#10302=CARTESIAN_POINT('',(-70.2222222222222,-46.1110054759791,0.0740914998878988));
#10303=CARTESIAN_POINT('',(-70.2222222222222,-46.1110054759791,0.0740914998878988));
#10304=CARTESIAN_POINT('Origin',(-68.4861111111111,-41.6195530488784,3.35787815030421));
#10305=CARTESIAN_POINT('',(-70.2222222222222,-46.1095238298765,0.728515910876069));
#10306=CARTESIAN_POINT('',(-56.3130332368281,-10.1847389759408,0.82196906711042));
#10307=CARTESIAN_POINT('',(-70.2222222222222,-46.1035972454658,3.34621355482871));
#10308=CARTESIAN_POINT('Origin',(-65.0138888888889,-50.5950496725665,0.0624269044124013));
#10309=CARTESIAN_POINT('',(-68.4861111111111,-50.5935680264638,0.716851315400572));
#10310=CARTESIAN_POINT('',(-30.1180555555556,-50.5935680264639,0.716851315400572));
#10311=CARTESIAN_POINT('',(-68.4861111111111,-50.5876414420532,3.33454895935322));
#10312=CARTESIAN_POINT('Origin',(-70.2222222222222,-46.1035972454658,3.34621355482871));
#10313=CARTESIAN_POINT('',(-73.4862091948805,-37.679267408605,0.750446009375919));
#10314=CARTESIAN_POINT('Origin',(-54.9444444444444,-46.1110054759791,0.0740914998878988));
#10315=CARTESIAN_POINT('',(-54.9444444444444,-46.1095238298765,0.728515910876069));
#10316=CARTESIAN_POINT('',(-53.2083333333333,-50.5935680264638,0.716851315400572));
#10317=CARTESIAN_POINT('',(-59.2015717257763,-35.1141752270023,0.757118727427745));
#10318=CARTESIAN_POINT('',(-54.9444444444444,-46.1110054759791,0.0740914998878988));
#10319=CARTESIAN_POINT('',(-54.9444444444444,-46.1035972454658,3.34621355482871));
#10320=CARTESIAN_POINT('',(-53.2083333333333,-50.5950496725665,0.0624269044124013));
#10321=CARTESIAN_POINT('',(-54.9444444444444,-46.1110054759791,0.0740914998878988));
#10322=CARTESIAN_POINT('',(-53.2083333333333,-50.5876414420532,3.33454895935322));
#10323=CARTESIAN_POINT('Origin',(-53.2083333333333,-41.6269612793917,0.0857560953633962));
#10324=CARTESIAN_POINT('',(-53.2083333333333,-41.6254796332891,0.740180506351566));
#10325=CARTESIAN_POINT('',(-42.033756095358,-12.7636758624507,0.815260334051797));
#10326=CARTESIAN_POINT('',(-53.2083333333333,-41.6269612793917,0.0857560953633962));
#10327=CARTESIAN_POINT('',(-53.2083333333333,-41.6269612793917,0.0857560953633962));
#10328=CARTESIAN_POINT('',(-53.2083333333333,-41.6269612793917,0.0857560953633962));
#10329=CARTESIAN_POINT('Origin',(-53.2083333333333,-41.6269612793917,0.0857560953633962));
#10330=CARTESIAN_POINT('',(-49.7361111111111,-41.6254796332891,0.740180506351566));
#10331=CARTESIAN_POINT('',(-24.2152777777778,-41.625479633289,0.740180506351566));
#10332=CARTESIAN_POINT('',(-49.7361111111111,-41.6269612793917,0.0857560953633962));
#10333=CARTESIAN_POINT('',(-49.7361111111111,-41.6269612793917,0.0857560953633962));
#10334=CARTESIAN_POINT('',(-53.2083333333333,-41.6269612793917,0.0857560953633962));
#10335=CARTESIAN_POINT('Origin',(-48.,-46.1035972454658,3.34621355482871));
#10336=CARTESIAN_POINT('',(-49.7361111111111,-50.5935680264638,0.716851315400572));
#10337=CARTESIAN_POINT('',(-48.,-46.1095238298765,0.728515910876069));
#10338=CARTESIAN_POINT('',(-36.4073327119659,-16.1678731237709,0.806404804928709));
#10339=CARTESIAN_POINT('',(-49.7361111111111,-50.5950496725665,0.0624269044124013));
#10340=CARTESIAN_POINT('',(-49.7361111111111,-50.5876414420532,3.33454895935322));
#10341=CARTESIAN_POINT('',(-48.,-46.1110054759791,0.0740914998878988));
#10342=CARTESIAN_POINT('',(-49.7361111111111,-50.5950496725665,0.0624269044124013));
#10343=CARTESIAN_POINT('',(-48.,-46.1035972454658,3.34621355482871));
#10344=CARTESIAN_POINT('Origin',(-49.7361111111111,-50.5876414420532,3.33454895935322));
#10345=CARTESIAN_POINT('',(-22.4791666666667,-50.5935680264638,0.716851315400572));
#10346=CARTESIAN_POINT('',(-49.7361111111111,-50.5950496725665,0.0624269044124013));
#10347=CARTESIAN_POINT('Origin',(-48.,-46.1035972454658,3.34621355482871));
#10348=CARTESIAN_POINT('',(-52.7124531144628,-33.9381553590686,0.760177973819883));
#10349=CARTESIAN_POINT('',(-49.7361111111111,-41.6269612793917,0.0857560953633962));
#10350=CARTESIAN_POINT('Origin',(-53.2083333333333,-50.5950496725665,0.0624269044124013));
#10351=CARTESIAN_POINT('Origin',(-62.5833333333333,-63.1906019908069,3.30176417174859));
#10352=CARTESIAN_POINT('',(-62.5833333333333,-63.1965285752176,0.68406652779595));
#10353=CARTESIAN_POINT('',(-60.8472222222222,-67.6805747470095,0.672401927182242));
#10354=CARTESIAN_POINT('',(-69.2218477510246,-46.050503202462,0.728669444541956));
#10355=CARTESIAN_POINT('',(-62.5833333333333,-63.1980102213203,0.0296421168077767));
#10356=CARTESIAN_POINT('',(-62.5833333333333,-63.1906019908069,3.30176417174859));
#10357=CARTESIAN_POINT('',(-60.8472222222222,-67.6820563931122,0.017977516194069));
#10358=CARTESIAN_POINT('',(-60.8472222222222,-67.6820563931122,0.017977516194069));
#10359=CARTESIAN_POINT('',(-60.8472222222222,-67.6746481625988,3.29009957113488));
#10360=CARTESIAN_POINT('Origin',(-60.8472222222222,-58.7139660247328,0.0413067122832742));
#10361=CARTESIAN_POINT('',(-60.8472222222222,-58.7124843786302,0.695731123271446));
#10362=CARTESIAN_POINT('',(-46.2981173114622,-21.1349186208247,0.793483751100645));
#10363=CARTESIAN_POINT('',(-60.8472222222222,-58.7139660247328,0.0413067122832742));
#10364=CARTESIAN_POINT('',(-60.8472222222222,-58.7065577942195,3.31342876722409));
#10365=CARTESIAN_POINT('',(-62.5833333333333,-63.1980102213203,0.0296421168077767));
#10366=CARTESIAN_POINT('Origin',(-57.375,-58.7065577942195,3.31342876722409));
#10367=CARTESIAN_POINT('',(-57.375,-58.7124843786302,0.695731123271446));
#10368=CARTESIAN_POINT('',(-26.2986111111111,-58.7124843786302,0.695731123271447));
#10369=CARTESIAN_POINT('',(-57.375,-58.7139660247328,0.0413067122832742));
#10370=CARTESIAN_POINT('',(-57.375,-58.7065577942195,3.31342876722409));
#10371=CARTESIAN_POINT('',(-60.8472222222222,-58.7139660247328,0.0413067122832742));
#10372=CARTESIAN_POINT('Origin',(-55.6388888888889,-63.1906019908069,3.30176417174859));
#10373=CARTESIAN_POINT('',(-57.375,-67.6805747470095,0.672401927182242));
#10374=CARTESIAN_POINT('',(-55.6388888888889,-63.1965285752176,0.68406652779595));
#10375=CARTESIAN_POINT('',(-40.6717005367915,-24.5391159227758,0.784628221871862));
#10376=CARTESIAN_POINT('',(-57.375,-67.6820563931122,0.017977516194069));
#10377=CARTESIAN_POINT('',(-57.375,-67.6746481625988,3.29009957113488));
#10378=CARTESIAN_POINT('',(-55.6388888888889,-63.1980102213203,0.0296421168077767));
#10379=CARTESIAN_POINT('',(-57.375,-67.6820563931122,0.017977516194069));
#10380=CARTESIAN_POINT('',(-55.6388888888889,-63.1906019908069,3.30176417174859));
#10381=CARTESIAN_POINT('Origin',(-57.375,-67.6820563931122,0.017977516194069));
#10382=CARTESIAN_POINT('',(-55.6388888888889,-63.1980102213203,0.0296421168077767));
#10383=CARTESIAN_POINT('',(-60.8472222222222,-67.6820563931122,0.017977516194069));
#10384=CARTESIAN_POINT('Origin',(-57.375,-67.6746481625988,3.29009957113488));
#10385=CARTESIAN_POINT('',(-26.2986111111111,-67.6805747470095,0.672401927182242));
#10386=CARTESIAN_POINT('Origin',(-57.375,-58.7139660247328,0.0413067122832742));
#10387=CARTESIAN_POINT('',(-63.5954245953842,-42.6463129056587,0.737524955547856));
#10388=CARTESIAN_POINT('Origin',(-70.2222222222222,-57.4949337423599,3.3165806327753));
#10389=CARTESIAN_POINT('',(-70.2222222222222,-57.5008603267705,0.698882988822656));
#10390=CARTESIAN_POINT('',(-68.4861111111111,-61.9849045233579,0.687218393347159));
#10391=CARTESIAN_POINT('',(-75.4039541525734,-44.1174340922064,0.733698045556742));
#10392=CARTESIAN_POINT('',(-70.2222222222222,-57.5023419728732,0.0444585778344839));
#10393=CARTESIAN_POINT('',(-70.2222222222222,-57.4949337423599,3.3165806327753));
#10394=CARTESIAN_POINT('',(-68.4861111111111,-61.9863861694606,0.0327939823589865));
#10395=CARTESIAN_POINT('',(-70.2222222222222,-57.5023419728732,0.0444585778344839));
#10396=CARTESIAN_POINT('',(-68.4861111111111,-61.9789779389472,3.3049160372998));
#10397=CARTESIAN_POINT('Origin',(-68.4861111111111,-53.0182977762858,0.0561231733099814));
#10398=CARTESIAN_POINT('',(-68.4861111111111,-53.0168161301831,0.710547584298153));
#10399=CARTESIAN_POINT('',(-54.3979684429523,-16.6298280119958,0.805203095787846));
#10400=CARTESIAN_POINT('',(-68.4861111111111,-53.0182977762858,0.0561231733099814));
#10401=CARTESIAN_POINT('',(-68.4861111111111,-53.0108895457725,3.3282452282508));
#10402=CARTESIAN_POINT('',(-68.4861111111111,-53.0182977762858,0.0561231733099814));
#10403=CARTESIAN_POINT('Origin',(-65.0138888888889,-53.0108895457725,3.3282452282508));
#10404=CARTESIAN_POINT('',(-65.0138888888889,-53.0168161301831,0.710547584298153));
#10405=CARTESIAN_POINT('',(-30.1180555555556,-53.0168161301831,0.710547584298153));
#10406=CARTESIAN_POINT('',(-65.0138888888889,-53.0182977762858,0.0561231733099814));
#10407=CARTESIAN_POINT('',(-65.0138888888889,-53.0108895457725,3.3282452282508));
#10408=CARTESIAN_POINT('',(-68.4861111111111,-53.0182977762858,0.0561231733099814));
#10409=CARTESIAN_POINT('Origin',(-68.4861111111111,-53.0182977762858,0.0561231733099814));
#10410=CARTESIAN_POINT('',(-65.0138888888889,-61.9863861694606,0.0327939823589865));
#10411=CARTESIAN_POINT('',(-68.4861111111111,-61.9863861694606,0.0327939823589865));
#10412=CARTESIAN_POINT('',(-63.2777777777778,-57.5023419728732,0.0444585778344839));
#10413=CARTESIAN_POINT('',(-63.2777777777778,-57.5023419728732,0.0444585778344839));
#10414=CARTESIAN_POINT('',(-65.0138888888889,-61.9863861694606,0.0327939823589865));
#10415=CARTESIAN_POINT('Origin',(-65.0138888888889,-53.0108895457725,3.3282452282508));
#10416=CARTESIAN_POINT('',(-63.2777777777778,-57.5008603267705,0.698882988822656));
#10417=CARTESIAN_POINT('',(-69.7802109329984,-40.7063144784326,0.74257158218323));
#10418=CARTESIAN_POINT('',(-63.2777777777778,-57.4949337423599,3.3165806327753));
#10419=CARTESIAN_POINT('Origin',(-65.0138888888889,-61.9863861694606,0.0327939823589865));
#10420=CARTESIAN_POINT('',(-65.0138888888889,-61.9849045233579,0.687218393347159));
#10421=CARTESIAN_POINT('',(-49.6422807789328,-22.2829697240633,0.79049726142361));
#10422=CARTESIAN_POINT('',(-65.0138888888889,-61.9789779389472,3.3049160372998));
#10423=CARTESIAN_POINT('Origin',(-65.0138888888889,-61.9789779389472,3.3049160372998));
#10424=CARTESIAN_POINT('',(-30.1180555555556,-61.9849045233579,0.687218393347159));
#10425=CARTESIAN_POINT('Origin',(-54.9444444444444,-68.8862702392539,3.28694771072188));
#10426=CARTESIAN_POINT('',(-54.9444444444444,-68.8921968236646,0.669250066769243));
#10427=CARTESIAN_POINT('',(-53.2083333333333,-73.3762429954566,0.657585466155536));
#10428=CARTESIAN_POINT('',(-63.0397408835012,-47.9835794115901,0.723640825060473));
#10429=CARTESIAN_POINT('',(-54.9444444444444,-68.8936784697673,0.0148256557810691));
#10430=CARTESIAN_POINT('',(-54.9444444444444,-68.8862702392539,3.28694771072188));
#10431=CARTESIAN_POINT('',(-53.2083333333333,-73.3777246415592,0.00316105516736132));
#10432=CARTESIAN_POINT('',(-54.9444444444444,-68.8936784697673,0.0148256557810691));
#10433=CARTESIAN_POINT('',(-53.2083333333333,-73.3703164110459,3.27528311010818));
#10434=CARTESIAN_POINT('Origin',(-54.9444444444444,-68.8936784697673,0.0148256557810691));
#10435=CARTESIAN_POINT('',(-53.2083333333333,-64.4081506518727,0.68091466738295));
#10436=CARTESIAN_POINT('',(-39.0663286209522,-27.8820310468713,0.775932109406875));
#10437=CARTESIAN_POINT('',(-53.2083333333333,-64.4096322979753,0.0264902563947773));
#10438=CARTESIAN_POINT('',(-53.2083333333333,-64.402224067462,3.29861231133559));
#10439=CARTESIAN_POINT('',(-54.9444444444444,-68.8936784697673,0.0148256557810691));
#10440=CARTESIAN_POINT('Origin',(-49.7361111111111,-64.4096322979753,0.0264902563947773));
#10441=CARTESIAN_POINT('',(-49.7361111111111,-64.4081506518727,0.68091466738295));
#10442=CARTESIAN_POINT('',(-22.4791666666667,-64.4081506518727,0.68091466738295));
#10443=CARTESIAN_POINT('',(-49.7361111111111,-64.4096322979753,0.0264902563947773));
#10444=CARTESIAN_POINT('',(-49.7361111111111,-64.402224067462,3.29861231133559));
#10445=CARTESIAN_POINT('',(-53.2083333333333,-64.4096322979753,0.0264902563947773));
#10446=CARTESIAN_POINT('Origin',(-53.2083333333333,-73.3777246415592,0.00316105516736132));
#10447=CARTESIAN_POINT('',(-48.,-68.8936784697673,0.0148256557810691));
#10448=CARTESIAN_POINT('',(-48.,-68.8936784697673,0.0148256557810691));
#10449=CARTESIAN_POINT('',(-49.7361111111111,-73.3777246415592,0.00316105516736132));
#10450=CARTESIAN_POINT('',(-49.7361111111111,-73.3777246415592,0.00316105516736132));
#10451=CARTESIAN_POINT('',(-53.2083333333333,-73.3777246415592,0.00316105516736132));
#10452=CARTESIAN_POINT('Origin',(-53.2083333333333,-73.3703164110459,3.27528311010818));
#10453=CARTESIAN_POINT('',(-49.7361111111111,-73.3762429954566,0.657585466155536));
#10454=CARTESIAN_POINT('',(-24.2152777777778,-73.3762429954566,0.657585466155536));
#10455=CARTESIAN_POINT('',(-49.7361111111111,-73.3703164110459,3.27528311010818));
#10456=CARTESIAN_POINT('Origin',(-49.7361111111111,-64.4096322979753,0.0264902563947773));
#10457=CARTESIAN_POINT('',(-48.,-68.8921968236646,0.669250066769243));
#10458=CARTESIAN_POINT('',(-57.4133171541902,-44.5793815441772,0.732496355760224));
#10459=CARTESIAN_POINT('',(-48.,-68.8862702392539,3.28694771072188));
#10460=CARTESIAN_POINT('Origin',(-48.,-68.8862702392539,3.28694771072188));
#10461=CARTESIAN_POINT('',(-32.5718493360856,-29.0442058283882,0.772908879013978));
#10462=CARTESIAN_POINT('Origin',(-57.375,-35.9312930309447,0.100572556390103));
#10463=CARTESIAN_POINT('',(-55.6388888888889,-40.4138555814294,0.743332371902776));
#10464=CARTESIAN_POINT('',(-57.375,-35.929811384842,0.754996967378272));
#10465=CARTESIAN_POINT('',(-59.7599346799984,-29.7699795384559,0.771020883186208));
#10466=CARTESIAN_POINT('',(-55.6388888888889,-40.4153372275321,0.088907960914606));
#10467=CARTESIAN_POINT('',(-55.6388888888889,-40.4153372275321,0.088907960914606));
#10468=CARTESIAN_POINT('',(-57.375,-35.9312930309447,0.100572556390103));
#10469=CARTESIAN_POINT('',(-55.6388888888889,-40.4153372275321,0.088907960914606));
#10470=CARTESIAN_POINT('',(-57.375,-35.9238848004313,3.37269461133092));
#10471=CARTESIAN_POINT('Origin',(-55.6388888888889,-40.4079289970187,3.36103001585542));
#10472=CARTESIAN_POINT('',(-57.375,-44.8978997780168,0.731667776427279));
#10473=CARTESIAN_POINT('',(-44.507183843456,-11.6627825149421,0.818124149615909));
#10474=CARTESIAN_POINT('',(-57.375,-44.8993814241195,0.0772433654391085));
#10475=CARTESIAN_POINT('',(-57.375,-44.8919731936061,3.34936542037992));
#10476=CARTESIAN_POINT('',(-55.6388888888889,-40.4153372275321,0.088907960914606));
#10477=CARTESIAN_POINT('Origin',(-57.375,-44.8919731936061,3.34936542037992));
#10478=CARTESIAN_POINT('',(-60.8472222222222,-44.8978997780168,0.731667776427279));
#10479=CARTESIAN_POINT('',(-26.2986111111111,-44.8978997780168,0.731667776427279));
#10480=CARTESIAN_POINT('',(-60.8472222222222,-44.8993814241195,0.0772433654391085));
#10481=CARTESIAN_POINT('',(-60.8472222222222,-44.8919731936061,3.34936542037992));
#10482=CARTESIAN_POINT('',(-57.375,-44.8993814241195,0.0772433654391085));
#10483=CARTESIAN_POINT('Origin',(-57.375,-35.9312930309447,0.100572556390103));
#10484=CARTESIAN_POINT('',(-60.8472222222222,-35.929811384842,0.754996967378272));
#10485=CARTESIAN_POINT('',(-26.2986111111111,-35.929811384842,0.754996967378273));
#10486=CARTESIAN_POINT('',(-60.8472222222222,-35.9312930309447,0.100572556390103));
#10487=CARTESIAN_POINT('',(-60.8472222222222,-35.9312930309447,0.100572556390103));
#10488=CARTESIAN_POINT('',(-60.8472222222222,-35.9238848004313,3.37269461133092));
#10489=CARTESIAN_POINT('Origin',(-60.8472222222222,-35.9312930309447,0.100572556390103));
#10490=CARTESIAN_POINT('',(-62.5833333333333,-40.4138555814294,0.743332371902776));
#10491=CARTESIAN_POINT('',(-50.133607226848,-8.25858525362183,0.826979678738997));
#10492=CARTESIAN_POINT('',(-62.5833333333333,-40.4153372275321,0.088907960914606));
#10493=CARTESIAN_POINT('',(-62.5833333333333,-40.4153372275321,0.088907960914606));
#10494=CARTESIAN_POINT('',(-62.5833333333333,-40.4079289970187,3.36103001585542));
#10495=CARTESIAN_POINT('Origin',(-60.8472222222222,-35.9312930309447,0.100572556390103));
#10496=CARTESIAN_POINT('',(-62.5833333333333,-40.4153372275321,0.088907960914606));
#10497=CARTESIAN_POINT('Origin',(-62.5833333333333,-40.4079289970187,3.36103001585542));
#10498=CARTESIAN_POINT('',(-65.3863580633905,-33.1741767997761,0.762165354063119));
#10499=CARTESIAN_POINT('Origin',(-49.7361111111111,-30.2356246590474,0.115389017737949));
#10500=CARTESIAN_POINT('',(-48.,-34.7181873329824,0.758148832929483));
#10501=CARTESIAN_POINT('',(-49.7361111111111,-30.2341430129447,0.769813428726118));
#10502=CARTESIAN_POINT('',(-51.6600835863918,-25.2648885715225,0.782740228804966));
#10503=CARTESIAN_POINT('',(-48.,-34.719668979085,0.103724421941314));
#10504=CARTESIAN_POINT('',(-48.,-34.7122607485717,3.37584647688213));
#10505=CARTESIAN_POINT('',(-49.7361111111111,-30.2356246590474,0.115389017737949));
#10506=CARTESIAN_POINT('',(-48.,-34.719668979085,0.103724421941314));
#10507=CARTESIAN_POINT('',(-49.7361111111111,-30.228216428534,3.38751107267876));
#10508=CARTESIAN_POINT('Origin',(-49.7361111111111,-39.1963049451591,3.36418188140663));
#10509=CARTESIAN_POINT('',(-49.7361111111111,-39.2022315295698,0.746484237453985));
#10510=CARTESIAN_POINT('',(-39.1931332252144,-11.9717285384632,0.817320471010136));
#10511=CARTESIAN_POINT('',(-49.7361111111111,-39.2037131756724,0.0920598264658157));
#10512=CARTESIAN_POINT('',(-49.7361111111111,-39.2037131756724,0.0920598264658157));
#10513=CARTESIAN_POINT('',(-49.7361111111111,-39.2037131756724,0.0920598264658157));
#10514=CARTESIAN_POINT('Origin',(-53.2083333333333,-39.1963049451591,3.36418188140663));
#10515=CARTESIAN_POINT('',(-53.2083333333333,-39.2022315295698,0.746484237453985));
#10516=CARTESIAN_POINT('',(-24.2152777777778,-39.2022315295698,0.746484237453986));
#10517=CARTESIAN_POINT('',(-53.2083333333333,-39.2037131756724,0.0920598264658157));
#10518=CARTESIAN_POINT('',(-53.2083333333333,-39.2037131756724,0.0920598264658157));
#10519=CARTESIAN_POINT('',(-53.2083333333333,-39.2037131756724,0.0920598264658157));
#10520=CARTESIAN_POINT('Origin',(-49.7361111111111,-39.2037131756724,0.0920598264658157));
#10521=CARTESIAN_POINT('',(-53.2083333333333,-30.2356246590474,0.115389017737949));
#10522=CARTESIAN_POINT('',(-53.2083333333333,-30.2356246590474,0.115389017737949));
#10523=CARTESIAN_POINT('',(-54.9444444444444,-34.719668979085,0.103724421941314));
#10524=CARTESIAN_POINT('',(-54.9444444444444,-34.719668979085,0.103724421941314));
#10525=CARTESIAN_POINT('',(-53.2083333333333,-30.2356246590474,0.115389017737949));
#10526=CARTESIAN_POINT('Origin',(-53.2083333333333,-30.2356246590474,0.115389017737949));
#10527=CARTESIAN_POINT('',(-53.2083333333333,-30.2341430129447,0.769813428726117));
#10528=CARTESIAN_POINT('',(-54.9444444444444,-34.7181873329824,0.758148832929483));
#10529=CARTESIAN_POINT('',(-43.9515013662943,-6.32550920621826,0.832008297799777));
#10530=CARTESIAN_POINT('',(-53.2083333333333,-30.2356246590474,0.115389017737949));
#10531=CARTESIAN_POINT('',(-54.9444444444444,-34.7122607485717,3.37584647688213));
#10532=CARTESIAN_POINT('Origin',(-49.7361111111111,-30.228216428534,3.38751107267876));
#10533=CARTESIAN_POINT('',(-22.4791666666667,-30.2341430129447,0.769813428726117));
#10534=CARTESIAN_POINT('Origin',(-53.2083333333333,-39.1963049451591,3.36418188140663));
#10535=CARTESIAN_POINT('',(-56.4184513763449,-30.911108289241,0.768052401012572));
#10536=CARTESIAN_POINT('Origin',(-65.0138888888889,-64.402224067462,3.29861231133559));
#10537=CARTESIAN_POINT('',(-65.0138888888889,-64.4081506518727,0.68091466738295));
#10538=CARTESIAN_POINT('',(-68.4861111111111,-64.4081506518727,0.68091466738295));
#10539=CARTESIAN_POINT('',(-30.1180555555556,-64.4081506518727,0.68091466738295));
#10540=CARTESIAN_POINT('',(-65.0138888888889,-64.4096322979753,0.0264902563947773));
#10541=CARTESIAN_POINT('',(-65.0138888888889,-64.402224067462,3.29861231133559));
#10542=CARTESIAN_POINT('',(-68.4861111111111,-64.4096322979753,0.0264902563947773));
#10543=CARTESIAN_POINT('',(-68.4861111111111,-64.4096322979753,0.0264902563947773));
#10544=CARTESIAN_POINT('',(-68.4861111111111,-64.402224067462,3.29861231133559));
#10545=CARTESIAN_POINT('Origin',(-65.0138888888889,-64.402224067462,3.29861231133559));
#10546=CARTESIAN_POINT('',(-63.2777777777778,-68.8921968236646,0.669250066769243));
#10547=CARTESIAN_POINT('',(-71.6979553853637,-47.1444728874128,0.72582363988929));
#10548=CARTESIAN_POINT('',(-63.2777777777778,-68.8936784697673,0.0148256557810691));
#10549=CARTESIAN_POINT('',(-63.2777777777778,-68.8862702392539,3.28694771072188));
#10550=CARTESIAN_POINT('',(-65.0138888888889,-64.4096322979753,0.0264902563947773));
#10551=CARTESIAN_POINT('Origin',(-63.2777777777778,-68.8862702392539,3.28694771072188));
#10552=CARTESIAN_POINT('',(-65.0138888888889,-73.3762429954566,0.657585466155535));
#10553=CARTESIAN_POINT('',(-46.8538074043148,-26.472192131904,0.779599602390379));
#10554=CARTESIAN_POINT('',(-65.0138888888889,-73.3777246415592,0.00316105516736132));
#10555=CARTESIAN_POINT('',(-65.0138888888889,-73.3703164110459,3.27528311010818));
#10556=CARTESIAN_POINT('',(-63.2777777777778,-68.8936784697673,0.0148256557810691));
#10557=CARTESIAN_POINT('Origin',(-65.0138888888889,-73.3703164110459,3.27528311010818));
#10558=CARTESIAN_POINT('',(-68.4861111111111,-73.3762429954566,0.657585466155535));
#10559=CARTESIAN_POINT('',(-30.1180555555556,-73.3762429954566,0.657585466155536));
#10560=CARTESIAN_POINT('',(-68.4861111111111,-73.3777246415592,0.00316105516736132));
#10561=CARTESIAN_POINT('',(-68.4861111111111,-73.3703164110459,3.27528311010818));
#10562=CARTESIAN_POINT('',(-65.0138888888889,-73.3777246415592,0.00316105516736132));
#10563=CARTESIAN_POINT('Origin',(-70.2222222222222,-68.8862702392539,3.28694771072188));
#10564=CARTESIAN_POINT('',(-70.2222222222222,-68.8921968236646,0.669250066769243));
#10565=CARTESIAN_POINT('',(-77.3216989517305,-50.5555931080744,0.716950101684072));
#10566=CARTESIAN_POINT('',(-70.2222222222222,-68.8936784697673,0.0148256557810691));
#10567=CARTESIAN_POINT('',(-70.2222222222222,-68.8862702392539,3.28694771072188));
#10568=CARTESIAN_POINT('',(-70.2222222222222,-68.8936784697673,0.0148256557810691));
#10569=CARTESIAN_POINT('Origin',(-68.4861111111111,-64.4096322979753,0.0264902563947773));
#10570=CARTESIAN_POINT('',(-70.2222222222222,-68.8936784697673,0.0148256557810691));
#10571=CARTESIAN_POINT('Origin',(-68.4861111111111,-64.4096322979753,0.0264902563947773));
#10572=CARTESIAN_POINT('',(-52.4802311336259,-23.0679942644911,0.78845513309013));
#10573=CARTESIAN_POINT('Origin',(-55.6388888888889,-74.581938487701,3.27213124969518));
#10574=CARTESIAN_POINT('',(-55.6388888888889,-74.5878650721117,0.654433605742536));
#10575=CARTESIAN_POINT('',(-57.375,-70.1038189003197,0.666098206356244));
#10576=CARTESIAN_POINT('',(-64.6477929622848,-51.319572182437,0.714962720100954));
#10577=CARTESIAN_POINT('',(-55.6388888888889,-74.5893467182143,9.19475436189643E-6));
#10578=CARTESIAN_POINT('',(-55.6388888888889,-74.581938487701,3.27213124969518));
#10579=CARTESIAN_POINT('',(-57.375,-70.1053005464224,0.0116737953680697));
#10580=CARTESIAN_POINT('',(-57.375,-70.1053005464224,0.0116737953680697));
#10581=CARTESIAN_POINT('',(-57.375,-70.097892315909,3.28379585030889));
#10582=CARTESIAN_POINT('Origin',(-55.6388888888889,-74.5893467182143,9.19475436189643E-6));
#10583=CARTESIAN_POINT('',(-62.5833333333333,-74.5878650721117,0.654433605742536));
#10584=CARTESIAN_POINT('',(-25.4305555555556,-74.5878650721116,0.654433605742537));
#10585=CARTESIAN_POINT('',(-62.5833333333333,-74.5893467182143,9.19475436189643E-6));
#10586=CARTESIAN_POINT('',(-62.5833333333333,-74.581938487701,3.27213124969518));
#10587=CARTESIAN_POINT('',(-55.6388888888889,-74.5893467182143,9.19475436189643E-6));
#10588=CARTESIAN_POINT('Origin',(-57.375,-70.1053005464224,0.0116737953680697));
#10589=CARTESIAN_POINT('',(-60.8472222222222,-70.1053005464224,0.0116737953680697));
#10590=CARTESIAN_POINT('',(-60.8472222222222,-70.1053005464224,0.0116737953680697));
#10591=CARTESIAN_POINT('',(-57.375,-70.1053005464224,0.0116737953680697));
#10592=CARTESIAN_POINT('Origin',(-60.8472222222222,-70.1053005464224,0.0116737953680697));
#10593=CARTESIAN_POINT('',(-60.8472222222222,-70.1038189003197,0.666098206356244));
#10594=CARTESIAN_POINT('',(-44.38037993292,-27.5730841701035,0.776735790232246));
#10595=CARTESIAN_POINT('',(-60.8472222222222,-70.097892315909,3.28379585030889));
#10596=CARTESIAN_POINT('Origin',(-57.375,-70.097892315909,3.28379585030889));
#10597=CARTESIAN_POINT('',(-26.2986111111111,-70.1038189003197,0.666098206356244));
#10598=CARTESIAN_POINT('Origin',(-55.6388888888889,-29.024000730638,0.118540882968021));
#10599=CARTESIAN_POINT('',(-55.6388888888889,-29.0225190845353,0.772965293956189));
#10600=CARTESIAN_POINT('',(-62.5833333333333,-29.0225190845353,0.772965293956189));
#10601=CARTESIAN_POINT('',(-25.4305555555556,-29.0225190845353,0.772965293956189));
#10602=CARTESIAN_POINT('',(-55.6388888888889,-29.024000730638,0.118540882968021));
#10603=CARTESIAN_POINT('',(-55.6388888888889,-29.0165925001246,3.39066293790884));
#10604=CARTESIAN_POINT('',(-62.5833333333333,-29.024000730638,0.118540882968021));
#10605=CARTESIAN_POINT('',(-62.5833333333333,-29.024000730638,0.118540882968021));
#10606=CARTESIAN_POINT('',(-62.5833333333333,-29.024000730638,0.118540882968021));
#10607=CARTESIAN_POINT('Origin',(-55.6388888888889,-29.0165925001246,3.39066293790884));
#10608=CARTESIAN_POINT('',(-57.375,-33.5065632811227,0.761300698480692));
#10609=CARTESIAN_POINT('',(-46.4249288011489,-5.22461583134064,0.834872113435085));
#10610=CARTESIAN_POINT('',(-57.375,-33.5080449272254,0.106876287492523));
#10611=CARTESIAN_POINT('',(-57.375,-33.500636696712,3.37899834243334));
#10612=CARTESIAN_POINT('',(-55.6388888888889,-29.024000730638,0.118540882968021));
#10613=CARTESIAN_POINT('Origin',(-60.8472222222222,-33.5080449272254,0.106876287492523));
#10614=CARTESIAN_POINT('',(-60.8472222222222,-33.5080449272254,0.106876287492523));
#10615=CARTESIAN_POINT('',(-57.375,-33.5080449272254,0.106876287492523));
#10616=CARTESIAN_POINT('',(-62.5833333333333,-29.024000730638,0.118540882968021));
#10617=CARTESIAN_POINT('Origin',(-60.8472222222222,-33.5080449272254,0.106876287492523));
#10618=CARTESIAN_POINT('',(-60.8472222222222,-33.5065632811227,0.761300698480692));
#10619=CARTESIAN_POINT('',(-28.0347222222222,-33.5065632811227,0.761300698480692));
#10620=CARTESIAN_POINT('',(-60.8472222222222,-33.500636696712,3.37899834243334));
#10621=CARTESIAN_POINT('Origin',(-62.5833333333333,-29.0165925001246,3.39066293790884));
#10622=CARTESIAN_POINT('',(-63.4686131056976,-26.7360101161747,0.778913317882296));
#10623=CARTESIAN_POINT('Origin',(-57.375,-47.3152212973254,3.3430616892775));
#10624=CARTESIAN_POINT('',(-57.375,-47.3211478817361,0.72536404532486));
#10625=CARTESIAN_POINT('',(-60.8472222222222,-47.3211478817361,0.725364045324859));
#10626=CARTESIAN_POINT('',(-26.2986111111111,-47.3211478817361,0.72536404532486));
#10627=CARTESIAN_POINT('',(-57.375,-47.3226295278388,0.070939634336689));
#10628=CARTESIAN_POINT('',(-57.375,-47.3152212973254,3.3430616892775));
#10629=CARTESIAN_POINT('',(-60.8472222222222,-47.3226295278388,0.070939634336689));
#10630=CARTESIAN_POINT('',(-57.375,-47.3226295278388,0.070939634336689));
#10631=CARTESIAN_POINT('',(-60.8472222222222,-47.3152212973254,3.3430616892775));
#10632=CARTESIAN_POINT('Origin',(-55.6388888888889,-51.7992654939128,3.33139709380201));
#10633=CARTESIAN_POINT('',(-55.6388888888889,-51.8051920783235,0.713699449849362));
#10634=CARTESIAN_POINT('',(-60.8123042459528,-38.4432459678974,0.748458629132682));
#10635=CARTESIAN_POINT('',(-55.6388888888889,-51.8066737244262,0.0592750388611911));
#10636=CARTESIAN_POINT('',(-55.6388888888889,-51.7992654939128,3.33139709380201));
#10637=CARTESIAN_POINT('',(-57.375,-47.3226295278388,0.070939634336689));
#10638=CARTESIAN_POINT('Origin',(-57.375,-56.2833096905002,3.31973249832651));
#10639=CARTESIAN_POINT('',(-57.375,-56.2892362749109,0.702034854373866));
#10640=CARTESIAN_POINT('',(-43.4574944413186,-20.3429712968372,0.795543888058985));
#10641=CARTESIAN_POINT('',(-57.375,-56.2907179210136,0.0476104433856937));
#10642=CARTESIAN_POINT('',(-57.375,-56.2833096905002,3.31973249832651));
#10643=CARTESIAN_POINT('',(-57.375,-56.2907179210136,0.0476104433856937));
#10644=CARTESIAN_POINT('Origin',(-57.375,-56.2833096905002,3.31973249832651));
#10645=CARTESIAN_POINT('',(-60.8472222222222,-56.2892362749109,0.702034854373866));
#10646=CARTESIAN_POINT('',(-26.2986111111111,-56.2892362749109,0.702034854373866));
#10647=CARTESIAN_POINT('',(-60.8472222222222,-56.2907179210136,0.0476104433856937));
#10648=CARTESIAN_POINT('',(-60.8472222222222,-56.2833096905002,3.31973249832651));
#10649=CARTESIAN_POINT('',(-60.8472222222222,-56.2907179210136,0.0476104433856937));
#10650=CARTESIAN_POINT('Origin',(-60.8472222222222,-47.3226295278388,0.070939634336689));
#10651=CARTESIAN_POINT('',(-62.5833333333333,-51.8066737244262,0.0592750388611911));
#10652=CARTESIAN_POINT('',(-62.5833333333333,-51.8066737244262,0.0592750388611911));
#10653=CARTESIAN_POINT('',(-60.8472222222222,-47.3226295278388,0.070939634336689));
#10654=CARTESIAN_POINT('Origin',(-62.5833333333333,-51.7992654939128,3.33139709380201));
#10655=CARTESIAN_POINT('',(-62.5833333333333,-51.8051920783235,0.713699449849362));
#10656=CARTESIAN_POINT('',(-67.3041030210834,-39.6123434833775,0.745417390243943));
#10657=CARTESIAN_POINT('',(-62.5833333333333,-51.7992654939128,3.33139709380201));
#10658=CARTESIAN_POINT('Origin',(-60.8472222222222,-47.3226295278388,0.070939634336689));
#10659=CARTESIAN_POINT('',(-48.2158622691551,-14.6967519372232,0.810231714919821));
#10660=CARTESIAN_POINT('Origin',(-48.,-57.4949337423599,3.3165806327753));
#10661=CARTESIAN_POINT('',(-49.7361111111111,-61.9849045233579,0.687218393347159));
#10662=CARTESIAN_POINT('',(-48.,-57.5008603267705,0.698882988822657));
#10663=CARTESIAN_POINT('',(-34.489587754273,-22.6060398073723,0.789656841109533));
#10664=CARTESIAN_POINT('',(-49.7361111111111,-61.9863861694606,0.0327939823589865));
#10665=CARTESIAN_POINT('',(-49.7361111111111,-61.9789779389472,3.3049160372998));
#10666=CARTESIAN_POINT('',(-48.,-57.5023419728732,0.0444585778344839));
#10667=CARTESIAN_POINT('',(-49.7361111111111,-61.9863861694606,0.0327939823589865));
#10668=CARTESIAN_POINT('',(-48.,-57.4949337423599,3.3165806327753));
#10669=CARTESIAN_POINT('Origin',(-53.2083333333333,-61.9863861694606,0.0327939823589865));
#10670=CARTESIAN_POINT('',(-53.2083333333333,-61.9849045233579,0.687218393347159));
#10671=CARTESIAN_POINT('',(-24.2152777777778,-61.9849045233579,0.687218393347159));
#10672=CARTESIAN_POINT('',(-53.2083333333333,-61.9863861694606,0.0327939823589865));
#10673=CARTESIAN_POINT('',(-53.2083333333333,-61.9789779389472,3.3049160372998));
#10674=CARTESIAN_POINT('',(-53.2083333333333,-61.9863861694606,0.0327939823589865));
#10675=CARTESIAN_POINT('Origin',(-54.9444444444444,-57.4949337423599,3.3165806327753));
#10676=CARTESIAN_POINT('',(-54.9444444444444,-57.5008603267705,0.698882988822656));
#10677=CARTESIAN_POINT('',(-61.1219968472862,-41.5454195581501,0.740388771111968));
#10678=CARTESIAN_POINT('',(-54.9444444444444,-57.5023419728732,0.0444585778344839));
#10679=CARTESIAN_POINT('',(-54.9444444444444,-57.4949337423599,3.3165806327753));
#10680=CARTESIAN_POINT('',(-54.9444444444444,-57.5023419728732,0.0444585778344839));
#10681=CARTESIAN_POINT('Origin',(-53.2083333333333,-53.0182977762858,0.0561231733099814));
#10682=CARTESIAN_POINT('',(-53.2083333333333,-53.0182977762858,0.0561231733099814));
#10683=CARTESIAN_POINT('',(-53.2083333333333,-53.0182977762858,0.0561231733099814));
#10684=CARTESIAN_POINT('',(-49.7361111111111,-53.0182977762858,0.0561231733099814));
#10685=CARTESIAN_POINT('',(-49.7361111111111,-53.0182977762858,0.0561231733099814));
#10686=CARTESIAN_POINT('',(-49.7361111111111,-53.0182977762858,0.0561231733099814));
#10687=CARTESIAN_POINT('Origin',(-53.2083333333333,-53.0182977762858,0.0561231733099814));
#10688=CARTESIAN_POINT('',(-53.2083333333333,-53.0168161301831,0.710547584298153));
#10689=CARTESIAN_POINT('',(-40.1160111376651,-19.2018425460521,0.798512370232621));
#10690=CARTESIAN_POINT('',(-53.2083333333333,-53.0108895457725,3.3282452282508));
#10691=CARTESIAN_POINT('Origin',(-49.7361111111111,-53.0182977762858,0.0561231733099814));
#10692=CARTESIAN_POINT('',(-49.7361111111111,-53.0168161301831,0.710547584298153));
#10693=CARTESIAN_POINT('',(-55.4955734638942,-38.1412222968299,0.749244300235056));
#10694=CARTESIAN_POINT('',(-49.7361111111111,-53.0108895457725,3.3282452282508));
#10695=CARTESIAN_POINT('Origin',(-53.2083333333333,-53.0108895457725,3.3282452282508));
#10696=CARTESIAN_POINT('',(-24.2152777777778,-53.0168161301831,0.710547584298153));
#10697=CARTESIAN_POINT('Origin',(-65.0138888888889,-39.1963049451591,3.36418188140663));
#10698=CARTESIAN_POINT('',(-68.4861111111111,-39.2022315295698,0.746484237453985));
#10699=CARTESIAN_POINT('',(-65.0138888888889,-39.2022315295698,0.746484237453985));
#10700=CARTESIAN_POINT('',(-30.1180555555556,-39.2022315295698,0.746484237453985));
#10701=CARTESIAN_POINT('',(-68.4861111111111,-39.2037131756724,0.0920598264658157));
#10702=CARTESIAN_POINT('',(-68.4861111111111,-39.1963049451591,3.36418188140663));
#10703=CARTESIAN_POINT('',(-65.0138888888889,-39.2037131756724,0.0920598264658157));
#10704=CARTESIAN_POINT('',(-65.0138888888889,-39.2037131756724,0.0920598264658157));
#10705=CARTESIAN_POINT('',(-65.0138888888889,-39.1963049451591,3.36418188140663));
#10706=CARTESIAN_POINT('Origin',(-70.2222222222222,-34.7122607485717,3.37584647688213));
#10707=CARTESIAN_POINT('',(-70.2222222222222,-34.7181873329824,0.758148832929482));
#10708=CARTESIAN_POINT('',(-71.5684642371876,-31.2411007250035,0.767193973195095));
#10709=CARTESIAN_POINT('',(-70.2222222222222,-34.719668979085,0.103724421941314));
#10710=CARTESIAN_POINT('',(-70.2222222222222,-34.7122607485717,3.37584647688213));
#10711=CARTESIAN_POINT('',(-68.4861111111111,-39.2037131756724,0.0920598264658157));
#10712=CARTESIAN_POINT('Origin',(-68.4861111111111,-30.2356246590474,0.115389017737949));
#10713=CARTESIAN_POINT('',(-68.4861111111111,-30.2341430129447,0.769813428726117));
#10714=CARTESIAN_POINT('',(-58.2334587192654,-3.75349472451027,0.838699023218825));
#10715=CARTESIAN_POINT('',(-68.4861111111111,-30.2356246590474,0.115389017737949));
#10716=CARTESIAN_POINT('',(-68.4861111111111,-30.228216428534,3.38751107267876));
#10717=CARTESIAN_POINT('',(-70.2222222222222,-34.719668979085,0.103724421941314));
#10718=CARTESIAN_POINT('Origin',(-65.0138888888889,-39.2037131756724,0.0920598264658157));
#10719=CARTESIAN_POINT('',(-65.0138888888889,-30.2356246590474,0.115389017737949));
#10720=CARTESIAN_POINT('',(-65.0138888888889,-30.2356246590474,0.115389017737949));
#10721=CARTESIAN_POINT('',(-63.2777777777778,-34.719668979085,0.103724421941314));
#10722=CARTESIAN_POINT('',(-63.2777777777778,-34.719668979085,0.103724421941314));
#10723=CARTESIAN_POINT('',(-63.2777777777778,-34.719668979085,0.103724421941314));
#10724=CARTESIAN_POINT('Origin',(-63.2777777777778,-34.7122607485717,3.37584647688213));
#10725=CARTESIAN_POINT('',(-63.2777777777778,-34.7181873329824,0.758148832929482));
#10726=CARTESIAN_POINT('',(-65.0138888888889,-30.2341430129447,0.769813428726117));
#10727=CARTESIAN_POINT('',(-65.0766655475698,-30.072002860746,0.770235212991128));
#10728=CARTESIAN_POINT('',(-63.2777777777778,-34.7122607485717,3.37584647688213));
#10729=CARTESIAN_POINT('',(-65.0138888888889,-30.228216428534,3.38751107267876));
#10730=CARTESIAN_POINT('Origin',(-63.2777777777778,-34.7122607485717,3.37584647688213));
#10731=CARTESIAN_POINT('',(-52.607034974946,-7.15769190611322,0.82984349430311));
#10732=CARTESIAN_POINT('Origin',(-65.0138888888889,-30.228216428534,3.38751107267876));
#10733=CARTESIAN_POINT('',(-30.1180555555556,-30.2341430129447,0.769813428726117));
#10734=CARTESIAN_POINT('Origin',(-92.4444444444444,2.35551389551691,23.7593102141888));
#10735=CARTESIAN_POINT('',(-92.4444444444444,101.977850629747,1.11374389757044));
#10736=CARTESIAN_POINT('',(-92.4444444444444,102.02970824334,24.0185982821561));
#10737=CARTESIAN_POINT('',(-92.4444444444444,2.30365628192342,0.854455829603074));
#10738=CARTESIAN_POINT('Origin',(4.77777777777778,2.30365628192341,0.854455829603076));
#10739=CARTESIAN_POINT('',(4.77777777777779,101.977850629747,1.11374389757044));
#10740=CARTESIAN_POINT('Origin',(4.77777777777778,102.02970824334,24.0185982821561));
#10741=UNCERTAINTY_MEASURE_WITH_UNIT(LENGTH_MEASURE(0.01),#10745,
'DISTANCE_ACCURACY_VALUE',
'Maximum model space distance between geometric entities at asserted c
onnectivities');
#10742=UNCERTAINTY_MEASURE_WITH_UNIT(LENGTH_MEASURE(0.01),#10745,
'DISTANCE_ACCURACY_VALUE',
'Maximum model space distance between geometric entities at asserted c
onnectivities');
#10743=(
GEOMETRIC_REPRESENTATION_CONTEXT(3)
GLOBAL_UNCERTAINTY_ASSIGNED_CONTEXT((#10741))
GLOBAL_UNIT_ASSIGNED_CONTEXT((#10745,#10747,#10748))
REPRESENTATION_CONTEXT('','3D')
);
#10744=(
GEOMETRIC_REPRESENTATION_CONTEXT(3)
GLOBAL_UNCERTAINTY_ASSIGNED_CONTEXT((#10742))
GLOBAL_UNIT_ASSIGNED_CONTEXT((#10745,#10747,#10748))
REPRESENTATION_CONTEXT('','3D')
);
#10745=(
LENGTH_UNIT()
NAMED_UNIT(*)
SI_UNIT(.MILLI.,.METRE.)
);
#10746=(
LENGTH_UNIT()
NAMED_UNIT(*)
SI_UNIT($,.METRE.)
);
#10747=(
NAMED_UNIT(*)
PLANE_ANGLE_UNIT()
SI_UNIT($,.RADIAN.)
);
#10748=(
NAMED_UNIT(*)
SI_UNIT($,.STERADIAN.)
SOLID_ANGLE_UNIT()
);
#10749=SHAPE_DEFINITION_REPRESENTATION(#10750,#10751);
#10750=PRODUCT_DEFINITION_SHAPE('',$,#10753);
#10751=SHAPE_REPRESENTATION('',(#6805),#10743);
#10752=PRODUCT_DEFINITION_CONTEXT('part definition',#10757,'design');
#10753=PRODUCT_DEFINITION('FusionComponent','FusionComponent',#10754,#10752);
#10754=PRODUCT_DEFINITION_FORMATION('',$,#10759);
#10755=PRODUCT_RELATED_PRODUCT_CATEGORY('FusionComponent',
'FusionComponent',(#10759));
#10756=APPLICATION_PROTOCOL_DEFINITION('international standard',
'automotive_design',2009,#10757);
#10757=APPLICATION_CONTEXT(
'Core Data for Automotive Mechanical Design Process');
#10758=PRODUCT_CONTEXT('part definition',#10757,'mechanical');
#10759=PRODUCT('FusionComponent','FusionComponent',$,(#10758));
#10760=PRESENTATION_STYLE_ASSIGNMENT((#10762));
#10761=PRESENTATION_STYLE_ASSIGNMENT((#10763));
#10762=SURFACE_STYLE_USAGE(.BOTH.,#10764);
#10763=SURFACE_STYLE_USAGE(.BOTH.,#10765);
#10764=SURFACE_SIDE_STYLE('',(#10766));
#10765=SURFACE_SIDE_STYLE('',(#10767));
#10766=SURFACE_STYLE_FILL_AREA(#10768);
#10767=SURFACE_STYLE_FILL_AREA(#10769);
#10768=FILL_AREA_STYLE('Steel - Satin',(#10770));
#10769=FILL_AREA_STYLE('Opaque(43,46,49)',(#10771));
#10770=FILL_AREA_STYLE_COLOUR('Steel - Satin',#10772);
#10771=FILL_AREA_STYLE_COLOUR('Opaque(43,46,49)',#10773);
#10772=COLOUR_RGB('Steel - Satin',0.627450980392157,0.627450980392157,0.627450980392157);
#10773=COLOUR_RGB('Opaque(43,46,49)',0.168627450980392,0.180392156862745,
0.192156862745098);
ENDSEC;
END-ISO-10303-21;
